time_s,ego_speed_mps,ego_x,ego_y,ego_yaw,throttle,brake,steer,action,decision_reason
0.0017199516296386719,0.0,225.72586059570312,-364.1121826171875,-0.2099609524011612,0.5,0.0,-0.0027096783742308617,DRIVING,Path clear
0.01301431655883789,0.0025508618503261044,225.72586059570312,-364.1121826171875,-0.2099609524011612,0.5,0.0,-0.0027184931095689535,DRIVING,Path clear
0.15003156661987305,0.00032199342473715356,225.7258758544922,-364.1121826171875,-0.2099609524011612,0.5,0.0,-0.0027093649841845036,DRIVING,Path clear
0.18524765968322754,0.00591819201331858,225.72763061523438,-364.1121826171875,-0.2100525051355362,0.5,0.0,-0.0027123061008751392,DRIVING,Path clear
0.23920965194702148,0.16241900746100543,225.73292541503906,-364.1121826171875,-0.2085265964269638,0.5,0.0,-0.002773751737549901,DRIVING,Path clear
0.2973659038543701,0.2660323249055016,225.7445831298828,-364.1121826171875,-0.211639404296875,0.5,0.0,-0.002695750677958131,DRIVING,Path clear
0.3494729995727539,0.37963000914690476,225.7608184814453,-364.1123352050781,-0.19769287109375,0.5,0.0,-0.003133557504042983,DRIVING,Path clear
0.4046909809112549,0.49198075344591596,225.7842559814453,-364.11248779296875,-0.201507568359375,0.5,0.0,-0.0030024375300854445,DRIVING,Path clear
0.474651575088501,0.6352763755141565,225.814453125,-364.11285400390625,-0.17877197265625,0.5,0.0,-0.0036868732422590256,DRIVING,Path clear
0.5183217525482178,0.8003318735274729,225.8518524169922,-364.1130065917969,-0.1819763034582138,0.5,0.0,-0.003594042267650366,DRIVING,Path clear
0.5647270679473877,0.9551251638605471,225.89703369140625,-364.1131286621094,-0.2004699558019638,0.5,0.0,-0.0030204327777028084,DRIVING,Path clear
0.6138961315155029,1.0821003498786672,225.9496307373047,-364.1134338378906,-0.21432490646839142,0.5,0.0,-0.0025528157129883766,DRIVING,Path clear
0.6649370193481445,1.2806916454894435,226.00933837890625,-364.11376953125,-0.2237853854894638,0.5,0.0,-0.002222302835434675,DRIVING,Path clear
0.7159628868103027,1.394997970653643,226.07672119140625,-364.1140441894531,-0.2439880073070526,0.5,0.0,-0.0015835262602195144,DRIVING,Path clear
0.7669250965118408,1.591895906256818,226.15182495117188,-364.1142883300781,-0.2676086127758026,0.5,0.0,-0.000840797321870923,DRIVING,Path clear
0.8185164928436279,1.7064507975594418,226.23483276367188,-364.1146545410156,-0.2731322944164276,0.5,0.0,-0.0006798518006689847,DRIVING,Path clear
0.8673250675201416,1.9198096123729689,226.32662963867188,-364.1151123046875,-0.27484130859375,0.5,0.0,-0.0006237581255845726,DRIVING,Path clear
0.9167311191558838,2.028702657256183,226.42587280273438,-364.1156921386719,-0.2762756049633026,0.5,0.0,-0.000555870879907161,DRIVING,Path clear
0.9657089710235596,2.227976802310888,226.53335571289062,-364.11627197265625,-0.277679443359375,0.5,0.0,-0.0005026691360399127,DRIVING,Path clear
1.0133612155914307,2.3364151548980177,226.64796447753906,-364.1168518066406,-0.2790221869945526,0.5,0.0,-0.0004572032776195556,DRIVING,Path clear
1.0659818649291992,2.5230358954194485,226.77044677734375,-364.1174011230469,-0.2803038954734802,0.5,0.0,-0.0004449571424629539,DRIVING,Path clear
1.1155486106872559,2.628940183483318,226.89968872070312,-364.1180419921875,-0.2824096381664276,0.5,0.0,-0.00038467743434011936,DRIVING,Path clear
1.1633851528167725,2.7504604066952063,227.03469848632812,-364.1188049316406,-0.2837524116039276,0.5,0.0,-0.0003202841035090387,DRIVING,Path clear
1.2106525897979736,2.8709267312125806,227.17581176757812,-364.1195983886719,-0.2848204970359802,0.5,0.0,-0.00026616977993398905,DRIVING,Path clear
1.2581777572631836,3.006807343889823,227.32337951660156,-364.1203308105469,-0.2857665717601776,0.5,0.0,-0.00024006105377338827,DRIVING,Path clear
1.3089582920074463,3.135146552758786,227.47756958007812,-364.1211242675781,-0.2866210639476776,0.5,0.0,-0.00021372504124883562,DRIVING,Path clear
1.357428789138794,3.2737501391124173,227.63848876953125,-364.1219177246094,-0.28744497895240784,0.5,0.0,-0.0001980708766495809,DRIVING,Path clear
1.407926321029663,3.4031411451469893,227.8060760498047,-364.1226806640625,-0.2881774306297302,0.5,0.0,-0.00020021293312311172,DRIVING,Path clear
1.4581129550933838,3.5402317346965266,227.9803466796875,-364.1236572265625,-0.2889708876609802,0.5,0.0,-0.00015258797793649137,DRIVING,Path clear
1.5069646835327148,3.6684916683911766,228.1612091064453,-364.1246337890625,-0.28964224457740784,0.5,0.0,-0.0001238755212398246,DRIVING,Path clear
1.5529258251190186,3.8030345602153126,228.34866333007812,-364.1256103515625,-0.2901915907859802,0.5,0.0,-0.00010320576257072389,DRIVING,Path clear
1.606914758682251,3.9289192066539247,228.54261779785156,-364.1265869140625,-0.2906798720359802,0.5,0.0,-9.052840323420241e-05,DRIVING,Path clear
1.6615948677062988,4.0574795087719675,228.742919921875,-364.1275634765625,-0.29110708832740784,0.5,0.0,-9.415461681783199e-05,DRIVING,Path clear
1.709268569946289,4.178675139152162,228.94943237304688,-364.1285705566406,-0.2915343940258026,0.5,0.0,-9.441841393709183e-05,DRIVING,Path clear
1.7600669860839844,4.301413382293555,229.16204833984375,-364.1297607421875,-0.2919616103172302,0.5,0.0,-5.375546243158169e-05,DRIVING,Path clear
1.8125486373901367,4.419145737576898,229.3806610107422,-364.1308898925781,-0.2922973036766052,0.5,0.0,-4.347849608166143e-05,DRIVING,Path clear
1.8666660785675049,4.535235555146392,229.60508728027344,-364.1320495605469,-0.2925414443016052,0.5,0.0,-3.7318994145607576e-05,DRIVING,Path clear
1.9158554077148438,4.648857304251208,229.83526611328125,-364.13323974609375,-0.2927550673484802,0.5,0.0,-2.6007730411947705e-05,DRIVING,Path clear
1.9722881317138672,4.760665563414248,230.07107543945312,-364.1343994140625,-0.29290762543678284,0.5,0.0,-3.335571091156453e-05,DRIVING,Path clear
2.0286340713500977,4.87084989080334,230.3124237060547,-364.1355895996094,-0.2930602431297302,0.5,0.0,-4.1558749217074364e-05,DRIVING,Path clear
2.0789377689361572,4.979547972061572,230.55918884277344,-364.1368408203125,-0.29327383637428284,0.5,0.0,-4.089428693987429e-05,DRIVING,Path clear
2.1337828636169434,5.086532225929645,230.81138610839844,-364.13818359375,-0.2935180366039276,0.5,0.0,-2.5147215637844056e-05,DRIVING,Path clear
2.182886838912964,5.100648227202826,231.0676727294922,-364.1395568847656,-0.29376220703125,0.5,0.0,-5.638410698338703e-07,DRIVING,Path clear
2.2362825870513916,5.074599878055318,231.32174682617188,-364.14093017578125,-0.2938232719898224,0.5,0.0,1.5112105756998062e-05,DRIVING,Path clear
2.287926197052002,5.0278804736196525,231.57391357421875,-364.1423034667969,-0.293792724609375,0.5,0.0,2.9814564186381176e-05,DRIVING,Path clear
2.336231231689453,5.051881161467293,231.825927734375,-364.1436767578125,-0.293670654296875,0.5,0.0,4.8467623855685815e-05,DRIVING,Path clear
2.390258550643921,5.048822390904231,232.07835388183594,-364.14501953125,-0.2934875190258026,0.5,0.0,4.7965826524887234e-05,DRIVING,Path clear
2.4434590339660645,5.107726614212805,232.33248901367188,-364.1463928222656,-0.2932738959789276,0.5,0.0,5.527034591068514e-05,DRIVING,Path clear
2.4939370155334473,5.132822213730759,232.58859252929688,-364.14776611328125,-0.2929992377758026,0.5,0.0,6.181565549923107e-05,DRIVING,Path clear
2.5490400791168213,5.21265266017419,232.84759521484375,-364.1491394042969,-0.292694091796875,0.5,0.0,6.393934017978609e-05,DRIVING,Path clear
2.6047301292419434,5.253838882307355,233.10948181152344,-364.1505126953125,-0.2923583984375,0.5,0.0,5.5919605074450374e-05,DRIVING,Path clear
2.663874387741089,5.3448800466676945,233.37489318847656,-364.15191650390625,-0.292022705078125,0.5,0.0,4.892774813924916e-05,DRIVING,Path clear
2.7219433784484863,5.394536093416226,233.6436309814453,-364.15325927734375,-0.2917175590991974,0.5,0.0,3.228198693250306e-05,DRIVING,Path clear
2.7891600131988525,5.490991988326128,233.91622924804688,-364.1546325683594,-0.291473388671875,0.5,0.0,1.6956002582446672e-05,DRIVING,Path clear
2.830545663833618,5.544766696369075,234.19239807128906,-364.156005859375,-0.2913207709789276,0.5,0.0,-6.600270808121422e-06,DRIVING,Path clear
2.880992889404297,5.643412480712011,234.47259521484375,-364.1573791503906,-0.2912597358226776,0.5,0.0,-2.155329093511682e-05,DRIVING,Path clear
2.9290504455566406,5.698948768426478,234.7564239501953,-364.15875244140625,-0.29132080078125,0.5,0.0,-4.387670196592808e-05,DRIVING,Path clear
2.9772889614105225,5.798044845977276,235.04437255859375,-364.16021728515625,-0.29150390625,0.5,0.0,-4.2868367017945275e-05,DRIVING,Path clear
3.0267863273620605,5.854089869040397,235.33590698242188,-364.1617736816406,-0.2917480170726776,0.5,0.0,-2.2601589080295525e-05,DRIVING,Path clear
3.073840856552124,5.952717746958317,235.631591796875,-364.1633605957031,-0.291961669921875,0.5,0.0,5.452224058899446e-07,DRIVING,Path clear
3.120738983154297,6.008606435993283,235.930908203125,-364.1649169921875,-0.2920532524585724,0.5,0.0,8.321922905452084e-06,DRIVING,Path clear
3.171933650970459,6.106293358464285,236.23426818847656,-364.1664733886719,-0.2920837104320526,0.5,0.0,3.3430194434913574e-06,DRIVING,Path clear
3.2232842445373535,6.161671543508504,236.54124450683594,-364.16802978515625,-0.2920837104320526,0.5,0.0,6.834343366790563e-07,DRIVING,Path clear
3.270893096923828,6.25817130167677,236.8522186279297,-364.1695861816406,-0.2920532524585724,0.5,0.0,-1.3914712326368317e-05,DRIVING,Path clear
3.3248939514160156,6.31285728980648,237.16677856445312,-364.1711730957031,-0.2921142280101776,0.5,0.0,-2.183114702347666e-05,DRIVING,Path clear
3.37184739112854,6.408046867588008,237.4852752685547,-364.1726989746094,-0.292205810546875,0.5,0.0,-4.67568970634602e-05,DRIVING,Path clear
3.419542074203491,6.461937701442814,237.80726623535156,-364.17425537109375,-0.2924194037914276,0.5,0.0,-6.366345769492909e-05,DRIVING,Path clear
3.470006227493286,6.555755707849917,238.1331787109375,-364.1759948730469,-0.292755126953125,0.5,0.0,-3.943881529266946e-05,DRIVING,Path clear
3.524925708770752,6.6088102921627225,238.46255493164062,-364.1777648925781,-0.2930907905101776,0.5,0.0,-1.1401242772990372e-05,DRIVING,Path clear
3.5746874809265137,6.701229525090012,238.79576110839844,-364.1795349121094,-0.2933349609375,0.5,0.0,8.711253030924127e-06,DRIVING,Path clear
3.6243183612823486,6.753416912239635,239.1323699951172,-364.1812744140625,-0.2933960258960724,0.5,0.0,1.3284852684591897e-05,DRIVING,Path clear
3.6738266944885254,6.844428499735945,239.47276306152344,-364.18304443359375,-0.2933960258960724,0.5,0.0,1.750813862599898e-05,DRIVING,Path clear
3.726316452026367,6.895739575562618,239.81654357910156,-364.1847839355469,-0.293304443359375,0.5,0.0,2.971680487462436e-06,DRIVING,Path clear
3.7794132232666016,6.985341376702408,240.16400146484375,-364.1865539550781,-0.293304443359375,0.5,0.0,-3.1343839168584964e-07,DRIVING,Path clear
3.830900192260742,7.035769532044858,240.51475524902344,-364.1883239746094,-0.293243408203125,0.5,0.0,-7.488846677006222e-06,DRIVING,Path clear
3.8818962574005127,7.123971846006721,240.86917114257812,-364.1900634765625,-0.293243408203125,0.5,0.0,-3.1429604860022664e-05,DRIVING,Path clear
3.9349489212036133,7.173516212724082,241.2268524169922,-364.19183349609375,-0.293365478515625,0.5,0.0,-3.952256156480871e-05,DRIVING,Path clear
3.9859867095947266,7.260323997410857,241.58811950683594,-364.1936950683594,-0.293609619140625,0.5,0.0,-2.933545329142362e-05,DRIVING,Path clear
4.0477025508880615,7.30898692698457,241.9525909423828,-364.1956481933594,-0.293853759765625,0.5,0.0,4.329363946453668e-05,DRIVING,Path clear
4.085951566696167,7.394414586038913,242.32061767578125,-364.1976013183594,-0.293853759765625,0.5,0.0,0.0003326844598632306,DRIVING,Path clear
4.146767616271973,7.4421981910896475,242.69175720214844,-364.1995544433594,-0.29278564453125,0.5,0.0,0.00078056805068627,DRIVING,Path clear
4.198338747024536,7.526252406201332,243.06637573242188,-364.20135498046875,-0.2893371880054474,0.5,0.0,0.0013518466148525476,DRIVING,Path clear
4.247248649597168,7.57316257270896,243.444091796875,-364.2031555175781,-0.2825317084789276,0.5,0.0,0.0020027649588882923,DRIVING,Path clear
4.2967212200164795,7.655855768370139,243.8252410888672,-364.2048034667969,-0.271240234375,0.5,0.0,0.002752115949988365,DRIVING,Path clear
4.345160722732544,7.701893277707222,244.20941162109375,-364.2063293457031,-0.2548827826976776,0.5,0.0,0.0034901555627584457,DRIVING,Path clear
4.39193058013916,7.78323368653141,244.596923828125,-364.2076416015625,-0.2325744330883026,0.5,0.0,0.004282211419194937,DRIVING,Path clear
4.455483675003052,7.828406373976629,244.98744201660156,-364.2087097167969,-0.2043762058019638,0.5,0.0,0.0050096651539206505,DRIVING,Path clear
4.487139701843262,7.908405481565466,245.3812713623047,-364.20947265625,-0.1696472018957138,0.5,0.0,0.005768505856394768,DRIVING,Path clear
4.539262294769287,7.9527203193950236,245.7779998779297,-364.20989990234375,-0.12890625,0.5,0.0,0.006440803408622742,DRIVING,Path clear
4.585691452026367,8.031389144656712,246.17800903320312,-364.2099914550781,-0.081634521484375,0.5,0.0,0.007180508691817522,DRIVING,Path clear
4.637895107269287,8.074854920730493,246.5808563232422,-364.2096862792969,-0.0285034142434597,0.5,0.0,0.0078088343143463135,DRIVING,Path clear
4.682135581970215,8.152208693607367,246.98692321777344,-364.2088928222656,0.031091803684830666,0.5,0.0,0.008495103567838669,DRIVING,Path clear
4.73106050491333,8.194830144090043,247.39581298828125,-364.20751953125,0.09630582481622696,0.5,0.0,0.009049072861671448,DRIVING,Path clear
4.777642250061035,8.270882580722901,247.80784606933594,-364.20562744140625,0.1676541268825531,0.5,0.0,0.009686482138931751,DRIVING,Path clear
4.828734636306763,8.312668841341258,248.22265625,-364.203125,0.24424432218074799,0.5,0.0,0.010189593769609928,DRIVING,Path clear
4.876763343811035,8.387432791914849,248.6405029296875,-364.199951171875,0.32668089866638184,0.5,0.0,0.009759903885424137,DRIVING,Path clear
4.927051782608032,8.428411910171993,249.0610809326172,-364.1961364746094,0.4106932282447815,0.5,0.0,0.009939257055521011,DRIVING,Path clear
4.9783899784088135,8.501919244525874,249.4846954345703,-364.19171142578125,0.4961169958114624,0.5,0.0,0.010735612362623215,DRIVING,Path clear
5.0289013385772705,8.54207142250969,249.9109649658203,-364.18658447265625,0.5847632884979248,0.5,0.0,0.011464405804872513,DRIVING,Path clear
5.078284502029419,8.614298008548586,250.3402099609375,-364.1806640625,0.6795758008956909,0.5,0.0,0.012269146740436554,DRIVING,Path clear
5.130900144577026,8.653632787525032,250.7720489501953,-364.1738586425781,0.7805283665657043,0.5,0.0,0.012889709323644638,DRIVING,Path clear
5.185209512710571,8.724606222738263,251.206787109375,-364.16619873046875,0.8886739015579224,0.5,0.0,0.013543810695409775,DRIVING,Path clear
5.226453542709351,8.763141506438524,251.6440887451172,-364.1575622558594,1.002724289894104,0.5,0.0,0.014010142534971237,DRIVING,Path clear
5.280436992645264,8.832881954983222,252.08425903320312,-364.14788818359375,1.1231927871704102,0.5,0.0,0.014520326629281044,DRIVING,Path clear
5.32246994972229,8.870632702913477,252.52688598632812,-364.1371765136719,1.2485079765319824,0.5,0.0,0.014859120361506939,DRIVING,Path clear
5.367901563644409,8.939153179695792,252.97232055664062,-364.12542724609375,1.379176139831543,0.5,0.0,0.015296616591513157,DRIVING,Path clear
5.4148993492126465,8.976128233574194,253.42019653320312,-364.11248779296875,1.513785719871521,0.5,0.0,0.015582413412630558,DRIVING,Path clear
5.460897445678711,9.04344486105874,253.87081909179688,-364.098388671875,1.6531063318252563,0.5,0.0,0.015964439138770103,DRIVING,Path clear
5.517836093902588,9.079653619975089,254.32382202148438,-364.08306884765625,1.7958195209503174,0.5,0.0,0.01619523949921131,DRIVING,Path clear
5.561644077301025,9.145783046420568,254.77947998046875,-364.0665283203125,1.9427587985992432,0.5,0.0,0.016571175307035446,DRIVING,Path clear
5.608266353607178,9.181236124817799,255.23748779296875,-364.0486145019531,2.092775821685791,0.5,0.0,0.022225089371204376,DRIVING,Path clear
5.654309034347534,9.24593681540806,255.69805908203125,-364.029052734375,2.2661688327789307,0.5,0.0,0.021905608475208282,DRIVING,Path clear
5.701900482177734,9.28056654440533,256.1609191894531,-364.0076904296875,2.45767879486084,0.5,0.0,0.020851939916610718,DRIVING,Path clear
5.749226808547974,9.344330796509682,256.62628173828125,-363.9846496582031,2.654470443725586,0.5,0.0,0.019787302240729332,DRIVING,Path clear
5.79852819442749,9.37832463897342,257.0938720703125,-363.96002197265625,2.8475730419158936,0.5,0.0,0.018774405121803284,DRIVING,Path clear
5.845899820327759,9.441015838987035,257.5639343261719,-363.9338684082031,3.0349698066711426,0.5,0.0,0.018181588500738144,DRIVING,Path clear
5.894163370132446,9.474301280986191,258.03619384765625,-363.9061584472656,3.215568780899048,0.5,0.0,0.017741026356816292,DRIVING,Path clear
5.943977355957031,9.535861178447895,258.5108642578125,-363.876953125,3.39182186126709,0.5,0.0,0.017693543806672096,DRIVING,Path clear
5.992487192153931,9.568425849020928,258.98760986328125,-363.84619140625,3.564763069152832,0.5,0.0,0.017699310556054115,DRIVING,Path clear
6.040898084640503,9.62885495416972,259.4667663574219,-363.8138732910156,3.737431049346924,0.5,0.0,0.01796036586165428,DRIVING,Path clear
6.090376615524292,9.660706942921276,259.9479675292969,-363.7799072265625,3.9104504585266113,0.5,0.0,0.023806214332580566,DRIVING,Path clear
6.146442174911499,9.719722598073075,260.4314270019531,-363.7439880371094,4.106638431549072,0.5,0.0,0.023431090638041496,DRIVING,Path clear
6.197965145111084,9.75079043865136,260.9168395996094,-363.7059020996094,4.32149076461792,0.5,0.0,0.022251764312386513,DRIVING,Path clear
6.245956659317017,9.808977260746795,261.40447998046875,-363.6658020019531,4.5412983894348145,0.5,0.0,0.021084263920783997,DRIVING,Path clear
6.2979021072387695,9.839476353589435,261.8940124511719,-363.6238708496094,4.756551265716553,0.5,0.0,0.019970523193478584,DRIVING,Path clear
6.348926067352295,9.896681873895503,262.3857421875,-363.5799865722656,4.964929580688477,0.5,0.0,0.01926666684448719,DRIVING,Path clear
6.39931058883667,9.926532293576416,262.8793640136719,-363.5343322753906,5.165244102478027,0.5,0.0,0.018777530640363693,DRIVING,Path clear
6.454524278640747,9.98268246599448,263.3751220703125,-363.48681640625,5.360085487365723,0.5,0.0,0.018671836704015732,DRIVING,Path clear
6.503200054168701,10.011866377096922,263.8726501464844,-363.4375305175781,5.550748348236084,0.5,0.0,0.01865893229842186,DRIVING,Path clear
6.5567498207092285,10.066958290121717,264.3722839355469,-363.3863525390625,5.7404890060424805,0.5,0.0,0.024744264781475067,DRIVING,Path clear
6.60292387008667,10.095222083785407,264.8736572265625,-363.3329162597656,5.9511332511901855,0.5,0.0,0.024157049134373665,DRIVING,Path clear
6.6491944789886475,10.149096588313007,265.3769226074219,-363.2770690917969,6.182119846343994,0.5,0.0,0.02301088720560074,DRIVING,Path clear
6.698018789291382,10.176961309384,265.88189697265625,-363.21905517578125,6.4165449142456055,0.5,0.0,0.021613694727420807,DRIVING,Path clear
6.750527858734131,10.230023997112852,266.38873291015625,-363.1588439941406,6.64658260345459,0.5,0.0,0.020539896562695503,DRIVING,Path clear
6.800294399261475,10.257324804265416,266.8972473144531,-363.0965881347656,6.867678642272949,0.5,0.0,0.01965721882879734,DRIVING,Path clear
6.84816575050354,10.309431512378714,267.40765380859375,-363.03228759765625,7.080609321594238,0.5,0.0,0.019270170480012894,DRIVING,Path clear
6.896899461746216,10.33612088269393,267.91961669921875,-362.9660339355469,7.28632926940918,0.5,0.0,0.019038919359445572,DRIVING,Path clear
6.94591212272644,10.387231969261917,268.4334411621094,-362.8976745605469,7.488306522369385,0.5,0.0,0.01915617287158966,DRIVING,Path clear
6.995868444442749,10.413303946123166,268.94879150390625,-362.8273010253906,7.68812894821167,0.5,0.0,0.02525491639971733,DRIVING,Path clear
7.043625593185425,10.463064371993621,269.4658203125,-362.75445556640625,7.911346912384033,0.5,0.0,0.024738427251577377,DRIVING,Path clear
7.091593027114868,10.488434852003818,269.9842224121094,-362.6789855957031,8.154072761535645,0.5,0.0,0.023401465266942978,DRIVING,Path clear
7.140801191329956,10.53755046303285,270.5043029785156,-362.6010437011719,8.401119232177734,0.5,0.0,0.022043047472834587,DRIVING,Path clear
7.190856456756592,10.562467410761263,271.0257873535156,-362.52081298828125,8.642122268676758,0.5,0.0,0.020792171359062195,DRIVING,Path clear
7.239711284637451,10.610759108796376,271.54888916015625,-362.4382629394531,8.8742036819458,0.5,0.0,0.01999436877667904,DRIVING,Path clear
7.28818678855896,10.635125038292623,272.0733642578125,-362.353515625,9.09643268585205,0.5,0.0,0.019457973539829254,DRIVING,Path clear
7.349960088729858,10.682498179933392,272.5993957519531,-362.26654052734375,9.311619758605957,0.5,0.0,0.01934567280113697,DRIVING,Path clear
7.385019779205322,10.706295256697956,273.12677001953125,-362.1774597167969,9.521705627441406,0.5,0.0,0.025376982986927032,DRIVING,Path clear
7.435009717941284,10.752356401291728,273.65557861328125,-362.0856628417969,9.753363609313965,0.0,1.0,0.0,EMERGENCY_BRAKE,FusedDist=16.4 TTC=1.53
7.490388870239258,10.743667911994164,274.18524169921875,-361.9930419921875,9.910923957824707,0.0,1.0,0.0,STOPPED,Waiting before lane change
7.541384935379028,10.65597495261138,274.712158203125,-361.90087890625,9.984829902648926,0.0,1.0,0.0,STOPPED,Waiting before lane change
7.5880513191223145,10.44981691322773,275.2311096191406,-361.8097839355469,10.019880294799805,0.0,1.0,0.0,STOPPED,Waiting before lane change
7.634822368621826,10.208709850573825,275.7386474609375,-361.7203674316406,10.036589622497559,0.0,1.0,0.0,STOPPED,Waiting before lane change
7.679831504821777,9.898974875025315,276.2321472167969,-361.63330078125,10.044439315795898,0.0,1.0,0.0,STOPPED,Waiting before lane change
7.725840091705322,9.613847343171438,276.7110900878906,-361.5486755371094,10.048162460327148,0.0,1.0,0.0,STOPPED,Waiting before lane change
7.7721991539001465,9.276747353248869,277.1744384765625,-361.4666748046875,10.04989242553711,0.0,1.0,0.0,STOPPED,Waiting before lane change
7.817972898483276,8.983700950021186,277.6224670410156,-361.3873596191406,10.050732612609863,0.0,1.0,0.0,STOPPED,Waiting before lane change
7.865307092666626,8.642480941074565,278.0546569824219,-361.3107604980469,10.051138877868652,0.0,1.0,0.0,STOPPED,Waiting before lane change
7.912649154663086,8.35541254816823,278.4715881347656,-361.2369384765625,10.051359176635742,0.0,1.0,0.0,STOPPED,Waiting before lane change
7.960897207260132,8.019005265449222,278.8730163574219,-361.1658020019531,10.051478385925293,0.0,1.0,0.0,STOPPED,Waiting before lane change
8.006895303726196,7.7430783999512105,279.2596130371094,-361.0972900390625,10.051563262939453,0.0,1.0,0.0,STOPPED,Waiting before lane change
8.05251169204712,7.415009989030551,279.6311340332031,-361.03143310546875,10.051621437072754,0.0,1.0,0.0,STOPPED,Waiting before lane change
8.097083330154419,7.1524263832630774,279.9884033203125,-360.96807861328125,10.05167293548584,0.0,1.0,0.0,STOPPED,Waiting before lane change
8.144029140472412,6.834563709075309,280.33111572265625,-360.9073791503906,10.051718711853027,0.0,1.0,0.0,STOPPED,Waiting before lane change
8.19289231300354,6.586709441930343,280.6602783203125,-360.8490905761719,10.051758766174316,0.0,1.0,0.0,STOPPED,Waiting before lane change
8.239926099777222,5.845584380813438,280.9686584472656,-360.7945251464844,10.051803588867188,0.0,1.0,0.0,STOPPED,Waiting before lane change
8.283649206161499,4.506087275770049,281.21630859375,-360.7506103515625,10.05185317993164,0.0,1.0,0.0,STOPPED,Waiting before lane change
8.329669952392578,3.1574306294294483,281.39794921875,-360.7184753417969,10.051910400390625,0.0,1.0,0.0,STOPPED,Waiting before lane change
8.376262664794922,1.8168993505813669,281.5134582519531,-360.697998046875,10.051957130432129,0.0,1.0,0.0,STOPPED,Waiting before lane change
8.424894332885742,0.492172830776677,281.5634460449219,-360.6891784667969,10.051985740661621,0.0,1.0,0.0,STOPPED,Waiting before lane change
8.469704866409302,0.0005422067592297947,281.5672302246094,-360.6884765625,10.051806449890137,0.0,1.0,0.0,STOPPED,Waiting before lane change
8.518866777420044,0.0007926965650406636,281.5675048828125,-360.68841552734375,10.05180549621582,0.0,1.0,0.0,STOPPED,Waiting before lane change
8.566901922225952,0.0007567839786596679,281.56781005859375,-360.6883544921875,10.051815032958984,0.0,1.0,0.0,STOPPED,Waiting before lane change
8.619155406951904,0.0006304156392752114,281.5680847167969,-360.6883239746094,10.0518159866333,0.0,1.0,0.0,STOPPED,Waiting before lane change
8.655873537063599,0.0004899304750408506,281.56829833984375,-360.6882629394531,10.051815032958984,0.0,1.0,0.0,STOPPED,Waiting before lane change
8.699931383132935,0.0003698059263346192,281.5684814453125,-360.688232421875,10.051816940307617,0.0,1.0,0.0,STOPPED,Waiting before lane change
8.74959683418274,0.0002748482267573208,281.5685729980469,-360.688232421875,10.0518159866333,0.0,1.0,0.0,STOPPED,Waiting before lane change
8.797385931015015,0.00020074250864418697,281.5686950683594,-360.6882019042969,10.0518159866333,0.0,1.0,0.0,STOPPED,Waiting before lane change
8.844805002212524,0.0,281.5686950683594,-360.6882019042969,10.0518159866333,0.0,1.0,0.0,STOPPED,Waiting before lane change
8.892565488815308,0.0,281.5686950683594,-360.6882019042969,10.0518159866333,0.0,1.0,0.0,STOPPED,Waiting before lane change
8.944504022598267,0.0,281.5686950683594,-360.6882019042969,10.0518159866333,0.0,1.0,0.0,STOPPED,Waiting before lane change
8.995478868484497,0.0,281.5686950683594,-360.6882019042969,10.0518159866333,0.0,1.0,0.0,STOPPED,Waiting before lane change
9.04966926574707,0.0,281.5686950683594,-360.6882019042969,10.0518159866333,0.0,1.0,0.0,STOPPED,Waiting before lane change
9.101588249206543,0.0,281.5686950683594,-360.6882019042969,10.0518159866333,0.0,1.0,0.0,STOPPED,Waiting before lane change
9.15199899673462,0.0,281.5686950683594,-360.6882019042969,10.0518159866333,0.0,1.0,0.0,STOPPED,Waiting before lane change
9.199729919433594,0.0,281.5686950683594,-360.6882019042969,10.0518159866333,0.0,1.0,0.0,STOPPED,Waiting before lane change
9.265623807907104,0.0,281.5686950683594,-360.6882019042969,10.0518159866333,0.0,1.0,0.0,STOPPED,Waiting before lane change
9.316561937332153,0.0,281.5686950683594,-360.6882019042969,10.0518159866333,0.0,1.0,0.0,STOPPED,Waiting before lane change
9.364902257919312,0.0,281.5686950683594,-360.6882019042969,10.0518159866333,0.3499999940395355,0.0,-0.25,LANE_CHANGE,Steering around obstacle
9.424896001815796,0.002519396544272304,281.5687561035156,-360.6882019042969,10.051820755004883,0.3499999940395355,0.0,-0.25,LANE_CHANGE,Steering around obstacle
9.46890664100647,0.0002923156847346019,281.5688171386719,-360.6882019042969,10.05183219909668,0.3499999940395355,0.0,-0.25,LANE_CHANGE,Steering around obstacle
9.51889181137085,0.008253166125109594,281.57049560546875,-360.6881408691406,10.043218612670898,0.3499999940395355,0.0,-0.25,LANE_CHANGE,Steering around obstacle
9.56899356842041,0.08300799655492347,281.5732727050781,-360.68804931640625,10.028824806213379,0.3499999940395355,0.0,-0.25,LANE_CHANGE,Steering around obstacle
9.618896245956421,0.16341858297766784,281.57958984375,-360.6876525878906,9.988155364990234,0.3499999940395355,0.0,-0.25,LANE_CHANGE,Steering around obstacle
9.670026302337646,0.2671670382984779,281.5893249511719,-360.6872253417969,9.93954849243164,0.3499999940395355,0.0,-0.25,LANE_CHANGE,Steering around obstacle
9.731181383132935,0.2698042354916117,281.603515625,-360.68658447265625,9.849456787109375,0.3499999940395355,0.0,-0.25,LANE_CHANGE,Steering around obstacle
9.766898155212402,0.42138370078116455,281.6219177246094,-360.6858825683594,9.750358581542969,0.3499999940395355,0.0,-0.25,LANE_CHANGE,Steering around obstacle
9.811899662017822,0.45991971966762335,281.6446838378906,-360.6850280761719,9.63863754272461,0.3499999940395355,0.0,-0.25,LANE_CHANGE,Steering around obstacle
9.857803344726562,0.5971361797067855,281.6714782714844,-360.68402099609375,9.506455421447754,0.3499999940395355,0.0,-0.25,LANE_CHANGE,Steering around obstacle
9.906958818435669,0.6973435429857321,281.7037353515625,-360.68280029296875,9.323055267333984,0.3499999940395355,0.0,-0.25,LANE_CHANGE,Steering around obstacle
9.955901861190796,0.7409069734424368,281.7392272949219,-360.6816711425781,9.142693519592285,0.3499999940395355,0.0,-0.25,LANE_CHANGE,Steering around obstacle
10.00698971748352,0.8662270058974442,281.77996826171875,-360.6805725097656,8.938077926635742,0.3499999940395355,0.0,-0.25,LANE_CHANGE,Steering around obstacle
10.06089997291565,0.9499062283142462,281.8249816894531,-360.6792907714844,8.691838264465332,0.3499999940395355,0.0,-0.25,LANE_CHANGE,Steering around obstacle
10.107930660247803,1.0119684817361423,281.8741455078125,-360.6781921386719,8.441387176513672,0.3499999940395355,0.0,-0.25,LANE_CHANGE,Steering around obstacle
10.157899379730225,1.0808748760178657,281.9270324707031,-360.6772155761719,8.149826049804688,0.3499999940395355,0.0,-0.25,LANE_CHANGE,Steering around obstacle
10.205698490142822,1.2102850234960503,281.9847412109375,-360.6764221191406,7.833539962768555,0.3499999940395355,0.0,-0.25,LANE_CHANGE,Steering around obstacle
10.258752584457397,1.2707640270835885,282.0467834472656,-360.6759033203125,7.477031707763672,0.3499999940395355,0.0,-0.25,LANE_CHANGE,Steering around obstacle
10.304508209228516,1.3983829348983032,282.114013671875,-360.67572021484375,7.108915328979492,0.3499999940395355,0.0,-0.25,LANE_CHANGE,Steering around obstacle
10.355378866195679,1.4529612485210226,282.1852722167969,-360.67596435546875,6.702705383300781,0.3499999940395355,0.0,-0.25,LANE_CHANGE,Steering around obstacle
10.405740737915039,1.574975340208523,282.2613220214844,-360.6767883300781,6.284604072570801,0.3499999940395355,0.0,-0.25,LANE_CHANGE,Steering around obstacle
10.455030918121338,1.6379352962683111,282.34149169921875,-360.67816162109375,5.831665515899658,0.3499999940395355,0.0,-0.25,LANE_CHANGE,Steering around obstacle
10.505616903305054,1.7555504485890148,282.42645263671875,-360.6803283691406,5.366550445556641,0.3499999940395355,0.0,-0.25,LANE_CHANGE,Steering around obstacle
10.552679538726807,1.8134819670303306,282.5155334472656,-360.6833190917969,4.870139122009277,0.3499999940395355,0.0,-0.25,LANE_CHANGE,Steering around obstacle
10.602129936218262,1.930060350628062,282.6092529296875,-360.6872253417969,4.362444877624512,0.3499999940395355,0.0,-0.25,LANE_CHANGE,Steering around obstacle
10.6546471118927,1.9901372941846585,282.70697021484375,-360.692138671875,3.822885751724243,0.3499999940395355,0.0,-0.25,LANE_CHANGE,Steering around obstacle
10.705464363098145,2.10247366423186,282.80926513671875,-360.6982727050781,3.272423267364502,0.3499999940395355,0.0,-0.25,LANE_CHANGE,Steering around obstacle
10.75390625,2.1615592089498983,282.9154357910156,-360.7056579589844,2.691390037536621,0.3499999940395355,0.0,-0.25,LANE_CHANGE,Steering around obstacle
10.805314779281616,2.2705937864290333,283.0259704589844,-360.7144775390625,2.09954571723938,0.3499999940395355,0.0,-0.25,LANE_CHANGE,Steering around obstacle
10.851391315460205,2.3288370626079256,283.1402587890625,-360.7247619628906,1.4782060384750366,0.3499999940395355,0.0,-0.25,LANE_CHANGE,Steering around obstacle
10.89889645576477,2.4340774333420527,283.2587585449219,-360.7366638183594,0.8464953899383545,0.3499999940395355,0.0,-0.25,LANE_CHANGE,Steering around obstacle
10.94828987121582,2.4915296444139514,283.3808898925781,-360.75030517578125,0.18638598918914795,0.3499999940395355,0.0,-0.25,LANE_CHANGE,Steering around obstacle
10.997902393341064,2.5927892436034097,283.50701904296875,-360.7658996582031,-0.483642578125,0.3499999940395355,0.0,-0.25,LANE_CHANGE,Steering around obstacle
11.049941301345825,2.6495781833551564,283.6366271972656,-360.78338623046875,-1.1810303926467896,0.3499999940395355,0.0,-0.25,LANE_CHANGE,Steering around obstacle
11.094343185424805,2.7467497056566406,283.77001953125,-360.80303955078125,-1.8878782987594604,0.3499999940395355,0.0,-0.25,LANE_CHANGE,Steering around obstacle
11.141831398010254,2.8030429724339667,283.9067077636719,-360.8247985839844,-2.621155023574829,0.3499999940395355,0.0,-0.25,LANE_CHANGE,Steering around obstacle
11.191544771194458,2.8960067879180107,284.0470275878906,-360.8490295410156,-3.3633430004119873,0.3499999940395355,0.0,-0.25,LANE_CHANGE,Steering around obstacle
11.240013599395752,2.952140329401689,284.1904296875,-360.8756408691406,-4.1311354637146,0.3499999940395355,0.0,-0.25,LANE_CHANGE,Steering around obstacle
11.288471937179565,3.0404113999537365,284.3371887207031,-360.9049377441406,-4.907076358795166,0.3499999940395355,0.0,-0.25,LANE_CHANGE,Steering around obstacle
11.336388111114502,3.0985570438868937,284.4869079589844,-360.9369201660156,-5.707522869110107,0.3499999940395355,0.0,-0.25,LANE_CHANGE,Steering around obstacle
11.38289475440979,3.164336496720406,284.6392517089844,-360.97161865234375,-6.51038122177124,0.3499999940395355,0.0,-0.25,LANE_CHANGE,Steering around obstacle
11.432160139083862,3.2254354708981783,284.794189453125,-361.0091247558594,-7.340704441070557,0.3499999940395355,0.0,-0.25,LANE_CHANGE,Steering around obstacle
11.480075597763062,3.2937377145353723,284.95172119140625,-361.04974365234375,-8.174325942993164,0.3499999940395355,0.0,-0.25,LANE_CHANGE,Steering around obstacle
11.527762413024902,3.355352607949494,285.11175537109375,-361.0933532714844,-9.034862518310547,0.3499999940395355,0.0,-0.25,LANE_CHANGE,Steering around obstacle
11.575714826583862,3.423431792454848,285.2742614746094,-361.1402587890625,-9.899458885192871,0.3499999940395355,0.0,-0.25,LANE_CHANGE,Steering around obstacle
11.62421441078186,3.4839050537325673,285.4390869140625,-361.1904602050781,-10.78990364074707,0.3499999940395355,0.0,-0.25,LANE_CHANGE,Steering around obstacle
11.671798706054688,3.5507666064810204,285.6061706542969,-361.2442932128906,-11.684893608093262,0.3499999940395355,0.0,-0.25,LANE_CHANGE,Steering around obstacle
11.723372459411621,3.6095455567125665,285.7753601074219,-361.3016052246094,-12.604389190673828,0.3499999940395355,0.0,-0.25,LANE_CHANGE,Steering around obstacle
11.770862102508545,3.6747916838875985,285.9465026855469,-361.3627014160156,-13.528983116149902,0.3499999940395355,0.0,-0.25,LANE_CHANGE,Steering around obstacle
11.819004535675049,3.7316292138019547,286.1194763183594,-361.427490234375,-14.476885795593262,0.3499999940395355,0.0,-0.25,LANE_CHANGE,Steering around obstacle
11.87217378616333,3.795024964571233,286.294189453125,-361.49627685546875,-15.430744171142578,0.3499999940395355,0.0,-0.25,LANE_CHANGE,Steering around obstacle
11.927004337310791,3.8498479589277395,286.4704284667969,-361.5689697265625,-16.40690803527832,0.3499999940395355,0.0,-0.25,LANE_CHANGE,Steering around obstacle
11.97973108291626,3.911451652261246,286.64813232421875,-361.64581298828125,-17.389570236206055,0.3499999940395355,0.0,-0.25,LANE_CHANGE,Steering around obstacle
12.038900375366211,3.9644586735675227,286.8270568847656,-361.7267761230469,-18.393138885498047,0.3499999940395355,0.0,-0.25,LANE_CHANGE,Steering around obstacle
12.086063861846924,4.024297443687878,287.00714111328125,-361.8121643066406,-19.403568267822266,0.3499999940395355,0.0,-0.25,LANE_CHANGE,Steering around obstacle
12.1329026222229,4.075636779718028,287.1881408691406,-361.9018249511719,-20.433591842651367,0.3499999940395355,0.0,-0.25,LANE_CHANGE,Steering around obstacle
12.177388191223145,4.133682554600633,287.3699951171875,-361.9959411621094,-21.470848083496094,0.3499999940395355,0.0,-0.25,LANE_CHANGE,Steering around obstacle
12.22471308708191,4.183493260015437,287.5524597167969,-362.0945129394531,-22.526321411132812,0.3499999940395355,0.0,-0.25,LANE_CHANGE,Steering around obstacle
12.267972469329834,4.239702372677951,287.73541259765625,-362.19781494140625,-23.589487075805664,0.3499999940395355,0.0,-0.25,LANE_CHANGE,Steering around obstacle
12.313417673110962,4.288128123997683,287.9186706542969,-362.3056640625,-24.669532775878906,0.44999998807907104,0.0,0.0,STRAIGHTENING,Completing lane change
12.365123748779297,4.348841151840543,288.1063232421875,-362.4125061035156,-25.408245086669922,0.44999998807907104,0.0,0.02500000037252903,STRAIGHTENING,Completing lane change
12.41313099861145,4.413094799789241,288.3023681640625,-362.5104675292969,-25.51432228088379,0.44999998807907104,0.0,0.05000000074505806,STRAIGHTENING,Completing lane change
12.469891786575317,4.49359986251592,288.50469970703125,-362.6042785644531,-25.360450744628906,0.44999998807907104,0.0,0.07500000298023224,STRAIGHTENING,Completing lane change
12.5081148147583,4.577626104991104,288.71258544921875,-362.69580078125,-25.06177520751953,0.44999998807907104,0.0,0.10000000149011612,STRAIGHTENING,Completing lane change
12.556315422058105,4.661800389421585,288.92596435546875,-362.78509521484375,-24.636268615722656,0.44999998807907104,0.0,0.125,STRAIGHTENING,Completing lane change
12.603153705596924,4.745055512766175,289.1448059082031,-362.8717041015625,-24.085426330566406,0.44999998807907104,0.0,0.15000000596046448,STRAIGHTENING,Completing lane change
12.65294361114502,4.8268019509055335,289.3692321777344,-362.955078125,-23.407695770263672,0.44999998807907104,0.0,0.17499999701976776,STRAIGHTENING,Completing lane change
12.706992149353027,4.906740343753419,289.5992126464844,-363.0345764160156,-22.601179122924805,0.44999998807907104,0.0,0.20000000298023224,STRAIGHTENING,Completing lane change
12.746136903762817,4.984685442685841,289.834716796875,-363.1094055175781,-21.663990020751953,0.44999998807907104,0.0,0.22499999403953552,STRAIGHTENING,Completing lane change
12.790139198303223,5.060504653678039,290.07574462890625,-363.1788330078125,-20.59392738342285,0.44999998807907104,0.0,0.25,STRAIGHTENING,Completing lane change
12.83555006980896,5.12688354919965,290.3220520019531,-363.241943359375,-19.37506103515625,0.44999998807907104,0.0,0.2750000059604645,STRAIGHTENING,Completing lane change
12.88349461555481,5.059767898814536,290.56915283203125,-363.29833984375,-18.084264755249023,0.44999998807907104,0.0,0.30000001192092896,STRAIGHTENING,Completing lane change
12.930899143218994,5.1389614038356815,290.81829833984375,-363.3474426269531,-16.602005004882812,0.44999998807907104,0.0,0.32499998807907104,STRAIGHTENING,Completing lane change
12.976246356964111,5.082634613567447,291.0688171386719,-363.3874816894531,-15.107928276062012,0.44999998807907104,0.0,0.3499999940395355,STRAIGHTENING,Completing lane change
13.022420167922974,5.137495374147988,291.31951904296875,-363.4195556640625,-13.418538093566895,0.44999998807907104,0.0,0.375,STRAIGHTENING,Completing lane change
13.06974744796753,5.158560189918186,291.5756530761719,-363.44049072265625,-11.633012771606445,0.44999998807907104,0.0,0.2157806009054184,STRAIGHTENING,Completing lane change
13.11589241027832,5.152153183993404,291.8313293457031,-363.45855712890625,-9.977276802062988,0.44999998807907104,0.0,0.2172166258096695,STRAIGHTENING,Completing lane change
13.164447546005249,5.165230309851396,292.0878601074219,-363.47576904296875,-8.69776439666748,0.44999998807907104,0.0,0.23270194232463837,STRAIGHTENING,Completing lane change
13.208716630935669,5.1686329473947525,292.3450012207031,-363.48956298828125,-7.425607204437256,0.44999998807907104,0.0,0.23772016167640686,STRAIGHTENING,Completing lane change
13.25546145439148,5.19170030734493,292.6032409667969,-363.49761962890625,-6.220799446105957,0.44999998807907104,0.0,0.24280224740505219,STRAIGHTENING,Completing lane change
13.298929214477539,5.212836640502731,292.8626403808594,-363.5003356933594,-4.927920341491699,0.44999998807907104,0.0,0.24505563080310822,STRAIGHTENING,Completing lane change
13.347733736038208,5.249596025123333,293.12353515625,-363.4966735839844,-3.6815195083618164,0.44999998807907104,0.0,0.24676623940467834,STRAIGHTENING,Completing lane change
13.396965980529785,5.282487179412399,293.385986328125,-363.4873352050781,-2.348968744277954,0.44999998807907104,0.0,0.24526357650756836,STRAIGHTENING,Completing lane change
13.44470500946045,5.3284937381097155,293.6502380371094,-363.4714660644531,-1.0729368925094604,0.44999998807907104,0.0,0.2431870698928833,STRAIGHTENING,Completing lane change
13.488210916519165,5.368518273529233,293.9161376953125,-363.4499816894531,0.27371400594711304,0.44999998807907104,0.0,0.23782013356685638,STRAIGHTENING,Completing lane change
13.533264398574829,5.42019052671587,294.1839294433594,-363.42218017578125,1.5469169616699219,0.44999998807907104,0.0,0.23215161263942719,STRAIGHTENING,Completing lane change
13.578741073608398,5.46445583447486,294.4533996582031,-363.3888854980469,2.8724114894866943,0.44999998807907104,0.0,0.2233119159936905,STRAIGHTENING,Completing lane change
13.627905368804932,5.5193975939574464,294.7247314453125,-363.3495178222656,4.106292724609375,0.44999998807907104,0.0,0.21461600065231323,STRAIGHTENING,Completing lane change
13.672945499420166,5.566137083393664,294.9978332519531,-363.30517578125,5.374598503112793,0.44999998807907104,0.0,0.20309080183506012,STRAIGHTENING,Completing lane change
13.720279455184937,5.622705402038178,295.2727355957031,-363.2550964355469,6.534616470336914,0.44999998807907104,0.0,0.1922301948070526,STRAIGHTENING,Completing lane change
13.768312215805054,5.670764781268709,295.54937744140625,-363.2004699707031,7.714047431945801,0.44999998807907104,0.0,0.178944393992424,STRAIGHTENING,Completing lane change
13.81358289718628,5.727762514645885,295.8277893066406,-363.1406555175781,8.772124290466309,0.44999998807907104,0.0,0.16694864630699158,STRAIGHTENING,Completing lane change
13.86199402809143,5.776388162594832,296.10797119140625,-363.0766296386719,9.838448524475098,0.44999998807907104,0.0,0.15292085707187653,STRAIGHTENING,Completing lane change
13.910538911819458,5.832988838838167,296.3899230957031,-363.0081481933594,10.774423599243164,0.44999998807907104,0.0,0.1408461630344391,STRAIGHTENING,Completing lane change
13.956900358200073,5.881667071376602,296.6736755371094,-362.93603515625,11.712111473083496,0.44999998807907104,0.0,0.1343839019536972,STRAIGHTENING,Completing lane change
14.006000280380249,5.936349500142714,296.95904541015625,-362.8595275878906,12.53438663482666,0.44999998807907104,0.0,0.12249720096588135,STRAIGHTENING,Completing lane change
14.05785608291626,5.984521379837731,297.24615478515625,-362.7796325683594,13.370833396911621,0.44999998807907104,0.0,0.10877037793397903,STRAIGHTENING,Completing lane change
14.108028888702393,6.038936423256701,297.5349426269531,-362.6960754394531,14.076545715332031,0.44999998807907104,0.0,0.09781736880540848,STRAIGHTENING,Completing lane change
14.15590214729309,6.086910744507406,297.8255920410156,-362.60980224609375,14.782488822937012,0.44999998807907104,0.0,0.08576548844575882,STRAIGHTENING,Completing lane change
14.212899208068848,6.139963835935945,298.1180114746094,-362.5203552246094,15.356398582458496,0.5,0.0,0.07702494412660599,RESUMED,Normal driving
14.269974708557129,6.1901961388981155,298.4124450683594,-362.42864990234375,15.935504913330078,0.5,0.0,0.06570839136838913,DRIVING,Post-lane-change driving
14.315423011779785,6.25085235869087,298.7089538574219,-362.3341369628906,16.388261795043945,0.5,0.0,0.05843741446733475,DRIVING,Post-lane-change driving
14.37544846534729,6.311619056283263,299.0080871582031,-362.2376403808594,16.85087013244629,0.5,0.0,0.05080556869506836,DRIVING,Post-lane-change driving
14.426834344863892,6.378729725864127,299.30975341796875,-362.1385192871094,17.200748443603516,0.5,0.0,0.0468163825571537,DRIVING,Post-lane-change driving
14.483598470687866,6.444662033432954,299.6142883300781,-362.03741455078125,17.577058792114258,0.5,0.0,0.04192693531513214,DRIVING,Post-lane-change driving
14.526965379714966,6.514583889487507,299.92156982421875,-361.9337158203125,17.85898780822754,0.5,0.0,0.040081966668367386,DRIVING,Post-lane-change driving
14.582027196884155,6.582806216755762,300.2318115234375,-361.8280029296875,18.182037353515625,0.5,0.0,0.036872200667858124,DRIVING,Post-lane-change driving
14.62425184249878,6.653668719311524,300.54486083984375,-361.71966552734375,18.42435073852539,0.5,0.0,0.0362413227558136,DRIVING,Post-lane-change driving
14.67289423942566,6.722595276433172,300.86090087890625,-361.609375,18.71717071533203,0.5,0.0,0.03395494818687439,DRIVING,Post-lane-change driving
14.718601703643799,6.793422955177415,301.1796569824219,-361.49627685546875,18.93781089782715,0.5,0.0,0.039443496614694595,DRIVING,Post-lane-change driving
14.767966985702515,6.861880368048167,301.5013122558594,-361.3808898925781,19.23004913330078,0.5,0.0,0.0368749275803566,DRIVING,Post-lane-change driving
14.815065383911133,6.932105373604727,301.8255310058594,-361.2624816894531,19.46694564819336,0.5,0.0,0.03595862165093422,DRIVING,Post-lane-change driving
14.863095998764038,7.000174853695319,302.1526184082031,-361.1417541503906,19.7618350982666,0.5,0.0,0.033078230917453766,DRIVING,Post-lane-change driving
14.926187753677368,7.069775206637912,302.4823303222656,-361.0182189941406,19.98703384399414,0.5,0.0,0.03237926587462425,DRIVING,Post-lane-change driving
14.961049795150757,7.137045369285782,302.8148193359375,-360.892578125,20.263574600219727,0.5,0.0,0.029998522251844406,DRIVING,Post-lane-change driving
15.009539604187012,7.205656639202387,303.1499938964844,-360.7642517089844,20.470300674438477,0.5,0.0,0.029854413121938705,DRIVING,Post-lane-change driving
15.060587644577026,7.271986037181558,303.4879455566406,-360.6337890625,20.729429244995117,0.5,0.0,0.02798062190413475,DRIVING,Post-lane-change driving
15.106163740158081,7.339494343559241,303.8284606933594,-360.5005798339844,20.92226219177246,0.5,0.0,0.028228595852851868,DRIVING,Post-lane-change driving
15.155896186828613,7.404809464171522,304.1717224121094,-360.3652648925781,21.169639587402344,0.5,0.0,0.026701003313064575,DRIVING,Post-lane-change driving
15.203454494476318,7.4711978915084005,304.51739501953125,-360.2272644042969,21.35405158996582,0.5,0.0,0.02717455103993416,DRIVING,Post-lane-change driving
15.256892204284668,7.535461186442272,304.86572265625,-360.08709716796875,21.59442901611328,0.5,0.0,0.025821935385465622,DRIVING,Post-lane-change driving
15.310045003890991,7.600737238435113,305.21649169921875,-359.9442443847656,21.774187088012695,0.5,0.0,0.026419365778565407,DRIVING,Post-lane-change driving
15.359976768493652,7.663929023431101,305.56982421875,-359.7992858886719,22.01041603088379,0.5,0.0,0.02957378514111042,DRIVING,Post-lane-change driving
15.408268690109253,7.727914967952761,305.9254150390625,-359.6513671875,22.20146942138672,0.5,0.0,0.029655704274773598,DRIVING,Post-lane-change driving
15.45991039276123,7.789913249535981,306.2833557128906,-359.5010070800781,22.459583282470703,0.5,0.0,0.027479995042085648,DRIVING,Post-lane-change driving
15.509099245071411,7.853074213065603,306.64349365234375,-359.3478088378906,22.66044044494629,0.5,0.0,0.02711789682507515,DRIVING,Post-lane-change driving
15.568494081497192,7.91405575498657,307.00604248046875,-359.19232177734375,22.912809371948242,0.5,0.0,0.025062009692192078,DRIVING,Post-lane-change driving
15.611834526062012,7.976172984168124,307.3707580566406,-359.03411865234375,23.102054595947266,0.5,0.0,0.025047464296221733,DRIVING,Post-lane-change driving
15.663953304290771,8.036134317118666,307.7378234863281,-358.8737487792969,23.340473175048828,0.5,0.0,0.023438772186636925,DRIVING,Post-lane-change driving
15.71234393119812,8.097131996986635,308.1070556640625,-358.710693359375,23.51761817932129,0.5,0.0,0.023831957951188087,DRIVING,Post-lane-change driving
15.761286735534668,8.156063411495957,308.4786071777344,-358.54547119140625,23.745595932006836,0.5,0.0,0.022595800459384918,DRIVING,Post-lane-change driving
15.821437120437622,8.215952680701042,308.8521728515625,-358.37750244140625,23.91571617126465,0.5,0.0,0.02323463186621666,DRIVING,Post-lane-change driving
15.862232208251953,8.273844921855954,309.22796630859375,-358.20733642578125,24.138423919677734,0.5,0.0,0.022170232608914375,DRIVING,Post-lane-change driving
15.918025255203247,8.332659138154133,309.60577392578125,-358.03448486328125,24.305912017822266,0.5,0.0,0.022916488349437714,DRIVING,Post-lane-change driving
15.95986008644104,8.389513367554265,309.9857482910156,-357.85943603515625,24.526670455932617,0.5,0.0,0.025839367881417274,DRIVING,Post-lane-change driving
16.01224136352539,8.447126618434652,310.3674621582031,-357.6815185546875,24.70677375793457,0.5,0.0,0.02612355537712574,DRIVING,Post-lane-change driving
16.064507484436035,8.50282879826978,310.7511901855469,-357.5010986328125,24.950334548950195,0.5,0.0,0.024286950007081032,DRIVING,Post-lane-change driving
16.11750626564026,8.559642015883615,311.13665771484375,-357.3177795410156,25.142230987548828,0.5,0.0,0.024103472009301186,DRIVING,Post-lane-change driving
16.174564599990845,8.614379091138595,311.52410888671875,-357.1322326660156,25.38258934020996,0.5,0.0,0.022364744916558266,DRIVING,Post-lane-change driving
16.227221488952637,8.67021067437362,311.9132995605469,-356.9438171386719,25.565290451049805,0.5,0.0,0.02247943915426731,DRIVING,Post-lane-change driving
16.281085968017578,8.723987219345055,312.3044738769531,-356.7532043457031,25.793922424316406,0.5,0.0,0.0211411751806736,DRIVING,Post-lane-change driving
16.33933711051941,8.77877296745755,312.6972961425781,-356.5598449707031,25.966520309448242,0.5,0.0,0.021633321419358253,DRIVING,Post-lane-change driving
16.403164863586426,8.831580714055555,313.0920104980469,-356.3642578125,26.18661880493164,0.5,0.0,0.020623181015253067,DRIVING,Post-lane-change driving
16.461632013320923,8.885335957405637,313.48834228515625,-356.16595458984375,26.354001998901367,0.5,0.0,0.02135172113776207,DRIVING,Post-lane-change driving
16.54521679878235,8.937165959598143,313.8865051269531,-355.9654541015625,26.57065773010254,0.5,0.0,0.02051890827715397,DRIVING,Post-lane-change driving
16.589902877807617,8.989923604860977,314.2862548828125,-355.76220703125,26.737329483032227,0.5,0.0,0.0249901432543993,DRIVING,Post-lane-change driving
16.647671937942505,9.040584460237168,314.6876220703125,-355.5565490722656,26.966510772705078,0.5,0.0,0.023752788081765175,DRIVING,Post-lane-change driving
16.704752445220947,9.092349419159198,315.09033203125,-355.34783935546875,27.157569885253906,0.5,0.0,0.023684397339820862,DRIVING,Post-lane-change driving
16.759512186050415,9.142146063187784,315.49462890625,-355.1367492675781,27.39922523498535,0.5,0.0,0.021979184821248055,DRIVING,Post-lane-change driving
16.813899040222168,9.193085723207124,315.9002990722656,-354.9227600097656,27.589101791381836,0.5,0.0,0.02195441909134388,DRIVING,Post-lane-change driving
16.869900226593018,9.241988702637869,316.30755615234375,-354.70648193359375,27.821874618530273,0.5,0.0,0.020575406029820442,DRIVING,Post-lane-change driving
16.916619539260864,9.291966707275,316.7161560058594,-354.4874572753906,28.001556396484375,0.5,0.0,0.020942004397511482,DRIVING,Post-lane-change driving
16.972700119018555,9.339968059081325,317.1262512207031,-354.2660827636719,28.224449157714844,0.5,0.0,0.019947297871112823,DRIVING,Post-lane-change driving
17.02590322494507,9.388973906023118,317.5376281738281,-354.0420227050781,28.39727783203125,0.5,0.0,0.02061275579035282,DRIVING,Post-lane-change driving
17.079073905944824,9.43606889506445,317.9504699707031,-353.81561279296875,28.615367889404297,0.5,0.0,0.019830573350191116,DRIVING,Post-lane-change driving
17.133610248565674,9.484131605951607,318.36456298828125,-353.58648681640625,28.786500930786133,0.5,0.0,0.02418929897248745,DRIVING,Post-lane-change driving
17.188668727874756,9.530119958263562,318.7798767089844,-353.3548278808594,29.016643524169922,0.5,0.0,0.02303469367325306,DRIVING,Post-lane-change driving
17.246902227401733,9.577251991345083,319.1961975097656,-353.1201477050781,29.212223052978516,0.5,0.0,0.022971343249082565,DRIVING,Post-lane-change driving
17.297438859939575,9.62243487267772,319.61376953125,-352.88299560546875,29.455230712890625,0.5,0.0,0.021374115720391273,DRIVING,Post-lane-change driving
17.354819774627686,9.668800324578394,320.0323791503906,-352.64300537109375,29.650020599365234,0.5,0.0,0.021353699266910553,DRIVING,Post-lane-change driving
17.40753412246704,9.713153541521324,320.4521789550781,-352.4005432128906,29.88449478149414,0.5,0.0,0.02006518840789795,DRIVING,Post-lane-change driving
17.463299989700317,9.75862351245379,320.8729553222656,-352.15533447265625,30.069297790527344,0.5,0.0,0.020431021228432655,DRIVING,Post-lane-change driving
17.51856017112732,9.80214339413601,321.294921875,-351.90777587890625,30.2940731048584,0.5,0.0,0.01953538879752159,DRIVING,Post-lane-change driving
17.574901819229126,9.846703762864532,321.71783447265625,-351.6575012207031,30.472259521484375,0.5,0.0,0.02021176740527153,DRIVING,Post-lane-change driving
17.631434440612793,9.889376852711914,322.1418762207031,-351.40478515625,30.692699432373047,0.5,0.0,0.01952948048710823,DRIVING,Post-lane-change driving
17.68610644340515,9.933060616905514,322.5667724609375,-351.1493225097656,30.869768142700195,0.5,0.0,0.023816410452127457,DRIVING,Post-lane-change driving
17.74462580680847,9.97468692743783,322.99261474609375,-350.8913269042969,31.103010177612305,0.5,0.0,0.02276698127388954,DRIVING,Post-lane-change driving
17.79343032836914,10.017500370015425,323.4190673828125,-350.63031005859375,31.305463790893555,0.5,0.0,0.022683238610625267,DRIVING,Post-lane-change driving
17.851067066192627,10.058384314758957,323.8464050292969,-350.36669921875,31.55251121520996,0.5,0.0,0.021133942529559135,DRIVING,Post-lane-change driving
17.906376600265503,10.100498975871144,324.2744140625,-350.10028076171875,31.754568099975586,0.5,0.0,0.021084973588585854,DRIVING,Post-lane-change driving
17.96169400215149,10.140623296648446,324.70330810546875,-349.8313903808594,31.9930419921875,0.5,0.0,0.01987493224442005,DRIVING,Post-lane-change driving
18.018935203552246,10.181904375222341,325.13287353515625,-349.5596923828125,32.18492126464844,0.5,0.0,0.020220723003149033,DRIVING,Post-lane-change driving
18.07255458831787,10.221258935240687,325.5632629394531,-349.2855529785156,32.413578033447266,0.5,0.0,0.019412245601415634,DRIVING,Post-lane-change driving
18.136757850646973,10.261694337779534,325.9942626953125,-349.0086669921875,32.59888458251953,0.5,0.0,0.02005906030535698,DRIVING,Post-lane-change driving
18.19450569152832,10.30026683120165,326.4259948730469,-348.7293395996094,32.82337188720703,0.5,0.0,0.022938385605812073,DRIVING,Post-lane-change driving
18.249481916427612,10.339739145535047,326.8581848144531,-348.4471130371094,33.02061080932617,0.5,0.0,0.023234572261571884,DRIVING,Post-lane-change driving
18.299923181533813,10.37738690049656,327.2908935546875,-348.16217041015625,33.269161224365234,0.5,0.0,0.021819593384861946,DRIVING,Post-lane-change driving
18.35794997215271,10.416292704045134,327.7239685058594,-347.8742980957031,33.480464935302734,0.5,0.0,0.021631674841046333,DRIVING,Post-lane-change driving
18.40962839126587,10.453236137489984,328.1576232910156,-347.5838928222656,33.72782897949219,0.5,0.0,0.02028103731572628,DRIVING,Post-lane-change driving
18.467397928237915,10.491410267843415,328.5916442871094,-347.2906494140625,33.93104553222656,0.5,0.0,0.02039962448179722,DRIVING,Post-lane-change driving
18.529596090316772,10.527651133617365,329.0262451171875,-346.9949645996094,34.167503356933594,0.5,0.0,0.019478043541312218,DRIVING,Post-lane-change driving
18.583900690078735,10.56503428197559,329.4612121582031,-346.69647216796875,34.36149215698242,0.5,0.0,0.01998276449739933,DRIVING,Post-lane-change driving
18.64290475845337,10.600552986530058,329.8966064453125,-346.39556884765625,34.590877532958984,0.5,0.0,0.019371114671230316,DRIVING,Post-lane-change driving
18.7015061378479,10.637163018307733,330.3323059082031,-346.0918273925781,34.78144836425781,0.5,0.0,0.023524044081568718,DRIVING,Post-lane-change driving
18.76126194000244,10.67174283957385,330.7682800292969,-345.7854919433594,35.02250289916992,0.5,0.0,0.022566216066479683,DRIVING,Post-lane-change driving
18.820997953414917,10.707587508567318,331.2043151855469,-345.47613525390625,35.238319396972656,0.5,0.0,0.022408461198210716,DRIVING,Post-lane-change driving
18.886983156204224,10.74154885584323,331.64068603515625,-345.1640930175781,35.493316650390625,0.5,0.0,0.020970765501260757,DRIVING,Post-lane-change driving
18.97089195251465,10.776801344097176,332.07708740234375,-344.8492431640625,35.708553314208984,0.5,0.0,0.02085106447339058,DRIVING,Post-lane-change driving
19.000410079956055,10.810120921885822,332.5137939453125,-344.53192138671875,35.95462417602539,0.5,0.0,0.019767504185438156,DRIVING,Post-lane-change driving
19.05172824859619,10.84465289647714,332.9505310058594,-344.2117004394531,36.15923309326172,0.5,0.0,0.02004927210509777,DRIVING,Post-lane-change driving
19.10222840309143,10.877317393971639,333.3874816894531,-343.8890686035156,36.395233154296875,0.5,0.0,0.019360048696398735,DRIVING,Post-lane-change driving
19.15512204170227,10.911115851621753,333.8244934082031,-343.56365966796875,36.593021392822266,0.5,0.0,0.019969871267676353,DRIVING,Post-lane-change driving
19.210970640182495,10.943106924412344,334.26171875,-343.23577880859375,36.824951171875,0.5,0.0,0.022965265437960625,DRIVING,Post-lane-change driving
19.263500213623047,10.976041555891067,334.69873046875,-342.9049072265625,37.0353889465332,0.5,0.0,0.023181462660431862,DRIVING,Post-lane-change driving
19.32462477684021,11.007212151851945,335.1357421875,-342.57135009765625,37.29264450073242,0.5,0.0,0.02185455895960331,DRIVING,Post-lane-change driving
19.368896961212158,11.039696954866992,335.5724792480469,-342.23486328125,37.51795196533203,0.5,0.0,0.021558009088039398,DRIVING,Post-lane-change driving
19.417508125305176,11.070283298003849,336.00921630859375,-341.8958435058594,37.77405548095703,0.5,0.0,0.02029663324356079,DRIVING,Post-lane-change driving
19.47204566001892,11.102149196358887,336.44573974609375,-341.5539855957031,37.99067306518555,0.5,0.0,0.020331818610429764,DRIVING,Post-lane-change driving
19.5419340133667,11.13214409930876,336.88226318359375,-341.20965576171875,38.235172271728516,0.5,0.0,0.01950216293334961,DRIVING,Post-lane-change driving
19.605900049209595,11.163327009564748,337.31854248046875,-340.8625183105469,38.44182586669922,0.5,0.0,0.019952455535531044,DRIVING,Post-lane-change driving
19.65645146369934,11.192710772770182,337.7547912597656,-340.5129699707031,38.67876434326172,0.5,0.0,0.022917987778782845,DRIVING,Post-lane-change driving
19.716252326965332,11.223058956932553,338.1905822753906,-340.1604309082031,38.895198822021484,0.5,0.0,0.023073725402355194,DRIVING,Post-lane-change driving
19.77590847015381,11.251673972829561,338.6261291503906,-339.8051452636719,39.155677795410156,0.5,0.0,0.02176930196583271,DRIVING,Post-lane-change driving
19.822945594787598,11.281612421063885,339.0611572265625,-339.447021484375,39.385841369628906,0.5,0.0,0.021454960107803345,DRIVING,Post-lane-change driving
19.876609086990356,11.309690020822316,339.4959411621094,-339.0863342285156,39.644493103027344,0.5,0.0,0.020236672833561897,DRIVING,Post-lane-change driving
19.933390855789185,11.339052101075923,339.9302673339844,-338.7228698730469,39.865535736083984,0.5,0.0,0.020272158086299896,DRIVING,Post-lane-change driving
19.987578868865967,11.366586095036022,340.3644104003906,-338.3569030761719,40.1124267578125,0.5,0.0,0.019515078514814377,DRIVING,Post-lane-change driving
20.04628038406372,11.395308668510035,340.79803466796875,-337.98822021484375,40.32361602783203,0.5,0.0,0.019948052242398262,DRIVING,Post-lane-change driving
20.09886336326599,11.422271884166605,341.23138427734375,-337.6170654296875,40.563297271728516,0.5,0.0,0.02295171655714512,DRIVING,Post-lane-change driving
20.15152096748352,11.450201957165675,341.66412353515625,-337.2430419921875,40.784664154052734,0.5,0.0,0.023109572008252144,DRIVING,Post-lane-change driving
20.206679821014404,11.476437181372807,342.09625244140625,-336.86627197265625,41.0484733581543,0.5,0.0,0.021833697333931923,DRIVING,Post-lane-change driving
20.26399850845337,11.504004657472695,342.5276794433594,-336.4867248535156,41.28407287597656,0.5,0.0,0.021490799263119698,DRIVING,Post-lane-change driving
20.31184673309326,11.52975314388095,342.9586181640625,-336.10455322265625,41.54624938964844,0.5,0.0,0.020289072766900063,DRIVING,Post-lane-change driving
20.364278078079224,11.556789527650835,343.3888244628906,-335.71966552734375,41.77260971069336,0.5,0.0,0.020282629877328873,DRIVING,Post-lane-change driving
20.418909311294556,11.582037351544626,343.8185729980469,-335.3323059082031,42.02269744873047,0.5,0.0,0.01953936368227005,DRIVING,Post-lane-change driving
20.47089958190918,11.608479244485153,344.2476806640625,-334.9422607421875,42.238731384277344,0.5,0.0,0.0199655219912529,DRIVING,Post-lane-change driving
20.526679039001465,11.633200808649814,344.67626953125,-334.5497131347656,42.48125076293945,0.5,0.0,0.019549766555428505,DRIVING,Post-lane-change driving
20.580971240997314,11.65906184528612,345.1041259765625,-334.1545104980469,42.69386291503906,0.5,0.0,0.023614685982465744,DRIVING,Post-lane-change driving
20.64298105239868,11.68301051549171,345.53125,-333.75677490234375,42.949222564697266,0.5,0.0,0.022829007357358932,DRIVING,Post-lane-change driving
20.7005832195282,11.708287608509911,345.9573669433594,-333.3560485839844,43.18901062011719,0.5,0.0,0.022515863180160522,DRIVING,Post-lane-change driving
20.75765109062195,11.731832596157435,346.3826904296875,-332.9527587890625,43.45979309082031,0.5,0.0,0.021182198077440262,DRIVING,Post-lane-change driving
20.813092470169067,11.756713496593362,346.80706787109375,-332.5467224121094,43.69898223876953,0.5,0.0,0.02089530974626541,DRIVING,Post-lane-change driving
20.867640495300293,11.779817178704853,347.2306823730469,-332.1381530761719,43.95985412597656,0.5,0.0,0.019921334460377693,DRIVING,Post-lane-change driving
20.923027515411377,11.80416716961751,347.6534423828125,-331.72698974609375,44.186744689941406,0.5,0.0,0.020098470151424408,DRIVING,Post-lane-change driving
20.979692697525024,11.826805908096375,348.0753479003906,-331.3133544921875,44.43614196777344,0.5,0.0,0.01956789940595627,DRIVING,Post-lane-change driving
21.034638166427612,11.850606651430125,348.4963684082031,-330.8970947265625,44.655242919921875,0.5,0.0,0.023536909371614456,DRIVING,Post-lane-change driving
21.113646507263184,11.872520331343484,348.91644287109375,-330.478271484375,44.913936614990234,0.5,0.0,0.022742416709661484,DRIVING,Post-lane-change driving
21.161640644073486,11.895763222826856,349.3352355957031,-330.05657958984375,45.1579475402832,0.5,0.0,0.02239936590194702,DRIVING,Post-lane-change driving
21.21970820426941,11.917321197479492,349.7530517578125,-329.63232421875,45.430633544921875,0.5,0.0,0.02110653929412365,DRIVING,Post-lane-change driving
21.280285358428955,11.94019918077057,350.169677734375,-329.2054748535156,45.673099517822266,0.5,0.0,0.020831292495131493,DRIVING,Post-lane-change driving
21.33336901664734,11.961353622304417,350.5854187011719,-328.77606201171875,45.935546875,0.5,0.0,0.019919095560908318,DRIVING,Post-lane-change driving
21.387357473373413,11.983738352681657,351.00006103515625,-328.34405517578125,46.16583251953125,0.5,0.0,0.020093878731131554,DRIVING,Post-lane-change driving
21.44641423225403,12.004463500681219,351.41363525390625,-327.90966796875,46.41712951660156,0.5,0.0,0.023061415180563927,DRIVING,Post-lane-change driving
21.500778436660767,12.026152406820444,351.825927734375,-327.4725646972656,46.65379333496094,0.5,0.0,0.023059863597154617,DRIVING,Post-lane-change driving
21.557881355285645,12.046277963681996,352.23699951171875,-327.03289794921875,46.926597595214844,0.5,0.0,0.021850528195500374,DRIVING,Post-lane-change driving
21.616959810256958,12.067719857766013,352.64666748046875,-326.59051513671875,47.17552185058594,0.5,0.0,0.021411575376987457,DRIVING,Post-lane-change driving
21.668089151382446,12.087482090044805,353.05523681640625,-326.1457214355469,47.445247650146484,0.5,0.0,0.02031005173921585,DRIVING,Post-lane-change driving
21.746270179748535,12.108500578945515,353.46246337890625,-325.69830322265625,47.683719635009766,0.5,0.0,0.02025287225842476,DRIVING,Post-lane-change driving
21.804953575134277,12.127867249770718,353.8686218261719,-325.24853515625,47.94068908691406,0.5,0.0,0.019633658230304718,DRIVING,Post-lane-change driving
21.872262954711914,12.148403378337074,354.2734375,-324.7962646484375,48.168575286865234,0.5,0.0,0.019995423033833504,DRIVING,Post-lane-change driving
21.931939363479614,12.167349048322984,354.6771545410156,-324.3416748046875,48.418094635009766,0.5,0.0,0.02316470257937908,DRIVING,Post-lane-change driving
21.993278980255127,12.18722141125718,355.07928466796875,-323.8844299316406,48.6567497253418,0.5,0.0,0.023212473839521408,DRIVING,Post-lane-change driving
22.03871464729309,12.205584462578013,355.48004150390625,-323.42462158203125,48.93191146850586,0.5,0.0,0.022028600797057152,DRIVING,Post-lane-change driving
22.09832262992859,12.225260764496966,355.8791198730469,-322.96221923828125,49.1856803894043,0.5,0.0,0.02153557911515236,DRIVING,Post-lane-change driving
22.152780294418335,12.24329585102899,356.2770080566406,-322.4974365234375,49.459110260009766,0.5,0.0,0.020436115562915802,DRIVING,Post-lane-change driving
22.20285701751709,12.262597877518902,356.6733093261719,-322.0301208496094,49.70273208618164,0.5,0.0,0.020316539332270622,DRIVING,Post-lane-change driving
22.255852937698364,12.280284488219648,357.06829833984375,-321.5605163574219,49.96311569213867,0.5,0.0,0.01968538574874401,DRIVING,Post-lane-change driving
22.312903881072998,12.299139873375347,357.46185302734375,-321.08843994140625,50.19539260864258,0.5,0.0,0.02002721093595028,DRIVING,Post-lane-change driving
22.367004871368408,12.316440022080002,357.85406494140625,-320.6141052246094,50.44763946533203,0.5,0.0,0.02320401556789875,DRIVING,Post-lane-change driving
22.421340465545654,12.334658416173164,358.2445373535156,-320.13720703125,50.69022750854492,0.5,0.0,0.023223061114549637,DRIVING,Post-lane-change driving
22.489628314971924,12.351409913597989,358.63336181640625,-319.6578369140625,50.967891693115234,0.5,0.0,0.02206938900053501,DRIVING,Post-lane-change driving
22.54653787612915,12.369465130811951,359.0204162597656,-319.17596435546875,51.22544479370117,0.5,0.0,0.021565577015280724,DRIVING,Post-lane-change driving
22.60304617881775,12.385924723235966,359.406005859375,-318.6917419433594,51.50132369995117,0.5,0.0,0.020466666668653488,DRIVING,Post-lane-change driving
22.65896487236023,12.403636794212062,359.7898864746094,-318.205078125,51.7485466003418,0.5,0.0,0.020346282050013542,DRIVING,Post-lane-change driving
22.719620943069458,12.419777585495662,360.1722106933594,-317.7162170410156,52.01117706298828,0.5,0.0,0.01973479613661766,DRIVING,Post-lane-change driving
22.773785829544067,12.43707887200034,360.55291748046875,-317.2249450683594,52.24690246582031,0.5,0.0,0.023506218567490578,DRIVING,Post-lane-change driving
22.82935857772827,12.452620531368778,360.9319152832031,-316.7313537597656,52.51533508300781,0.5,0.0,0.022747239097952843,DRIVING,Post-lane-change driving
22.88522696495056,12.469471625731645,361.3088684082031,-316.2351989746094,52.77341079711914,0.5,0.0,0.0222801323980093,DRIVING,Post-lane-change driving
22.939982652664185,12.484807864446815,361.6841735839844,-315.73675537109375,53.05415725708008,0.5,0.0,0.021073730662465096,DRIVING,Post-lane-change driving
22.99929189682007,12.501410861228875,362.0575256347656,-315.23590087890625,53.30929183959961,0.5,0.0,0.020709551870822906,DRIVING,Post-lane-change driving
23.056302309036255,12.516465012820989,362.4292907714844,-314.73284912109375,53.5787467956543,0.5,0.0,0.019911091774702072,DRIVING,Post-lane-change driving
23.11005973815918,12.53269934105297,362.79925537109375,-314.2274475097656,53.82080078125,0.5,0.0,0.020041413605213165,DRIVING,Post-lane-change driving
23.166251182556152,12.547438703539381,363.1675720214844,-313.7199401855469,54.078800201416016,0.5,0.0,0.01968512497842312,DRIVING,Post-lane-change driving
23.223347663879395,12.563286783219933,363.5340270996094,-313.21014404296875,54.31338882446289,0.5,0.0,0.02359597571194172,DRIVING,Post-lane-change driving
23.28190279006958,12.577428560349947,363.8986511230469,-312.6980895996094,54.581886291503906,0.5,0.0,0.022925090044736862,DRIVING,Post-lane-change driving
23.344987869262695,12.592864081537009,364.2610778808594,-312.1836242675781,54.84299087524414,0.5,0.0,0.022456351667642593,DRIVING,Post-lane-change driving
23.404428720474243,12.606829575109435,364.62158203125,-311.66693115234375,55.12672805786133,0.5,0.0,0.021239379420876503,DRIVING,Post-lane-change driving
23.474904537200928,12.622062877286009,364.9800720214844,-311.14788818359375,55.38637161254883,0.5,0.0,0.020822128280997276,DRIVING,Post-lane-change driving
23.521948099136353,12.635781118620347,365.3368225097656,-310.6268005371094,55.6591911315918,0.5,0.0,0.020013801753520966,DRIVING,Post-lane-change driving
23.575618267059326,12.650683299298118,365.6915588378906,-310.1034240722656,55.905418395996094,0.5,0.0,0.020094944164156914,DRIVING,Post-lane-change driving
23.62630319595337,12.664121269147596,366.04443359375,-309.5780334472656,56.166168212890625,0.5,0.0,0.02318553999066353,DRIVING,Post-lane-change driving
23.681408882141113,12.678450718821175,366.3951721191406,-309.0503234863281,56.41846466064453,0.5,0.0,0.023112649098038673,DRIVING,Post-lane-change driving
23.72758936882019,12.691423268669562,366.7437438964844,-308.5204162597656,56.70140838623047,0.5,0.0,0.021980075165629387,DRIVING,Post-lane-change driving
23.77965497970581,12.705665533172894,367.09014892578125,-307.9881896972656,56.966487884521484,0.5,0.0,0.021436460316181183,DRIVING,Post-lane-change driving
23.8403422832489,12.71843524883121,367.4344787597656,-307.4538879394531,57.24627685546875,0.5,0.0,0.020400751382112503,DRIVING,Post-lane-change driving
23.903929948806763,12.732409659185276,367.77679443359375,-306.91741943359375,57.50009536743164,0.5,0.0,0.020264437422156334,DRIVING,Post-lane-change driving
23.94990110397339,12.744934424054975,368.11712646484375,-306.37896728515625,57.76622009277344,0.5,0.0,0.019744710996747017,DRIVING,Post-lane-change driving
24.00809407234192,12.758546001462646,368.4553527832031,-305.8384094238281,58.010658264160156,0.5,0.0,0.019972681999206543,DRIVING,Post-lane-change driving
24.053098440170288,12.770807280801211,368.7915954589844,-305.2958679199219,58.27078628540039,0.5,0.0,0.02318389154970646,DRIVING,Post-lane-change driving
24.109500408172607,12.783914882267434,369.12548828125,-304.75115966796875,58.52411651611328,0.5,0.0,0.023143786936998367,DRIVING,Post-lane-change driving
24.157796382904053,12.795728068684314,369.4571533203125,-304.2043151855469,58.8079948425293,0.5,0.0,0.022078583016991615,DRIVING,Post-lane-change driving
24.20944619178772,12.808781369467068,369.78643798828125,-303.6552734375,59.07564163208008,0.5,0.0,0.021520227193832397,DRIVING,Post-lane-change driving
24.283485412597656,12.82041119326448,370.1135559082031,-303.10430908203125,59.35749053955078,0.5,0.0,0.020518988370895386,DRIVING,Post-lane-change driving
24.327956199645996,12.833228989659407,370.4383850097656,-302.55126953125,59.61452865600586,0.5,0.0,0.020338954403996468,DRIVING,Post-lane-change driving
24.3747341632843,12.844641911673584,370.76116943359375,-301.9963073730469,59.88299560546875,0.5,0.0,0.01982581615447998,DRIVING,Post-lane-change driving
24.42804217338562,12.857151592926195,371.0816955566406,-301.4393310546875,60.1284065246582,0.5,0.0,0.023558005690574646,DRIVING,Post-lane-change driving
24.480981826782227,12.868046747417315,371.39990234375,-300.88037109375,60.40304946899414,0.5,0.0,0.02285969816148281,DRIVING,Post-lane-change driving
24.537095546722412,12.880196828097688,371.7155456542969,-300.3193054199219,60.67137908935547,0.5,0.0,0.02233826369047165,DRIVING,Post-lane-change driving
24.583036184310913,12.8910018392483,372.0289001464844,-299.7562561035156,60.958805084228516,0.5,0.0,0.021191932260990143,DRIVING,Post-lane-change driving
24.66395664215088,12.903013477275191,372.3397521972656,-299.1912536621094,61.22426986694336,0.5,0.0,0.020760411396622658,DRIVING,Post-lane-change driving
24.720902681350708,12.913642606280783,372.64837646484375,-298.6243896484375,61.50016784667969,0.5,0.0,0.020006444305181503,DRIVING,Post-lane-change driving
24.782895803451538,12.925387559573823,372.9547119140625,-298.05560302734375,61.751914978027344,0.5,0.0,0.02008691057562828,DRIVING,Post-lane-change driving
24.856987953186035,12.935795710735364,373.2588195800781,-297.4850158691406,62.015804290771484,0.5,0.0,0.023263227194547653,DRIVING,Post-lane-change driving
24.895111322402954,12.947026142588145,373.560302734375,-296.91241455078125,62.27406311035156,0.5,0.0,0.02314288727939129,DRIVING,Post-lane-change driving
24.956998825073242,12.957034096606623,373.85931396484375,-296.337890625,62.560935974121094,0.5,0.0,0.02205464243888855,DRIVING,Post-lane-change driving
25.009971380233765,12.968257268439412,374.15570068359375,-295.7614440917969,62.83244323730469,0.5,0.0,0.021465834230184555,DRIVING,Post-lane-change driving
25.05295753479004,12.978134489919421,374.44970703125,-295.1832275390625,63.11626434326172,0.5,0.0,0.02048306353390217,DRIVING,Post-lane-change driving
25.10456657409668,12.98915484677003,374.7412414550781,-294.60308837890625,63.376407623291016,0.5,0.0,0.020296024158596992,DRIVING,Post-lane-change driving
25.155090808868408,12.998850823997298,375.0304260253906,-294.0212707519531,63.64643096923828,0.5,0.0,0.019820349290966988,DRIVING,Post-lane-change driving
25.21231198310852,13.009603566317589,375.3171691894531,-293.43768310546875,63.89474868774414,0.5,0.0,0.020079996436834335,DRIVING,Post-lane-change driving
25.265902042388916,13.019081920298378,375.6015930175781,-292.8523864746094,64.15664672851562,0.5,0.0,0.02340349368751049,DRIVING,Post-lane-change driving
25.319584131240845,13.029342998821562,375.8832702636719,-292.26519775390625,64.4157943725586,0.5,0.0,0.02333512157201767,DRIVING,Post-lane-change driving
25.37229633331299,13.038433635070376,376.1623229980469,-291.6762390136719,64.70437622070312,0.5,0.0,0.022263914346694946,DRIVING,Post-lane-change driving
25.420327186584473,13.048719619149322,376.43865966796875,-291.08544921875,64.97933959960938,0.5,0.0,0.02163555845618248,DRIVING,Post-lane-change driving
25.4739670753479,13.057700882330645,376.7124938964844,-290.49298095703125,65.26618194580078,0.5,0.0,0.020620519295334816,DRIVING,Post-lane-change driving
25.527822494506836,13.067813637825019,376.9836730957031,-289.89874267578125,65.52999114990234,0.5,0.0,0.020381806418299675,DRIVING,Post-lane-change driving
25.58889412879944,13.076635949601698,377.25244140625,-289.30291748046875,65.80255889892578,0.5,0.0,0.01988188736140728,DRIVING,Post-lane-change driving
25.653971910476685,13.086501336796168,377.5185852050781,-288.7054138183594,66.05376434326172,0.5,0.0,0.02357819862663746,DRIVING,Post-lane-change driving
25.711475372314453,13.094855754619518,377.7820739746094,-288.106201171875,66.3319091796875,0.5,0.0,0.02291557379066944,DRIVING,Post-lane-change driving
25.788313627243042,13.10440909660396,378.0426940917969,-287.5052490234375,66.60584259033203,0.5,0.0,0.02235979028046131,DRIVING,Post-lane-change driving
25.82389760017395,13.112739556240227,378.3006286621094,-286.9026794433594,66.89674377441406,0.5,0.0,0.02124030701816082,DRIVING,Post-lane-change driving
25.87458825111389,13.12221422785144,378.5557861328125,-286.2984313964844,67.16755676269531,0.5,0.0,0.020783288404345512,DRIVING,Post-lane-change driving
25.928698539733887,13.130416556997625,378.8083801269531,-285.692626953125,67.44673919677734,0.5,0.0,0.020070943981409073,DRIVING,Post-lane-change driving
25.9809467792511,13.139682846975756,379.0583190917969,-285.08526611328125,67.70366668701172,0.5,0.0,0.020123688504099846,DRIVING,Post-lane-change driving
26.042758464813232,13.147716989695201,379.30572509765625,-284.47637939453125,67.97071075439453,0.5,0.0,0.023328067734837532,DRIVING,Post-lane-change driving
26.089951992034912,13.156513249863709,379.5501403808594,-283.8658752441406,68.23411560058594,0.5,0.0,0.023167172446846962,DRIVING,Post-lane-change driving
26.151411533355713,13.164204739296432,379.7917785644531,-283.2537841796875,68.52420043945312,0.5,0.0,0.02211177721619606,DRIVING,Post-lane-change driving
26.227132320404053,13.173048265612088,380.0304870605469,-282.6401062011719,68.80088806152344,0.5,0.0,0.021489495411515236,DRIVING,Post-lane-change driving
26.28590750694275,13.18066055032648,380.26654052734375,-282.02496337890625,69.087890625,0.5,0.0,0.020530717447400093,DRIVING,Post-lane-change driving
26.345996856689453,13.189360846728116,380.499755859375,-281.4083251953125,69.35294342041016,0.5,0.0,0.020317835733294487,DRIVING,Post-lane-change driving
26.404995441436768,13.19683948993771,380.7303466796875,-280.7902526855469,69.62589263916016,0.5,0.0,0.019872670993208885,DRIVING,Post-lane-change driving
26.458092212677002,13.205323915871496,380.9582214355469,-280.1707458496094,69.87885284423828,0.5,0.0,0.023578818887472153,DRIVING,Post-lane-change driving
26.50959348678589,13.212354931868845,381.1832275390625,-279.5497741699219,70.15806579589844,0.5,0.0,0.02294098399579525,DRIVING,Post-lane-change driving
26.58135175704956,13.220552951690875,381.4051208496094,-278.9272766113281,70.43446350097656,0.5,0.0,0.022361746057868004,DRIVING,Post-lane-change driving
26.631985902786255,13.227595790727827,381.6241455078125,-278.3033752441406,70.72693634033203,0.5,0.0,0.021243486553430557,DRIVING,Post-lane-change driving
26.70124650001526,13.235749391005994,381.84027099609375,-277.6780700683594,71.00030517578125,0.5,0.0,0.020766951143741608,DRIVING,Post-lane-change driving
26.75649642944336,13.242696624248522,382.0537109375,-277.0513916015625,71.2808837890625,0.5,0.0,0.02008097432553768,DRIVING,Post-lane-change driving
26.809356451034546,13.250671861109682,382.2642822265625,-276.42340087890625,71.54019165039062,0.5,0.0,0.020107358694076538,DRIVING,Post-lane-change driving
26.869669675827026,13.257478177489498,382.47222900390625,-275.79412841796875,71.80850982666016,0.5,0.0,0.02335275709629059,DRIVING,Post-lane-change driving
26.92790150642395,13.265005972145852,382.6769714355469,-275.1634521484375,72.07429504394531,0.5,0.0,0.02318423241376877,DRIVING,Post-lane-change driving
26.985902547836304,13.271491640427849,382.8787841796875,-274.53143310546875,72.36591339111328,0.5,0.0,0.022149695083498955,DRIVING,Post-lane-change driving
27.048741102218628,13.279093688702636,383.0774230957031,-273.8980712890625,72.6452407836914,0.5,0.0,0.02149149589240551,DRIVING,Post-lane-change driving
27.11202311515808,13.285532332914665,383.2732849121094,-273.2634582519531,72.93383026123047,0.5,0.0,0.020546533167362213,DRIVING,Post-lane-change driving
27.17062020301819,13.293020867671672,383.4662170410156,-272.62762451171875,73.20134735107422,0.5,0.0,0.020328674465417862,DRIVING,Post-lane-change driving
27.222532987594604,13.29934818128612,383.65631103515625,-271.9905700683594,73.47572326660156,0.5,0.0,0.019887439906597137,DRIVING,Post-lane-change driving
27.27695608139038,13.3066481880916,383.8435363769531,-271.3522644042969,73.73104858398438,0.5,0.0,0.023572148755192757,DRIVING,Post-lane-change driving
27.33665370941162,13.312554973713556,384.02777099609375,-270.7127685546875,74.0115737915039,0.5,0.0,0.022967297583818436,DRIVING,Post-lane-change driving
27.39516282081604,13.319588369712394,384.2087707519531,-270.072021484375,74.29032135009766,0.5,0.0,0.022386459633708,DRIVING,Post-lane-change driving
27.450599431991577,13.32553453152862,384.3867492675781,-269.4300842285156,74.58428955078125,0.5,0.0,0.021288013085722923,DRIVING,Post-lane-change driving
27.509284496307373,13.33255083576747,384.5617370605469,-268.7869873046875,74.8602066040039,0.5,0.0,0.02080053836107254,DRIVING,Post-lane-change driving
27.563372373580933,13.338424952127474,384.7338562011719,-268.14276123046875,75.14242553710938,0.5,0.0,0.02013450674712658,DRIVING,Post-lane-change driving
27.617844343185425,13.345289324863472,384.9029235839844,-267.4974060058594,75.40430450439453,0.5,0.0,0.02014937624335289,DRIVING,Post-lane-change driving
27.675100564956665,13.351039925267827,385.069091796875,-266.8509826660156,75.67427062988281,0.5,0.0,0.023373154923319817,DRIVING,Post-lane-change driving
27.735976696014404,13.357481262143422,385.2320861816406,-266.2034606933594,75.9425277709961,0.5,0.0,0.023188743740320206,DRIVING,Post-lane-change driving
27.794939041137695,13.362939343197212,385.3919982910156,-265.5548095703125,76.2356185913086,0.5,0.0,0.022174207493662834,DRIVING,Post-lane-change driving
27.873214721679688,13.369482311806172,385.5486145019531,-264.9050598144531,76.51724243164062,0.5,0.0,0.021501215174794197,DRIVING,Post-lane-change driving
27.937716484069824,13.374921540309336,385.70220947265625,-264.25433349609375,76.8072280883789,0.5,0.0,0.020568443462252617,DRIVING,Post-lane-change driving
27.98492407798767,13.381371954630593,385.8528137207031,-263.6025390625,77.07691192626953,0.5,0.0,0.02032889612019062,DRIVING,Post-lane-change driving
28.0610933303833,13.386721135561576,386.0004577636719,-262.94976806640625,77.3525390625,0.5,0.0,0.019911449402570724,DRIVING,Post-lane-change driving
28.113324880599976,13.393009238418824,386.1451110839844,-262.29608154296875,77.60989379882812,0.5,0.0,0.023592710494995117,DRIVING,Post-lane-change driving
28.184510231018066,13.397948617031718,386.2865905761719,-261.6413879394531,77.89169311523438,0.5,0.0,0.022987449541687965,DRIVING,Post-lane-change driving
28.216828107833862,13.403992509532635,386.4247131347656,-260.9857177734375,78.17255401611328,0.5,0.0,0.022387897595763206,DRIVING,Post-lane-change driving
28.271960258483887,13.409000771562178,386.55975341796875,-260.3291015625,78.46776580810547,0.5,0.0,0.02130907215178013,DRIVING,Post-lane-change driving
28.325894832611084,13.415047991346574,386.69158935546875,-259.67156982421875,78.74571228027344,0.5,0.0,0.02080046571791172,DRIVING,Post-lane-change driving
28.38032627105713,13.420008356937652,386.8203430175781,-259.0131530761719,79.02910614013672,0.5,0.0,0.020124977454543114,DRIVING,Post-lane-change driving
28.435140371322632,13.425923899071245,386.9460754394531,-258.3538513183594,79.29277801513672,0.5,0.0,0.02012704499065876,DRIVING,Post-lane-change driving
28.492549896240234,13.430780574973912,387.0689697265625,-257.6937561035156,79.56360626220703,0.5,0.0,0.023409146815538406,DRIVING,Post-lane-change driving
28.548444032669067,13.43628951712143,387.1883850097656,-257.03277587890625,79.8336181640625,0.5,0.0,0.023220529779791832,DRIVING,Post-lane-change driving
28.605807781219482,13.440871088516651,387.3045959472656,-256.37091064453125,80.12794494628906,0.5,0.0,0.022205883637070656,DRIVING,Post-lane-change driving
28.667566537857056,13.446504510258684,387.4174499511719,-255.708251953125,80.41156768798828,0.5,0.0,0.021521497517824173,DRIVING,Post-lane-change driving
28.723896741867065,13.451084843505928,387.5271911621094,-255.04481506347656,80.70286560058594,0.5,0.0,0.020601384341716766,DRIVING,Post-lane-change driving
28.777513027191162,13.45665412840973,387.63372802734375,-254.38059997558594,80.974609375,0.5,0.0,0.02033214457333088,DRIVING,Post-lane-change driving
28.834665775299072,13.461162334859793,387.7373046875,-253.7156524658203,81.25137329101562,0.5,0.0,0.019927648827433586,DRIVING,Post-lane-change driving
28.890114545822144,13.466584742116629,387.8377685546875,-253.04998779296875,81.51050567626953,0.5,0.0,0.02360829897224903,DRIVING,Post-lane-change driving
28.947527408599854,13.470702606252887,387.93499755859375,-252.38360595703125,81.79336547851562,0.5,0.0,0.02303311787545681,DRIVING,Post-lane-change driving
29.00342059135437,13.475893221455138,388.0287170410156,-251.7164764404297,82.0761489868164,0.5,0.0,0.0224121306091547,DRIVING,Post-lane-change driving
29.066004753112793,13.480098436518638,388.1192626953125,-251.04869079589844,82.3726577758789,0.5,0.0,0.0213338490575552,DRIVING,Post-lane-change driving
29.130889177322388,13.485318383184591,388.2064514160156,-250.38018798828125,82.65252685546875,0.5,0.0,0.02080230787396431,DRIVING,Post-lane-change driving
29.188770294189453,13.489496634969335,388.29058837890625,-249.71109008789062,82.93699645996094,0.5,0.0,0.020145123824477196,DRIVING,Post-lane-change driving
29.254241704940796,13.494607266506964,388.37152099609375,-249.04132080078125,83.20235443115234,0.5,0.0,0.02013218216598034,DRIVING,Post-lane-change driving
29.327022314071655,13.498696635316664,388.4494934082031,-248.3710174560547,83.47415161132812,0.5,0.0,0.023423627018928528,DRIVING,Post-lane-change driving
29.39890456199646,13.503409327396708,388.52398681640625,-247.7000732421875,83.74574279785156,0.5,0.0,0.02322889119386673,DRIVING,Post-lane-change driving
29.45724844932556,13.507240581692672,388.5950622558594,-247.02854919433594,84.0410385131836,0.5,0.0,0.022211991250514984,DRIVING,Post-lane-change driving
29.5289044380188,13.512103367784121,388.662841796875,-246.3564453125,84.32628631591797,0.5,0.0,0.021528316661715508,DRIVING,Post-lane-change driving
29.59445571899414,13.51595123735276,388.7273864746094,-245.683837890625,84.61851501464844,0.5,0.0,0.020616358146071434,DRIVING,Post-lane-change driving
29.660014629364014,13.52075915708251,388.7886657714844,-245.0106964111328,84.8917465209961,0.5,0.0,0.020345665514469147,DRIVING,Post-lane-change driving
29.76490354537964,13.524556112797113,388.8468322753906,-244.33706665039062,85.16941833496094,0.5,0.0,0.019949179142713547,DRIVING,Post-lane-change driving
29.842846870422363,13.52924080201937,388.90185546875,-243.66294860839844,85.43009185791016,0.5,0.0,0.023618532344698906,DRIVING,Post-lane-change driving
29.923784732818604,13.532658610661262,388.9535827636719,-242.98837280273438,85.71388244628906,0.5,0.0,0.023049546405673027,DRIVING,Post-lane-change driving
29.979933738708496,13.537121956865363,389.0017395019531,-242.3133087158203,85.99820709228516,0.5,0.0,0.022423794493079185,DRIVING,Post-lane-change driving
30.04855966567993,13.540647476906527,389.0466003417969,-241.6378631591797,86.29566192626953,0.5,0.0,0.02155384235084057,DRIVING,Post-lane-change driving
30.108570098876953,13.545145397865015,389.0881042480469,-240.9619598388672,86.57791137695312,0.5,0.0,0.020631667226552963,DRIVING,Post-lane-change driving
30.178080320358276,13.548677130571766,389.1264343261719,-240.2857208251953,86.86338806152344,0.5,0.0,0.01903759501874447,DRIVING,Post-lane-change driving
30.24446392059326,13.55316515671754,389.16156005859375,-239.60906982421875,87.12504577636719,0.5,0.0,0.017686063423752785,DRIVING,Post-lane-change driving
30.31568145751953,13.556754176732113,389.19390869140625,-238.9320831298828,87.38219451904297,0.5,0.0,0.01848466321825981,DRIVING,Post-lane-change driving
30.38446879386902,13.56104440791166,389.2232360839844,-238.25474548339844,87.6208724975586,0.5,0.0,0.016710875555872917,DRIVING,Post-lane-change driving
30.440746068954468,13.564597491786975,389.2497863769531,-237.57711791992188,87.86117553710938,0.5,0.0,0.014409110881388187,DRIVING,Post-lane-change driving
30.49941325187683,13.568968471018831,389.2737731933594,-236.89920043945312,88.07192993164062,0.5,0.0,0.012658790685236454,DRIVING,Post-lane-change driving
30.545361757278442,13.572604726172539,389.2955627441406,-236.2209930419922,88.27195739746094,0.5,0.0,0.010885640978813171,DRIVING,Post-lane-change driving
30.595893144607544,13.576877291219072,389.3152160644531,-235.54251098632812,88.43850708007812,0.5,0.0,0.00987709779292345,DRIVING,Post-lane-change driving
30.64791989326477,13.58053026127343,389.3331298828125,-234.86380004882812,88.59671783447266,0.5,0.0,0.008844343945384026,DRIVING,Post-lane-change driving
30.705888271331787,13.584668419501108,389.34918212890625,-234.18484497070312,88.72745513916016,0.5,0.0,0.009849763475358486,DRIVING,Post-lane-change driving
30.760460376739502,13.58824458084246,389.36358642578125,-233.50564575195312,88.86317443847656,0.5,0.0,0.008872462436556816,DRIVING,Post-lane-change driving
30.821661233901978,13.592259945966404,389.3763732910156,-232.8262481689453,88.9828872680664,0.5,0.0,0.008162206970155239,DRIVING,Post-lane-change driving
30.882485151290894,13.595839259393589,389.38775634765625,-232.14663696289062,89.10590362548828,0.5,0.0,0.007109490223228931,DRIVING,Post-lane-change driving
30.948869943618774,13.599785057259114,389.39776611328125,-231.466796875,89.20799255371094,0.5,0.0,0.0065278951078653336,DRIVING,Post-lane-change driving
31.009454250335693,13.603337044719643,389.40667724609375,-230.78677368164062,89.31121826171875,0.5,0.0,0.005731564946472645,DRIVING,Post-lane-change driving
31.073049783706665,13.607182037573947,389.4143981933594,-230.1065216064453,89.39385223388672,0.5,0.0,0.005420275963842869,DRIVING,Post-lane-change driving
31.139901638031006,13.610692567861161,389.4211730957031,-229.42608642578125,89.47953796386719,0.5,0.0,0.004855784587562084,DRIVING,Post-lane-change driving
31.202419996261597,13.614437056966135,389.42706298828125,-228.74546813964844,89.54721069335938,0.5,0.0,0.004740598611533642,DRIVING,Post-lane-change driving
31.266899585723877,13.617895472795206,389.4320983886719,-228.06468200683594,89.62052917480469,0.5,0.0,0.004300984088331461,DRIVING,Post-lane-change driving
31.32138991355896,13.621540798873616,389.436279296875,-227.38368225097656,89.67819213867188,0.5,0.0,0.004242194816470146,DRIVING,Post-lane-change driving
31.382801294326782,13.624938368615245,389.43975830078125,-226.7025146484375,89.74304962158203,0.5,0.0,0.003822561353445053,DRIVING,Post-lane-change driving
31.44619655609131,13.62849687099501,389.4425354003906,-226.0211639404297,89.79340362548828,0.5,0.0,0.0037755463272333145,DRIVING,Post-lane-change driving
31.50890302658081,13.631832498614987,389.4447326660156,-225.33966064453125,89.85150146484375,0.5,0.0,0.0033745926339179277,DRIVING,Post-lane-change driving
31.5688738822937,13.635305667655846,389.4461669921875,-224.657958984375,89.8955307006836,0.5,0.0,0.0033167703077197075,DRIVING,Post-lane-change driving
31.63190245628357,13.63858037189103,389.4471435546875,-223.97608947753906,89.94744110107422,0.5,0.0,0.00292061734944582,DRIVING,Post-lane-change driving
31.69644856452942,13.64197256728843,389.4475402832031,-223.29405212402344,89.98546600341797,0.5,0.0,0.0028916550800204277,DRIVING,Post-lane-change driving
31.761956214904785,13.645185682494882,389.44744873046875,-222.61187744140625,90.03150177001953,0.5,0.0,0.002515118569135666,DRIVING,Post-lane-change driving
31.82558536529541,13.6484954383968,389.4468688964844,-221.92950439453125,90.06390380859375,0.5,0.0,0.0025124845560640097,DRIVING,Post-lane-change driving
31.883735418319702,13.6516473095499,389.4458923339844,-221.2469940185547,90.10453796386719,0.5,0.0,0.002175036584958434,DRIVING,Post-lane-change driving
31.94843316078186,13.65487499615464,389.44451904296875,-220.56431579589844,90.13197326660156,0.5,0.0,0.002207085257396102,DRIVING,Post-lane-change driving
32.01058602333069,13.65795811445476,389.4427795410156,-219.88145446777344,90.16802215576172,0.5,0.0,0.0018916581757366657,DRIVING,Post-lane-change driving
32.07497453689575,13.661107349689821,389.4406433105469,-219.198486328125,90.1913070678711,0.5,0.0,0.0019363132305443287,DRIVING,Post-lane-change driving
32.150896310806274,13.66413036731001,389.438232421875,-218.51535034179688,90.22341918945312,0.5,0.0,0.0016464653890579939,DRIVING,Post-lane-change driving
32.191012382507324,13.667204708562576,389.4354248046875,-217.83204650878906,90.24311828613281,0.5,0.0,0.00170001236256212,DRIVING,Post-lane-change driving
32.24700403213501,13.670165692002344,389.432373046875,-217.1486053466797,90.27183532714844,0.5,0.0,0.0014177802950143814,DRIVING,Post-lane-change driving
32.30826663970947,13.673169085163455,389.4290466308594,-216.4650115966797,90.28836059570312,0.5,0.0,0.0014916592044755816,DRIVING,Post-lane-change driving
32.36472034454346,13.676068611923688,389.425537109375,-215.78128051757812,90.31403350830078,0.5,0.0,0.0012354800710454583,DRIVING,Post-lane-change driving
32.41812801361084,13.679001302988699,389.4216613769531,-215.09739685058594,90.32785034179688,0.5,0.0,0.0013092166045680642,DRIVING,Post-lane-change driving
32.48148012161255,13.681842196916564,389.4176330566406,-214.4133758544922,90.35088348388672,0.5,0.0,0.0010556491324678063,DRIVING,Post-lane-change driving
32.53239846229553,13.684706853007112,389.41339111328125,-213.72921752929688,90.36226654052734,0.5,0.0,0.0011552526848390698,DRIVING,Post-lane-change driving
32.59630084037781,13.687484907949747,389.4089660644531,-213.04489135742188,90.38300323486328,0.5,0.0,0.0009129390236921608,DRIVING,Post-lane-change driving
32.65219593048096,13.690277610325143,389.40435791015625,-212.36045837402344,90.39225769042969,0.5,0.0,0.0010182270780205727,DRIVING,Post-lane-change driving
32.710652589797974,13.692993275814388,389.3995666503906,-211.67587280273438,90.4110107421875,0.5,0.0,0.0007818331941962242,DRIVING,Post-lane-change driving
32.771324634552,13.695721234356746,389.39459228515625,-210.9911651611328,90.41844177246094,0.5,0.0,0.0008927102317102253,DRIVING,Post-lane-change driving
32.828062772750854,13.698378006007477,389.3895263671875,-210.3063201904297,90.43538665771484,0.5,0.0,0.0006714063347317278,DRIVING,Post-lane-change driving
32.8809335231781,13.701044124035718,389.38427734375,-209.621337890625,90.44120025634766,0.5,0.0,0.0007910532876849174,DRIVING,Post-lane-change driving
32.92945742607117,13.703645914419567,389.3789367675781,-208.93621826171875,90.45662689208984,0.5,0.0,0.0005752305150963366,DRIVING,Post-lane-change driving
32.982783794403076,13.706249165317088,389.37347412109375,-208.25099182128906,90.46105194091797,0.5,0.0,0.0007060563075356185,DRIVING,Post-lane-change driving
33.03589415550232,13.708795106454572,389.3678894042969,-207.56561279296875,90.47517395019531,0.5,0.0,0.0004936071927659214,DRIVING,Post-lane-change driving
33.088847160339355,13.711339400835131,389.3621826171875,-206.880126953125,90.47843170166016,0.5,0.0,0.0006232648156583309,DRIVING,Post-lane-change driving
33.143582344055176,13.713829271472378,389.35638427734375,-206.19451904296875,90.49138641357422,0.5,0.0,0.0004146622377447784,DRIVING,Post-lane-change driving
33.198901414871216,13.716316426737343,389.3504943847656,-205.50880432128906,90.49358367919922,0.5,0.0,0.0005496187950484455,DRIVING,Post-lane-change driving
33.25290560722351,13.71875033321797,389.3445129394531,-204.82293701171875,90.50548553466797,0.5,0.0,0.00035107063013128936,DRIVING,Post-lane-change driving
33.304811239242554,13.721180640866853,389.3384704589844,-204.136962890625,90.50672912597656,0.5,0.0,0.0004927628324367106,DRIVING,Post-lane-change driving
33.35890293121338,13.72356077994179,389.3323669433594,-203.4508514404297,90.51771545410156,0.5,0.0,0.0002996871480718255,DRIVING,Post-lane-change driving
33.41190218925476,13.725929649656246,389.32611083984375,-202.7646484375,90.51822662353516,0.5,0.0,0.00043578341137617826,DRIVING,Post-lane-change driving
33.46670055389404,13.72825489126412,389.3199157714844,-202.0782928466797,90.5284194946289,0.5,0.0,0.00025416832068003714,DRIVING,Post-lane-change driving
33.529314279556274,13.73057008133077,389.31353759765625,-201.39183044433594,90.52823638916016,0.5,0.0,0.0003883889294229448,DRIVING,Post-lane-change driving
33.594568729400635,13.732844468101586,389.30718994140625,-200.7052764892578,90.53779602050781,0.5,0.0,0.00020786422828678042,DRIVING,Post-lane-change driving
33.6573486328125,13.735105874329857,389.30072021484375,-200.01858520507812,90.53699493408203,0.5,0.0,0.00034771914943121374,DRIVING,Post-lane-change driving
33.72088289260864,13.737330531333951,389.2943420410156,-199.331787109375,90.5458984375,0.5,0.0,0.00018406781600788236,DRIVING,Post-lane-change driving
33.78135371208191,13.739543590090893,389.2876892089844,-198.6448974609375,90.54463195800781,0.5,0.0,0.0003094509884249419,DRIVING,Post-lane-change driving
33.84099340438843,13.741718422611688,389.2810974121094,-197.9578857421875,90.55305480957031,0.5,0.0,0.00012682119267992675,DRIVING,Post-lane-change driving
33.90216040611267,13.743878190760052,389.2744445800781,-197.270751953125,90.55123138427734,0.5,0.0,0.0002757781185209751,DRIVING,Post-lane-change driving
33.95540142059326,13.74600548003144,389.2678527832031,-196.58352661132812,90.55905151367188,0.5,0.0,0.00010828409722307697,DRIVING,Post-lane-change driving
34.029765367507935,13.748118955104069,389.2611999511719,-195.89620971679688,90.55683135986328,0.5,0.0,0.00027045715251006186,DRIVING,Post-lane-change driving
34.08203458786011,13.75020029973583,389.2544860839844,-195.20877075195312,90.56434631347656,0.5,0.0,9.815202065510675e-05,DRIVING,Post-lane-change driving
34.14223122596741,13.752265588376343,389.2476501464844,-194.52122497558594,90.56193542480469,0.5,0.0,0.00023173820227384567,DRIVING,Post-lane-change driving
34.206297636032104,13.75429978050841,389.2408447265625,-193.83358764648438,90.56917572021484,0.5,0.0,5.36400439159479e-05,DRIVING,Post-lane-change driving
34.26805520057678,13.756316972471291,389.2339782714844,-193.14585876464844,90.56635284423828,0.5,0.0,0.00020101419067941606,DRIVING,Post-lane-change driving
34.331576108932495,13.758301777188773,389.2271728515625,-192.45802307128906,90.57310485839844,0.5,0.0,3.917112189810723e-05,DRIVING,Post-lane-change driving
34.39290714263916,13.760269028613429,389.2203369140625,-191.77008056640625,90.5699462890625,0.5,0.0,0.00020273055997677147,DRIVING,Post-lane-change driving
34.45628619194031,13.762209069132984,389.2135314941406,-191.08203125,90.57649230957031,0.5,0.0,4.7782981710042804e-05,DRIVING,Post-lane-change driving
34.52326703071594,13.764132565496727,389.2066650390625,-190.39390563964844,90.57328033447266,0.5,0.0,0.0002081644197460264,DRIVING,Post-lane-change driving
34.59324240684509,13.766030631418976,389.19970703125,-189.70567321777344,90.57984924316406,0.5,0.0,2.7542901079868898e-05,DRIVING,Post-lane-change driving
34.65513777732849,13.767910328115235,389.19268798828125,-189.01736450195312,90.57657623291016,0.5,0.0,0.00016500336641911417,DRIVING,Post-lane-change driving
34.72012114524841,13.76976504349217,389.1856994628906,-188.3289337158203,90.58285522460938,0.5,0.0,-1.090264595404733e-05,DRIVING,Post-lane-change driving
34.7910590171814,13.771601761223899,389.1786193847656,-187.6404266357422,90.5792007446289,0.5,0.0,0.00012934055121149868,DRIVING,Post-lane-change driving
34.9002640247345,13.7734164589152,389.171630859375,-186.9518280029297,90.58499908447266,0.5,0.0,-3.055305205634795e-05,DRIVING,Post-lane-change driving
34.94311261177063,13.775211702890843,389.16461181640625,-186.2631378173828,90.58097839355469,0.5,0.0,0.00013191373727750033,DRIVING,Post-lane-change driving
35.00769758224487,13.776986502239957,389.1575622558594,-185.57437133789062,90.58654022216797,0.5,0.0,-3.0027054890524596e-05,DRIVING,Post-lane-change driving
35.06390452384949,13.778743452019386,389.1505432128906,-184.885498046875,90.58245849609375,0.5,0.0,0.00013446598313748837,DRIVING,Post-lane-change driving
35.11796045303345,13.780478120205554,389.1435546875,-184.196533203125,90.58795928955078,0.5,0.0,-1.545186751172878e-05,DRIVING,Post-lane-change driving
35.16969347000122,13.782194394224549,389.136474609375,-183.5074920654297,90.58392333984375,0.5,0.0,0.0001425982773071155,DRIVING,Post-lane-change driving
35.21913528442383,13.78389098775049,389.1294860839844,-182.81837463378906,90.58950805664062,0.5,0.0,-1.010053438221803e-05,DRIVING,Post-lane-change driving
35.27195596694946,13.785569150704706,389.1224060058594,-182.12918090820312,90.58558654785156,0.5,0.0,0.00013914330338593572,DRIVING,Post-lane-change driving
35.328890800476074,13.787226473046687,389.11541748046875,-181.43988037109375,90.59120178222656,0.5,0.0,-1.4530041880789213e-05,DRIVING,Post-lane-change driving
35.37923717498779,13.788868273296439,389.1083984375,-180.75050354003906,90.58727264404297,0.5,0.0,0.00015252312005031854,DRIVING,Post-lane-change driving
35.431180477142334,13.79048799656805,389.1013488769531,-180.06105041503906,90.5929183959961,0.5,0.0,-1.2512159628386144e-05,DRIVING,Post-lane-change driving
35.49651598930359,13.79209068850226,389.0943298339844,-179.3715057373047,90.58907318115234,0.5,0.0,0.0001486387336626649,DRIVING,Post-lane-change driving
35.55182886123657,13.793669258280486,389.0871887207031,-178.681884765625,90.59471893310547,0.5,0.0,-3.107472730334848e-05,DRIVING,Post-lane-change driving
35.61989879608154,13.795231285761492,389.0799255371094,-177.99220275878906,90.59081268310547,0.5,0.0,8.804189565125853e-05,DRIVING,Post-lane-change driving
35.68282985687256,13.796773579268297,389.0727233886719,-177.3024444580078,90.5960922241211,0.5,0.0,-8.43383459141478e-05,DRIVING,Post-lane-change driving
35.745121479034424,13.798300851442058,389.0654602050781,-176.6125946044922,90.59165954589844,0.5,0.0,5.2353185310494155e-05,DRIVING,Post-lane-change driving
35.801238775253296,13.799810883865653,389.0582580566406,-175.9226531982422,90.59637451171875,0.5,0.0,-0.00010115713666891679,DRIVING,Post-lane-change driving
35.859678506851196,13.801303465940041,389.0509948730469,-175.23265075683594,90.59151458740234,0.5,0.0,4.980315134162083e-05,DRIVING,Post-lane-change driving
35.91717290878296,13.802780007858422,389.0438232421875,-174.54258728027344,90.59596252441406,0.5,0.0,-8.988385525299236e-05,DRIVING,Post-lane-change driving
35.981794357299805,13.804240365334353,389.03656005859375,-173.8524627685547,90.59101104736328,0.5,0.0,6.41550577711314e-05,DRIVING,Post-lane-change driving
36.04267477989197,13.805683734749158,389.02935791015625,-173.16221618652344,90.59550476074219,0.5,0.0,-8.192979294108227e-05,DRIVING,Post-lane-change driving
36.1026873588562,13.807110701430146,389.0220947265625,-172.471923828125,90.59063720703125,0.5,0.0,6.933878466952592e-05,DRIVING,Post-lane-change driving
36.16290593147278,13.80852164367722,389.0149230957031,-171.78158569335938,90.59520721435547,0.5,0.0,-7.436805026372895e-05,DRIVING,Post-lane-change driving
36.22213649749756,13.809917294892927,389.0076599121094,-171.09115600585938,90.59049224853516,0.5,0.0,7.184104470070451e-05,DRIVING,Post-lane-change driving
36.28597593307495,13.811295821941487,389.0004577636719,-170.400634765625,90.59508514404297,0.5,0.0,-7.749954238533974e-05,DRIVING,Post-lane-change driving
36.340433835983276,13.812658920939501,388.9931945800781,-169.71006774902344,90.59037780761719,0.5,0.0,7.337722490774468e-05,DRIVING,Post-lane-change driving
36.39118814468384,13.814007026085125,388.9859924316406,-169.0194549560547,90.59498596191406,0.5,0.0,-7.64469732530415e-05,DRIVING,Post-lane-change driving
36.447391986846924,13.815340608761796,388.9787292480469,-168.32872009277344,90.59032440185547,0.5,0.0,6.803561700507998e-05,DRIVING,Post-lane-change driving
36.49807071685791,13.816658026611636,388.9715576171875,-167.63796997070312,90.59491729736328,0.5,0.0,-7.636052032466978e-05,DRIVING,Post-lane-change driving
36.54989171028137,13.817961165707278,388.96429443359375,-166.9471435546875,90.59024047851562,0.5,0.0,7.355121488217264e-05,DRIVING,Post-lane-change driving
36.60590171813965,13.819249238248524,388.95709228515625,-166.2562255859375,90.59484100341797,0.5,0.0,-7.596865179948509e-05,DRIVING,Post-lane-change driving
36.66433811187744,13.820523731793699,388.9498291015625,-165.56527709960938,90.59022521972656,0.5,0.0,6.704128463752568e-05,DRIVING,Post-lane-change driving
36.72553205490112,13.821784858631895,388.9426574707031,-164.87425231933594,90.59476470947266,0.5,0.0,-7.552570605184883e-05,DRIVING,Post-lane-change driving
36.78980779647827,13.823029855845203,388.9353942871094,-164.18313598632812,90.59010314941406,0.5,0.0,7.392950647044927e-05,DRIVING,Post-lane-change driving
36.84944438934326,13.824261675888716,388.9281921386719,-163.49200439453125,90.59468841552734,0.5,0.0,-7.50317340134643e-05,DRIVING,Post-lane-change driving
36.910094261169434,13.825479937948327,388.9209289550781,-162.80078125,90.590087890625,0.5,0.0,7.241498678922653e-05,DRIVING,Post-lane-change driving
36.97191023826599,13.826679253485798,388.9137268066406,-162.1094970703125,90.59464263916016,0.5,0.0,-7.552929309895262e-05,DRIVING,Post-lane-change driving
37.03428554534912,13.82786507315203,388.9064636230469,-161.4181671142578,90.59005737304688,0.5,0.0,6.654293974861503e-05,DRIVING,Post-lane-change driving
37.13161087036133,13.829035585857858,388.8992919921875,-160.72677612304688,90.59457397460938,0.5,0.0,-7.518764323322102e-05,DRIVING,Post-lane-change driving
37.186277627944946,13.830194768477751,388.89202880859375,-160.03533935546875,90.58995819091797,0.5,0.0,7.281964644789696e-05,DRIVING,Post-lane-change driving
37.241838216781616,13.831341665550422,388.88482666015625,-159.3438262939453,90.594482421875,0.5,0.0,-7.403210474876687e-05,DRIVING,Post-lane-change driving
37.303534269332886,13.83247507499317,388.8775634765625,-158.6522674560547,90.58992004394531,0.5,0.0,7.219564577098936e-05,DRIVING,Post-lane-change driving
37.34958362579346,13.83359617606558,388.8703918457031,-157.9606475830078,90.59444427490234,0.5,0.0,-6.976573058636859e-05,DRIVING,Post-lane-change driving
37.39489483833313,13.834703035010598,388.8631286621094,-157.2689666748047,90.58992004394531,0.5,0.0,7.524141983594745e-05,DRIVING,Post-lane-change driving
37.44690704345703,13.835798468035788,388.8559265136719,-156.57723999023438,90.5944595336914,0.5,0.0,-7.209448813227937e-05,DRIVING,Post-lane-change driving
37.498955726623535,13.836881385681385,388.8486633300781,-155.8854522705078,90.58995819091797,0.5,0.0,7.21756077837199e-05,DRIVING,Post-lane-change driving
37.548914432525635,13.837951940564558,388.8414611816406,-155.193603515625,90.594482421875,0.5,0.0,-7.462668145308271e-05,DRIVING,Post-lane-change driving
37.60204601287842,13.839009044117832,388.8341979980469,-154.501708984375,90.58995056152344,0.5,0.0,7.06612627254799e-05,DRIVING,Post-lane-change driving
37.653637409210205,13.840056688140907,388.8270263671875,-153.8097686767578,90.5944595336914,0.5,0.0,-7.071805885061622e-05,DRIVING,Post-lane-change driving
37.710521936416626,13.841092016744627,388.81976318359375,-153.11776733398438,90.58995056152344,0.5,0.0,7.383258343907073e-05,DRIVING,Post-lane-change driving
37.761411905288696,13.842115901317436,388.81256103515625,-152.42572021484375,90.5944595336914,0.5,0.0,-7.243657455546781e-05,DRIVING,Post-lane-change driving
37.817906618118286,13.843128240894467,388.8052978515625,-151.73361206054688,90.58995819091797,0.5,0.0,7.677430403418839e-05,DRIVING,Post-lane-change driving
37.86888575553894,13.844128393591058,388.7981262207031,-151.04147338867188,90.5944595336914,0.5,0.0,-6.432724330807105e-05,DRIVING,Post-lane-change driving
37.92790174484253,13.84511715109092,388.7908630371094,-150.34927368164062,90.59005737304688,0.5,0.0,7.671425555599853e-05,DRIVING,Post-lane-change driving
37.97689461708069,13.846095305756515,388.7836608886719,-149.6570281982422,90.59458923339844,0.5,0.0,-7.026825187494978e-05,DRIVING,Post-lane-change driving
38.026904582977295,13.847062873380187,388.7763977050781,-148.96473693847656,90.59015655517578,0.5,0.0,7.179103704402223e-05,DRIVING,Post-lane-change driving
38.0853545665741,13.84801897619043,388.7691955566406,-148.2723846435547,90.59466552734375,0.5,0.0,-7.440353510901332e-05,DRIVING,Post-lane-change driving
38.14094924926758,13.84896357510229,388.7619323730469,-147.5800018310547,90.59020233154297,0.5,0.0,7.358631410170346e-05,DRIVING,Post-lane-change driving
38.19783926010132,13.849898812642266,388.7547607421875,-146.88755798339844,90.59467315673828,0.5,0.0,-6.644981476711109e-05,DRIVING,Post-lane-change driving
38.24995565414429,13.85082173769999,388.74749755859375,-146.195068359375,90.59024047851562,0.5,0.0,7.566065323771909e-05,DRIVING,Post-lane-change driving
38.30500340461731,13.851735041341197,388.74029541015625,-145.50254821777344,90.59474182128906,0.5,0.0,-7.025524246273562e-05,DRIVING,Post-lane-change driving
38.366350412368774,13.85263871470063,388.7330322265625,-144.80996704101562,90.59032440185547,0.5,0.0,7.625912985531613e-05,DRIVING,Post-lane-change driving
38.409425497055054,13.853532040287424,388.7258605957031,-144.11734008789062,90.5948257446289,0.5,0.0,-6.477061833720654e-05,DRIVING,Post-lane-change driving
38.46000933647156,13.854414932773015,388.7185974121094,-143.42466735839844,90.5904312133789,0.5,0.0,7.609416206832975e-05,DRIVING,Post-lane-change driving
38.5149028301239,13.85528818386818,388.7113952636719,-142.73196411132812,90.5949478149414,0.5,0.0,-7.028067921055481e-05,DRIVING,Post-lane-change driving
38.565191984176636,13.856152767705064,388.7041320800781,-142.03919982910156,90.59056091308594,0.5,0.0,7.521629595430568e-05,DRIVING,Post-lane-change driving
38.61998748779297,13.857006017031443,388.6969299316406,-141.34642028808594,90.59505462646484,0.5,0.0,-7.03707555658184e-05,DRIVING,Post-lane-change driving
38.6685996055603,13.857848679579634,388.6896667480469,-140.653564453125,90.59063720703125,0.5,0.0,7.128297147573903e-05,DRIVING,Post-lane-change driving
38.720691442489624,13.858681762721856,388.6824951171875,-139.960693359375,90.59508514404297,0.5,0.0,-6.300737732090056e-05,DRIVING,Post-lane-change driving
38.7712767124176,13.85950657935917,388.67523193359375,-139.2677764892578,90.59070587158203,0.5,0.0,7.738752174191177e-05,DRIVING,Post-lane-change driving
38.82171058654785,13.860320741506527,388.66802978515625,-138.57479858398438,90.59517669677734,0.5,0.0,-6.253957690205425e-05,DRIVING,Post-lane-change driving
38.87307381629944,13.86112071641749,388.6607666015625,-137.8817901611328,90.59087371826172,0.5,0.0,7.535037730121985e-05,DRIVING,Post-lane-change driving
38.9269335269928,13.861911916547406,388.6535949707031,-137.18875122070312,90.59534454345703,0.5,0.0,-6.456480332417414e-05,DRIVING,Post-lane-change driving
38.99719190597534,13.862694675932344,388.6463317871094,-136.49566650390625,90.59101104736328,0.5,0.0,7.922736403997988e-05,DRIVING,Post-lane-change driving
39.03954339027405,13.863469823894166,388.6391296386719,-135.80255126953125,90.59550476074219,0.5,0.0,-6.631089490838349e-05,DRIVING,Post-lane-change driving
39.09502863883972,13.864237240269368,388.6318664550781,-135.10939025878906,90.59120178222656,0.5,0.0,7.648924656677991e-05,DRIVING,Post-lane-change driving
39.148173093795776,13.864995143536266,388.6246643066406,-134.4161834716797,90.5956802368164,0.5,0.0,-6.854077219031751e-05,DRIVING,Post-lane-change driving
39.2059006690979,13.865743440860886,388.6174011230469,-133.72296142578125,90.59134674072266,0.5,0.0,7.527654088335112e-05,DRIVING,Post-lane-change driving
39.26095724105835,13.866485113684414,388.6102294921875,-133.02967834472656,90.59577941894531,0.5,0.0,-6.331874465104192e-05,DRIVING,Post-lane-change driving
39.31715106964111,13.867217383377062,388.60296630859375,-132.3363800048828,90.59146881103516,0.5,0.0,7.976070628501475e-05,DRIVING,Post-lane-change driving
39.3674430847168,13.86794200794807,388.59576416015625,-131.6430206298828,90.59593200683594,0.5,0.0,-6.473629036918283e-05,DRIVING,Post-lane-change driving
39.42597055435181,13.8686570210508,388.5885009765625,-130.94964599609375,90.59165954589844,0.5,0.0,7.709683268330991e-05,DRIVING,Post-lane-change driving
39.47707486152649,13.869364392501359,388.5813293457031,-130.25624084472656,90.59612274169922,0.5,0.0,-6.249186844797805e-05,DRIVING,Post-lane-change driving
39.52910876274109,13.870064242938856,388.5740661621094,-129.56277465820312,90.59185028076172,0.5,0.0,7.934103632578626e-05,DRIVING,Post-lane-change driving
39.58363938331604,13.870756424359342,388.5668640136719,-128.86929321289062,90.59630584716797,0.5,0.0,-6.487720384029672e-05,DRIVING,Post-lane-change driving
39.64952778816223,13.871439957893136,388.5596008300781,-128.17578125,90.592041015625,0.5,0.0,7.672663923585787e-05,DRIVING,Post-lane-change driving
39.694679260253906,13.872116801228204,388.5523986816406,-127.48222351074219,90.59648132324219,0.5,0.0,-6.695800402667373e-05,DRIVING,Post-lane-change driving
39.74108147621155,13.872785978756118,388.5451354980469,-126.78862762451172,90.59220123291016,0.5,0.0,7.514173194067553e-05,DRIVING,Post-lane-change driving
39.78876447677612,13.87344658582181,388.5379638671875,-126.09500885009766,90.59661865234375,0.5,0.0,-6.28851557848975e-05,DRIVING,Post-lane-change driving
39.83889102935791,13.874099716470539,388.53070068359375,-125.40135192871094,90.59234619140625,0.5,0.0,7.898539479356259e-05,DRIVING,Post-lane-change driving
39.88859009742737,13.874746118402536,388.52349853515625,-124.7076644897461,90.59678649902344,0.5,0.0,-5.979250272503123e-05,DRIVING,Post-lane-change driving
39.93938732147217,13.87538500297175,388.5162353515625,-124.01395416259766,90.5925521850586,0.5,0.0,7.593683403683826e-05,DRIVING,Post-lane-change driving
39.99702024459839,13.876016008683768,388.5090637207031,-123.32020568847656,90.59700012207031,0.5,0.0,-5.820131264044903e-05,DRIVING,Post-lane-change driving
40.04471015930176,13.87664067237055,388.5018005371094,-122.62641143798828,90.59278106689453,0.5,0.0,7.703212759224698e-05,DRIVING,Post-lane-change driving
40.09489727020264,13.87725836904487,388.4945983886719,-121.93260192871094,90.59722900390625,0.5,0.0,-6.198871415108442e-05,DRIVING,Post-lane-change driving
40.14863872528076,13.877868583441213,388.4873352050781,-121.23875427246094,90.593017578125,0.5,0.0,7.788486982462928e-05,DRIVING,Post-lane-change driving
40.20026636123657,13.87847204241445,388.4801330566406,-120.54488372802734,90.59744262695312,0.5,0.0,-6.522984040202573e-05,DRIVING,Post-lane-change driving
40.25128149986267,13.879067845743714,388.4728698730469,-119.85098266601562,90.59322357177734,0.5,0.0,7.491066207876429e-05,DRIVING,Post-lane-change driving
40.302942991256714,13.879657871057873,388.4656982421875,-119.15703582763672,90.59761047363281,0.5,0.0,-5.7170327636413276e-05,DRIVING,Post-lane-change driving
40.352925062179565,13.880241579041884,388.45843505859375,-118.46308135986328,90.59341430664062,0.5,0.0,7.733850361546502e-05,DRIVING,Post-lane-change driving
40.40590691566467,13.88081922913565,388.45123291015625,-117.76908874511719,90.59783172607422,0.5,0.0,-6.062896136427298e-05,DRIVING,Post-lane-change driving
40.45675015449524,13.881390383252185,388.4439697265625,-117.07506561279297,90.59363555908203,0.5,0.0,7.876090967329219e-05,DRIVING,Post-lane-change driving
40.507819414138794,13.881952849474542,388.4367980957031,-116.38101959228516,90.59805297851562,0.5,0.0,-5.9181817050557584e-05,DRIVING,Post-lane-change driving
40.55772662162781,13.882509747547632,388.4295654296875,-115.68694305419922,90.59388732910156,0.5,0.0,8.409666043007746e-05,DRIVING,Post-lane-change driving
40.608317852020264,13.883060950972606,388.4223327636719,-114.99285125732422,90.59832763671875,0.5,0.0,-5.950299964752048e-05,DRIVING,Post-lane-change driving
40.66097021102905,13.883605394910747,388.41510009765625,-114.2987060546875,90.59419250488281,0.5,0.0,8.277052984340116e-05,DRIVING,Post-lane-change driving
40.71290183067322,13.884144160760854,388.4078674316406,-113.60456085205078,90.59864807128906,0.5,0.0,-6.620577914873138e-05,DRIVING,Post-lane-change driving
40.76563572883606,13.88467694642824,388.4006652832031,-112.91036987304688,90.5944595336914,0.5,0.0,8.272785635199398e-05,DRIVING,Post-lane-change driving
40.813087463378906,13.885203375783222,388.3934326171875,-112.21615600585938,90.59889221191406,0.5,0.0,-6.0580172430491075e-05,DRIVING,Post-lane-change driving
40.867366313934326,13.885723970554732,388.3861999511719,-111.52191925048828,90.59473419189453,0.5,0.0,8.246821380453184e-05,DRIVING,Post-lane-change driving
40.91777682304382,13.886237948353171,388.37896728515625,-110.82765197753906,90.59915924072266,0.5,0.0,-6.546577787958086e-05,DRIVING,Post-lane-change driving
40.968199491500854,13.88674786730401,388.3717346191406,-110.13336944580078,90.59500885009766,0.5,0.0,7.734073733445257e-05,DRIVING,Post-lane-change driving
41.018898248672485,13.887250256211273,388.3645324707031,-109.43904876708984,90.5993881225586,0.5,0.0,-5.9295358369126916e-05,DRIVING,Post-lane-change driving
41.06968641281128,13.88774804104679,388.3572998046875,-108.74471282958984,90.59522247314453,0.5,0.0,8.401930244872347e-05,DRIVING,Post-lane-change driving
41.118650913238525,13.888240136769019,388.3500671386719,-108.05034637451172,90.59963989257812,0.5,0.0,-5.8755795180331916e-05,DRIVING,Post-lane-change driving
41.16776633262634,13.888726430407834,388.34283447265625,-107.35596466064453,90.59550476074219,0.5,0.0,7.867459498811513e-05,DRIVING,Post-lane-change driving
41.22075963020325,13.889207831023185,388.3356018066406,-106.66155242919922,90.59993743896484,0.5,0.0,-6.459666474256665e-05,DRIVING,Post-lane-change driving
41.27025079727173,13.88968442602142,388.3283996582031,-105.96711730957031,90.59577178955078,0.5,0.0,8.362201333511621e-05,DRIVING,Post-lane-change driving
41.32786226272583,13.890154621645678,388.3211669921875,-105.27265167236328,90.60017395019531,0.5,0.0,-5.861970203113742e-05,DRIVING,Post-lane-change driving
41.38033938407898,13.890619952036209,388.3139343261719,-104.57817077636719,90.59605407714844,0.5,0.0,8.31934594316408e-05,DRIVING,Post-lane-change driving
41.43304395675659,13.891079581910159,388.3067626953125,-103.88365936279297,90.60047149658203,0.5,0.0,-4.9812180805020034e-05,DRIVING,Post-lane-change driving
41.48401927947998,13.891534720698875,388.2994689941406,-103.18912506103516,90.59639739990234,0.5,0.0,7.586363790323958e-05,DRIVING,Post-lane-change driving
41.533379793167114,13.891984494246495,388.29229736328125,-102.49457550048828,90.6008529663086,0.5,0.0,-5.8401441492605954e-05,DRIVING,Post-lane-change driving
41.584932804107666,13.892428893135,388.2850341796875,-101.79999542236328,90.59672546386719,0.5,0.0,7.881211786298081e-05,DRIVING,Post-lane-change driving
41.63967537879944,13.892868371793913,388.27783203125,-101.10540771484375,90.60111999511719,0.5,0.0,-5.828502980875783e-05,DRIVING,Post-lane-change driving
41.69089722633362,13.893303228390803,388.27056884765625,-100.41078186035156,90.59700012207031,0.5,0.0,7.869958790251985e-05,DRIVING,Post-lane-change driving
41.74708819389343,13.893732200852561,388.2633972167969,-99.71614837646484,90.60139465332031,0.5,0.0,-5.351971049094573e-05,DRIVING,Post-lane-change driving
41.81474781036377,13.894156726533858,388.2561340332031,-99.021484375,90.59730529785156,0.5,0.0,8.243465708801523e-05,DRIVING,Post-lane-change driving
41.859965324401855,13.894575303999172,388.2489318847656,-98.3268051147461,90.60171508789062,0.5,0.0,-5.514668009709567e-05,DRIVING,Post-lane-change driving
41.91424870491028,13.894986386800754,388.2416687011719,-97.63209533691406,90.59765625,0.5,0.0,7.97902830527164e-05,DRIVING,Post-lane-change driving
41.96740484237671,13.895390578594029,388.2344970703125,-96.93737030029297,90.60206604003906,0.5,0.0,-5.777875776402652e-05,DRIVING,Post-lane-change driving
42.02218842506409,13.895790152229734,388.2272033691406,-96.24263763427734,90.59798431396484,0.5,0.0,7.306861516553909e-05,DRIVING,Post-lane-change driving
42.07509779930115,13.896186506834587,388.22003173828125,-95.54785919189453,90.60234069824219,0.5,0.0,-5.7829980505630374e-05,DRIVING,Post-lane-change driving
42.13089728355408,13.896579456248705,388.2127685546875,-94.85308074951172,90.59822082519531,0.5,0.0,7.915397145552561e-05,DRIVING,Post-lane-change driving
42.186500787734985,13.896966498101778,388.20556640625,-94.15827941894531,90.60259246826172,0.5,0.0,-7.588202424813062e-05,DRIVING,Post-lane-change driving
42.241539001464844,13.897348257376798,388.19830322265625,-93.46345520019531,90.59841918945312,0.5,0.0,-8.406038250541314e-05,DRIVING,Post-lane-change driving
42.286643505096436,13.897727709044318,388.1911315917969,-92.76863098144531,90.60198974609375,0.5,0.0,-0.0004727325576823205,DRIVING,Post-lane-change driving
42.33468556404114,13.898099581406582,388.1838684082031,-92.07376098632812,90.5953140258789,0.5,0.0,-0.000562044617254287,DRIVING,Post-lane-change driving
42.38737463951111,13.898474085151852,388.17669677734375,-91.3788833618164,90.59461975097656,0.5,0.0,-0.0008312956197187304,DRIVING,Post-lane-change driving
42.43560290336609,13.898832918588472,388.1695861816406,-90.6839828491211,90.58312225341797,0.5,0.0,-0.000735538371372968,DRIVING,Post-lane-change driving
42.488738775253296,13.899206283605578,388.16265869140625,-89.98905944824219,90.57847595214844,0.5,0.0,-0.000834074045997113,DRIVING,Post-lane-change driving
42.53961181640625,13.899551715764634,388.1557312011719,-89.29413604736328,90.56461334228516,0.5,0.0,-0.0006302474648691714,DRIVING,Post-lane-change driving
42.593899726867676,13.899919022810073,388.1490173339844,-88.59916687011719,90.55918884277344,0.5,0.0,-0.0006687571876682341,DRIVING,Post-lane-change driving
42.644282817840576,13.900256553849859,388.1423034667969,-87.9041976928711,90.54594421386719,0.5,0.0,-0.00044655526289716363,DRIVING,Post-lane-change driving
42.695003509521484,13.900614182632598,388.13568115234375,-87.2092056274414,90.54199981689453,0.5,0.0,-0.0005246432265266776,DRIVING,Post-lane-change driving
42.75013589859009,13.900944880366247,388.1291809082031,-86.51419067382812,90.53050994873047,0.5,0.0,-0.0003268519649282098,DRIVING,Post-lane-change driving
42.803468227386475,13.901293596141828,388.1227111816406,-85.81916809082031,90.52833557128906,0.5,0.0,-0.0004395828873384744,DRIVING,Post-lane-change driving
42.85624670982361,13.90161879735807,388.1163635253906,-85.1241226196289,90.5184097290039,0.5,0.0,-0.0002695700968615711,DRIVING,Post-lane-change driving
42.90656518936157,13.901956805045232,388.110107421875,-84.4290542602539,90.51741790771484,0.5,0.0,-0.0003876415139529854,DRIVING,Post-lane-change driving
42.96290421485901,13.90227822640884,388.10382080078125,-83.7339859008789,90.50843811035156,0.5,0.0,-0.00023943203268572688,DRIVING,Post-lane-change driving
43.013668060302734,13.902607011689984,388.0976867675781,-83.03887176513672,90.50818634033203,0.5,0.0,-0.0003626540128607303,DRIVING,Post-lane-change driving
43.06439256668091,13.902921132311478,388.0915832519531,-82.34375762939453,90.4997329711914,0.5,0.0,-0.00020278430019970983,DRIVING,Post-lane-change driving
43.117835998535156,13.903242864613164,388.0855407714844,-81.64862823486328,90.4999771118164,0.5,0.0,-0.000323074113111943,DRIVING,Post-lane-change driving
43.16488528251648,13.903547994061697,388.07940673828125,-80.9534912109375,90.49205017089844,0.5,0.0,-0.00019045782391913235,DRIVING,Post-lane-change driving
43.22289848327637,13.903862608154668,388.0734558105469,-80.2583236694336,90.49267578125,0.5,0.0,-0.00030885785236023366,DRIVING,Post-lane-change driving
43.26777958869934,13.904163697670672,388.06756591796875,-79.56314849853516,90.48504638671875,0.5,0.0,-0.00014234549598768353,DRIVING,Post-lane-change driving
43.32109498977661,13.904469438547077,388.06170654296875,-78.86795806884766,90.48603057861328,0.5,0.0,-0.00026295051793567836,DRIVING,Post-lane-change driving
43.37586832046509,13.904764218956357,388.0558166503906,-78.17274475097656,90.47891998291016,0.5,0.0,-0.00011372711014701054,DRIVING,Post-lane-change driving
43.42634677886963,13.905063998235802,388.04998779296875,-77.47752380371094,90.48042297363281,0.5,0.0,-0.000243926711846143,DRIVING,Post-lane-change driving
43.4753212928772,13.90535077185211,388.04412841796875,-76.78228759765625,90.47367858886719,0.5,0.0,-0.00010219864634564146,DRIVING,Post-lane-change driving
43.528369188308716,13.905642374375645,388.0384826660156,-76.0870361328125,90.4754638671875,0.5,0.0,-0.00021066846966277808,DRIVING,Post-lane-change driving
43.581897497177124,13.905924536062686,388.03277587890625,-75.39176940917969,90.46903991699219,0.5,0.0,-6.0124020819785073e-05,DRIVING,Post-lane-change driving
43.63105297088623,13.906208725308801,388.027099609375,-74.69648742675781,90.47122955322266,0.5,0.0,-0.0001869358093244955,DRIVING,Post-lane-change driving
43.683696031570435,13.906484773937315,388.0213928222656,-74.0011978149414,90.4652328491211,0.5,0.0,-5.061507908976637e-05,DRIVING,Post-lane-change driving
43.73737168312073,13.906763484194126,388.0157775878906,-73.3058853149414,90.46772003173828,0.5,0.0,-0.00017758589820005,DRIVING,Post-lane-change driving
43.790170669555664,13.90703515047932,388.01007080078125,-72.61055755615234,90.46192932128906,0.5,0.0,-4.324826295487583e-05,DRIVING,Post-lane-change driving
43.83979845046997,13.90730653563077,388.00439453125,-71.91522216796875,90.46456909179688,0.5,0.0,-0.00018992534023709595,DRIVING,Post-lane-change driving
43.894898891448975,13.907571303267689,387.9986877441406,-71.2198715209961,90.4588394165039,0.5,0.0,-5.761471402365714e-05,DRIVING,Post-lane-change driving
43.94261908531189,13.907836768793628,387.9930725097656,-70.5245132446289,90.46141052246094,0.5,0.0,-0.00018736874335445464,DRIVING,Post-lane-change driving
43.99161767959595,13.908096114146604,387.9875793457031,-69.82913208007812,90.45560455322266,0.5,0.0,-2.3259339286596514e-05,DRIVING,Post-lane-change driving
44.04690718650818,13.90835589748214,387.9820861816406,-69.13374328613281,90.45832061767578,0.5,0.0,-0.0001383367634844035,DRIVING,Post-lane-change driving
44.10097050666809,13.908607823586634,387.9765930175781,-68.4383316040039,90.45286560058594,0.5,0.0,1.8960543457069434e-05,DRIVING,Post-lane-change driving
44.15890121459961,13.908860808612475,387.9711608886719,-67.742919921875,90.4560317993164,0.5,0.0,-0.00010624493006616831,DRIVING,Post-lane-change driving
44.21177005767822,13.909109539999884,387.9656677246094,-67.0474853515625,90.4510726928711,0.5,0.0,3.940314854844473e-05,DRIVING,Post-lane-change driving
44.26938605308533,13.909358165602633,387.9602355957031,-66.35205078125,90.45465087890625,0.5,0.0,-9.952959226211533e-05,DRIVING,Post-lane-change driving
44.323612689971924,13.90960039323547,387.9547119140625,-65.6565933227539,90.4499740600586,0.5,0.0,2.6959231036016718e-05,DRIVING,Post-lane-change driving
44.37158465385437,13.909841147753642,387.94927978515625,-64.96113586425781,90.45362854003906,0.5,0.0,-0.00010963096428895369,DRIVING,Post-lane-change driving
44.420250415802,13.910077607124835,387.94378662109375,-64.26565551757812,90.44893646240234,0.5,0.0,1.7367519831168465e-05,DRIVING,Post-lane-change driving
44.4721200466156,13.910313545915807,387.9383239746094,-63.57017135620117,90.45252990722656,0.5,0.0,-0.00012206253450131044,DRIVING,Post-lane-change driving
44.52264976501465,13.910546025002681,387.9328308105469,-62.87466049194336,90.44771575927734,0.5,0.0,1.3885849512007553e-05,DRIVING,Post-lane-change driving
44.57458424568176,13.910777222536396,387.9273681640625,-62.17915344238281,90.45118713378906,0.5,0.0,-0.00012634937593247741,DRIVING,Post-lane-change driving
44.62496089935303,13.911003913651804,387.921875,-61.48362731933594,90.44631958007812,0.5,0.0,1.1384915524104144e-05,DRIVING,Post-lane-change driving
44.67534613609314,13.911228375580645,387.91644287109375,-60.78809356689453,90.44972229003906,0.5,0.0,-0.00011680123134283349,DRIVING,Post-lane-change driving
44.724302530288696,13.911449604632214,387.9109191894531,-60.0925407409668,90.4448471069336,0.5,0.0,1.6313333617290482e-05,DRIVING,Post-lane-change driving
44.77269768714905,13.911669354414514,387.9054870605469,-59.3969841003418,90.44831848144531,0.5,0.0,-0.00011903104314114898,DRIVING,Post-lane-change driving
44.822155475616455,13.911884748014923,387.8999938964844,-58.701416015625,90.4434585571289,0.5,0.0,1.8455397366778925e-05,DRIVING,Post-lane-change driving
44.87272071838379,13.912099782843558,387.89453125,-58.00583267211914,90.44692993164062,0.5,0.0,-0.00011689294478856027,DRIVING,Post-lane-change driving
44.92172145843506,13.912310468299264,387.8890686035156,-57.31024932861328,90.44212341308594,0.5,0.0,1.881885873444844e-05,DRIVING,Post-lane-change driving
44.97455334663391,13.912522643442289,387.8835754394531,-56.61464309692383,90.44563293457031,0.5,0.0,-0.0001226655294885859,DRIVING,Post-lane-change driving
45.02245736122131,13.912730327904185,387.8782043457031,-55.919036865234375,90.44078063964844,0.5,0.0,3.40714213962201e-05,DRIVING,Post-lane-change driving
45.076950788497925,13.912936260975421,387.8728332519531,-55.22340774536133,90.44429779052734,0.5,0.0,-8.81636660778895e-05,DRIVING,Post-lane-change driving
45.14457654953003,13.913138096962191,387.8675231933594,-54.52777862548828,90.4396743774414,0.5,0.0,6.582798232557252e-05,DRIVING,Post-lane-change driving
45.20079946517944,13.913339882229405,387.8623046875,-53.83213424682617,90.44353485107422,0.5,0.0,-4.347865979070775e-05,DRIVING,Post-lane-change driving
45.25497817993164,13.913536015911545,387.85699462890625,-53.136478424072266,90.4393310546875,0.5,0.0,0.00010140475205844268,DRIVING,Post-lane-change driving
45.32302379608154,13.913731828878353,387.8516845703125,-52.44082260131836,90.44367218017578,0.5,0.0,-4.34217436122708e-05,DRIVING,Post-lane-change driving
45.373077392578125,13.913924951025056,387.8463134765625,-51.74514389038086,90.4397964477539,0.5,0.0,8.077736856648698e-05,DRIVING,Post-lane-change driving
45.422343492507935,13.91411650245804,387.84100341796875,-51.04946517944336,90.44418334960938,0.5,0.0,-6.069594019209035e-05,DRIVING,Post-lane-change driving
45.464900493621826,13.91430466586906,387.8356628417969,-50.35377883911133,90.44020080566406,0.5,0.0,7.194262434495613e-05,DRIVING,Post-lane-change driving
45.512977600097656,13.91449336823975,387.83026123046875,-49.65807342529297,90.44449615478516,0.5,0.0,-8.597602572990581e-05,DRIVING,Post-lane-change driving
45.56395435333252,13.914679107311878,387.8249206542969,-48.962371826171875,90.44034576416016,0.5,0.0,5.2257542847655714e-05,DRIVING,Post-lane-change driving
45.61097812652588,13.9148617538221,387.8196105957031,-48.26665115356445,90.44437408447266,0.5,0.0,-7.725370960542932e-05,DRIVING,Post-lane-change driving
45.65683960914612,13.915042124740252,387.8142395019531,-47.5709228515625,90.44009399414062,0.5,0.0,6.042901077307761e-05,DRIVING,Post-lane-change driving
45.70350241661072,13.915221097677305,387.8089294433594,-46.87519073486328,90.4441146850586,0.5,0.0,-7.370210369117558e-05,DRIVING,Post-lane-change driving
45.74917030334473,13.91539954916857,387.8036193847656,-46.179443359375,90.43986511230469,0.5,0.0,7.271631329786032e-05,DRIVING,Post-lane-change driving
45.800697326660156,13.915575911473134,387.7983093261719,-45.48368453979492,90.4439697265625,0.5,0.0,-5.933824650128372e-05,DRIVING,Post-lane-change driving
45.848905086517334,13.915747007965336,387.79296875,-44.78792190551758,90.43984985351562,0.5,0.0,7.788270886521786e-05,DRIVING,Post-lane-change driving
45.8959641456604,13.915917682002288,387.78765869140625,-44.09214782714844,90.4440689086914,0.5,0.0,-6.285120616666973e-05,DRIVING,Post-lane-change driving
45.9429087638855,13.916086744317216,387.78228759765625,-43.39636993408203,90.44000244140625,0.5,0.0,6.771797779947519e-05,DRIVING,Post-lane-change driving
45.99679684638977,13.916256237967492,387.7769775390625,-42.70058059692383,90.4442138671875,0.5,0.0,-6.78900396451354e-05,DRIVING,Post-lane-change driving
46.041805267333984,13.916421447924582,387.7716369628906,-42.004783630371094,90.44009399414062,0.5,0.0,6.933561962796375e-05,DRIVING,Post-lane-change driving
46.089961528778076,13.916585324750669,387.7663269042969,-41.30897903442383,90.44425964355469,0.5,0.0,-6.961810140637681e-05,DRIVING,Post-lane-change driving
46.13689565658569,13.916747635053149,387.7609558105469,-40.61316680908203,90.44013214111328,0.5,0.0,6.299278902588412e-05,DRIVING,Post-lane-change driving
46.18540668487549,13.916905640938364,387.7556457519531,-39.9173469543457,90.44425201416016,0.5,0.0,-6.955890421522781e-05,DRIVING,Post-lane-change driving
46.234209299087524,13.917065128297585,387.75030517578125,-39.221519470214844,90.4400634765625,0.5,0.0,6.190915155457333e-05,DRIVING,Post-lane-change driving
46.27889895439148,13.917222140605821,387.7449951171875,-38.52568054199219,90.44416809082031,0.5,0.0,0.0005474786157719791,DRIVING,Post-lane-change driving
46.327924489974976,13.917377910064522,387.7395324707031,-37.829833984375,90.44268798828125,0.5,0.0,0.0024385757278651,DRIVING,Post-lane-change driving
46.384018421173096,13.917508347731308,387.73388671875,-37.13398742675781,90.45994567871094,0.5,0.0,0.004935095552355051,DRIVING,Post-lane-change driving
46.44913864135742,13.917645341930125,387.72772216796875,-36.438133239746094,90.48970031738281,0.5,0.0,0.008241082541644573,DRIVING,Post-lane-change driving
46.49028563499451,13.917622528390266,387.72076416015625,-35.74229049682617,90.55793762207031,0.5,0.0,0.011476384475827217,DRIVING,Post-lane-change driving
46.54615616798401,13.91768338410844,387.7124938964844,-35.04645919799805,90.65503692626953,0.5,0.0,0.014905759133398533,DRIVING,Post-lane-change driving
46.597585916519165,13.917384272771148,387.70257568359375,-34.35065841674805,90.80076599121094,0.5,0.0,0.017849836498498917,DRIVING,Post-lane-change driving
46.64775061607361,13.917339612603183,387.69049072265625,-33.6548957824707,90.97953796386719,0.5,0.0,0.020768821239471436,DRIVING,Post-lane-change driving
46.700798988342285,13.916736645562363,387.67596435546875,-32.95920944213867,91.20586395263672,0.5,0.0,0.023173414170742035,DRIVING,Post-lane-change driving
46.75410437583923,13.916580366870928,387.6583557128906,-32.26360321044922,91.46141052246094,0.5,0.0,0.02559548057615757,DRIVING,Post-lane-change driving
46.804171562194824,13.915685535519362,387.637451171875,-31.568126678466797,91.75885009765625,0.5,0.0,0.027590451762080193,DRIVING,Post-lane-change driving
46.86057186126709,13.915391832936864,387.61279296875,-30.8727970123291,92.08011627197266,0.5,0.0,0.029719362035393715,DRIVING,Post-lane-change driving
46.90518021583557,13.914210180537282,387.58404541015625,-30.17766761779785,92.43795013427734,0.5,0.0,0.0315193273127079,DRIVING,Post-lane-change driving
46.95389986038208,13.91374690076971,387.5509033203125,-29.482778549194336,92.81571960449219,0.5,0.0,0.033532384783029556,DRIVING,Post-lane-change driving
47.005096435546875,13.912272014544229,387.51300048828125,-28.78818130493164,93.2268295288086,0.5,0.0,0.0352521687746048,DRIVING,Post-lane-change driving
47.05838871002197,13.911602755655549,387.47003173828125,-28.093935012817383,93.65597534179688,0.5,0.0,0.037177618592977524,DRIVING,Post-lane-change driving
47.107478618621826,13.909829712021976,387.4216613769531,-27.400108337402344,94.1164779663086,0.5,0.0,0.03880004212260246,DRIVING,Post-lane-change driving
47.16138815879822,13.908942221779453,387.3675842285156,-26.706762313842773,94.5938720703125,0.5,0.0,0.04059703275561333,DRIVING,Post-lane-change driving
47.210246086120605,13.906881784430686,387.3076171875,-26.013986587524414,95.10077667236328,0.5,0.0,0.042102277278900146,DRIVING,Post-lane-change driving
47.26043677330017,13.905768388079451,387.2414855957031,-25.32185173034668,95.62327575683594,0.5,0.0,0.043776556849479675,DRIVING,Post-lane-change driving
47.31103253364563,13.903430735524541,387.1688537597656,-24.63045883178711,96.17337799072266,0.5,0.0,0.05576033517718315,DRIVING,Post-lane-change driving
47.359007358551025,13.900081577398621,387.0887145996094,-23.940059661865234,96.78086853027344,0.5,0.0,0.05602121353149414,DRIVING,Post-lane-change driving
47.407854080200195,13.896411232437018,387.0006103515625,-23.25081443786621,97.45376586914062,0.5,0.0,0.06301577389240265,DRIVING,Post-lane-change driving
47.46249318122864,13.892674435986173,386.9039001464844,-22.562917709350586,98.1810073852539,0.5,0.0,0.0601186528801918,DRIVING,Post-lane-change driving
47.51395606994629,13.88903621481444,386.7985534667969,-21.876482009887695,98.9473648071289,0.5,0.0,0.06499135494232178,DRIVING,Post-lane-change driving
47.56312370300293,13.885414376584363,386.6839294433594,-21.19170379638672,99.74014282226562,0.5,0.0,0.06047753244638443,DRIVING,Post-lane-change driving
47.612143993377686,13.882007059533082,386.560302734375,-20.508684158325195,100.54550170898438,0.5,0.0,0.055724501609802246,DRIVING,Post-lane-change driving
47.66591763496399,13.880448949270715,386.4278564453125,-19.82741928100586,101.3220443725586,0.5,0.0,0.06143338233232498,DRIVING,Post-lane-change driving
47.716493129730225,13.876171284467564,386.2862854003906,-19.14815902709961,102.10237121582031,0.5,0.0,0.05808123201131821,DRIVING,Post-lane-change driving
47.76812553405762,13.873936288894003,386.1356201171875,-18.47102165222168,102.87734985351562,0.5,0.0,0.06439899653196335,DRIVING,Post-lane-change driving
47.8145649433136,13.869120082970838,385.9754943847656,-17.79625129699707,103.67337036132812,0.5,0.0,0.06093302741646767,DRIVING,Post-lane-change driving
47.864341497421265,13.866562759274725,385.8059997558594,-17.12394905090332,104.4742660522461,0.5,0.0,0.06340990215539932,DRIVING,Post-lane-change driving
47.91632390022278,13.862364862280081,385.62713623046875,-16.454269409179688,105.2857894897461,0.5,0.0,0.05973842367529869,DRIVING,Post-lane-change driving
47.966745376586914,13.860170828176539,385.4390563964844,-15.787272453308105,106.0877914428711,0.5,0.0,0.06630979478359222,DRIVING,Post-lane-change driving
48.01984524726868,13.855258075183741,385.2414245605469,-15.12324333190918,106.90851593017578,0.5,0.0,0.06266515702009201,DRIVING,Post-lane-change driving
48.07252097129822,13.852646741787158,385.0343322753906,-14.46229362487793,107.73308563232422,0.5,0.0,0.06883007287979126,DRIVING,Post-lane-change driving
48.12503004074097,13.84748291093879,384.8175048828125,-13.804693222045898,108.58154296875,0.5,0.0,0.06446124613285065,DRIVING,Post-lane-change driving
48.17503213882446,13.844813874474845,384.5910339355469,-13.150531768798828,109.4330825805664,0.5,0.0,0.06004767492413521,DRIVING,Post-lane-change driving
48.228678703308105,13.84199983653214,384.35540771484375,-12.499738693237305,110.26428985595703,0.5,0.0,0.06647726893424988,DRIVING,Post-lane-change driving
48.29042387008667,13.83827817822323,384.1103820800781,-11.852627754211426,111.09605407714844,0.5,0.0,0.06300339847803116,DRIVING,Post-lane-change driving
48.34936213493347,13.834612077495095,383.85595703125,-11.209311485290527,111.93334197998047,0.5,0.0,0.06948097050189972,DRIVING,Post-lane-change driving
48.403833627700806,13.83032132644454,383.5919189453125,-10.570108413696289,112.7865982055664,0.5,0.0,0.06544023752212524,DRIVING,Post-lane-change driving
48.45789551734924,13.826522637828598,383.3183898925781,-9.935105323791504,113.65045166015625,0.5,0.0,0.06104283779859543,DRIVING,Post-lane-change driving
48.5080087184906,13.824645243724044,383.0358581542969,-9.304200172424316,114.48880004882812,0.5,0.0,0.0678786188364029,DRIVING,Post-lane-change driving
48.56346559524536,13.819756135209852,382.74407958984375,-8.677769660949707,115.33580017089844,0.5,0.0,0.06425785273313522,DRIVING,Post-lane-change driving
48.62082552909851,13.81721322831251,382.4430236816406,-8.055940628051758,116.18272399902344,0.5,0.0,0.070953868329525,DRIVING,Post-lane-change driving
48.679187059402466,13.81189959482398,382.132568359375,-7.43900203704834,117.0533447265625,0.5,0.0,0.06662745773792267,DRIVING,Post-lane-change driving
48.731658697128296,13.809207759192978,381.8128356933594,-6.827029705047607,117.92875671386719,0.5,0.0,0.07242445647716522,DRIVING,Post-lane-change driving
48.791733503341675,13.803899734136495,381.4836730957031,-6.220317363739014,118.82504272460938,0.5,0.0,0.06724707782268524,DRIVING,Post-lane-change driving
48.8430290222168,13.801346663714275,381.145263671875,-5.6189141273498535,119.71932983398438,0.5,0.0,0.06211566925048828,DRIVING,Post-lane-change driving
48.89423394203186,13.798694911177492,380.7981872558594,-5.022622585296631,120.58587646484375,0.5,0.0,0.06835948675870895,DRIVING,Post-lane-change driving
48.943965673446655,13.795184468892053,380.4421691894531,-4.431826591491699,121.44682312011719,0.5,0.0,0.06449201703071594,DRIVING,Post-lane-change driving
48.99414587020874,13.791858109881506,380.0774230957031,-3.846595048904419,122.30760192871094,0.5,0.0,0.07099762558937073,DRIVING,Post-lane-change driving
49.0455424785614,13.787897314440297,379.70367431640625,-3.2672741413116455,123.1807632446289,0.5,0.0,0.06675302237272263,DRIVING,Post-lane-change driving
49.09719681739807,13.784377803174442,379.3211669921875,-2.6938998699188232,124.06221008300781,0.5,0.0,0.06220288202166557,DRIVING,Post-lane-change driving
49.14705729484558,13.782935496670243,378.930419921875,-2.1262741088867188,124.91598510742188,0.5,0.0,0.06912775337696075,DRIVING,Post-lane-change driving
49.200894355773926,13.778293650291149,378.53125,-1.5647969245910645,125.77799224853516,0.5,0.0,0.06536693125963211,DRIVING,Post-lane-change driving
49.255717277526855,13.776163031015894,378.12359619140625,-1.0095628499984741,126.63883209228516,0.5,0.0,0.07209022343158722,DRIVING,Post-lane-change driving
49.30632567405701,13.77108773046788,377.7074279785156,-0.46091604232788086,127.52286529541016,0.5,0.0,0.06759658455848694,DRIVING,Post-lane-change driving
49.364497423172,13.768849773511224,377.282958984375,0.08109359443187714,128.4102020263672,0.5,0.0,0.07338827848434448,DRIVING,Post-lane-change driving
49.42616415023804,13.76382360261583,376.85015869140625,0.6161583065986633,129.3177947998047,0.5,0.0,0.06806826591491699,DRIVING,Post-lane-change driving
49.48890280723572,13.761761789166265,376.4090881347656,1.1442687511444092,130.22193908691406,0.5,0.0,0.06281224638223648,DRIVING,Post-lane-change driving
49.54989695549011,13.759451301572554,375.9603576660156,1.6657311916351318,131.0973663330078,0.5,0.0,0.06905680894851685,DRIVING,Post-lane-change driving
49.60798001289368,13.756429659254183,375.5036926269531,2.1801223754882812,131.96591186523438,0.5,0.0,0.06507933884859085,DRIVING,Post-lane-change driving
49.67197036743164,13.753447743223598,375.0393981933594,2.6874184608459473,132.833740234375,0.5,0.0,0.07157222181558609,DRIVING,Post-lane-change driving
49.735899925231934,13.749992201305526,374.5674133300781,3.1872453689575195,133.71279907226562,0.5,0.0,0.067258819937706,DRIVING,Post-lane-change driving
49.79941368103027,13.746816436003089,374.0877685546875,3.6796159744262695,134.59991455078125,0.5,0.0,0.06260885298252106,DRIVING,Post-lane-change driving
49.85930418968201,13.745912911232386,373.6010437011719,4.164811134338379,135.45814514160156,0.5,0.0,0.06955177336931229,DRIVING,Post-lane-change driving
49.925633907318115,13.741675822915028,373.1070861816406,4.642417907714844,136.3241424560547,0.5,0.0,0.06572554260492325,DRIVING,Post-lane-change driving
49.9839231967926,13.739992212284676,372.6059265136719,5.112335681915283,137.18829345703125,0.5,0.0,0.07246340066194534,DRIVING,Post-lane-change driving
50.04790186882019,13.735168032595412,372.09759521484375,5.574193000793457,138.0763702392578,0.5,0.0,0.06787378340959549,DRIVING,Post-lane-change driving
50.110966205596924,13.733223830911571,371.5822448730469,6.028041839599609,138.96665954589844,0.5,0.0,0.07365640252828598,DRIVING,Post-lane-change driving
50.17860436439514,13.72841382686067,371.0600280761719,6.473618030548096,139.87649536132812,0.5,0.0,0.06829789280891418,DRIVING,Post-lane-change driving
50.26682209968567,13.726565687248234,370.5308837890625,6.910819053649902,140.78282165527344,0.5,0.0,0.06299848109483719,DRIVING,Post-lane-change driving
50.3297176361084,13.724395337285744,369.9953308105469,7.3399858474731445,141.65966796875,0.5,0.0,0.06922230869531631,DRIVING,Post-lane-change driving
50.38292479515076,13.720009042423833,369.4533386230469,7.760788440704346,142.53057861328125,0.5,0.0,0.06513379514217377,DRIVING,Post-lane-change driving
50.43837571144104,13.711095214548951,368.90447998046875,8.173434257507324,143.4144287109375,0.5,0.0,0.07100401073694229,DRIVING,Post-lane-change driving
50.49855828285217,13.700494040967486,368.3492126464844,8.57742691040039,144.30621337890625,0.5,0.0,0.06610918790102005,DRIVING,Post-lane-change driving
50.55196523666382,13.693684721998919,367.7879943847656,8.972715377807617,145.19432067871094,0.5,0.0,0.06134778633713722,DRIVING,Post-lane-change driving
50.604660511016846,13.689454935067221,367.22125244140625,9.359007835388184,146.03782653808594,0.5,0.0,0.06844357401132584,DRIVING,Post-lane-change driving
50.668696880340576,13.677817452873692,366.6484375,9.735166549682617,146.8918914794922,0.5,0.0,0.07027735561132431,DRIVING,Post-lane-change driving
50.716899156570435,13.672379720769948,366.072265625,10.103177070617676,147.73573303222656,0.5,0.0,0.06706337630748749,DRIVING,Post-lane-change driving
50.775789737701416,13.664797698384607,365.4918518066406,10.462443351745605,148.58111572265625,0.5,0.0,0.07435891777276993,DRIVING,Post-lane-change driving
50.830068826675415,13.658424463343351,364.9057312011719,10.812182426452637,149.4645538330078,0.5,0.0,0.06981827318668365,DRIVING,Post-lane-change driving
50.894898653030396,13.648895047645805,364.31439208984375,11.151844024658203,150.3623504638672,0.5,0.0,0.06450816988945007,DRIVING,Post-lane-change driving
50.9491503238678,13.645710908986679,363.71868896484375,11.482991218566895,151.2359161376953,0.5,0.0,0.07080407440662384,DRIVING,Post-lane-change driving
51.00710082054138,13.637346487338979,363.1183776855469,11.806099891662598,152.1281280517578,0.5,0.0,0.06611348688602448,DRIVING,Post-lane-change driving
51.069345474243164,13.631990953910831,362.5133056640625,12.11982536315918,153.00933837890625,0.5,0.0,0.0723036676645279,DRIVING,Post-lane-change driving
51.131027936935425,13.62328026141307,361.90362548828125,12.423702239990234,153.9048614501953,0.5,0.0,0.06739165633916855,DRIVING,Post-lane-change driving
51.18539762496948,13.61804547040143,361.2894592285156,12.717782020568848,154.79296875,0.5,0.0,0.06265901774168015,DRIVING,Post-lane-change driving
51.247883319854736,13.612075287373257,360.6712951660156,13.002612113952637,155.65589904785156,0.5,0.0,0.06935197114944458,DRIVING,Post-lane-change driving
51.31343173980713,13.605913827458886,360.04913330078125,13.277731895446777,156.51368713378906,0.5,0.0,0.06565740704536438,DRIVING,Post-lane-change driving
51.379897117614746,13.599336032312934,359.4231262207031,13.543244361877441,157.37672424316406,0.5,0.0,0.07226740568876266,DRIVING,Post-lane-change driving
51.44424605369568,13.59285895935897,358.7933044433594,13.798751831054688,158.25198364257812,0.5,0.0,0.06792864203453064,DRIVING,Post-lane-change driving
51.51958107948303,13.586198584851578,358.1599426269531,14.044404029846191,159.13912963867188,0.5,0.0,0.07359690219163895,DRIVING,Post-lane-change driving
51.59427833557129,13.579871663322923,357.5231018066406,14.279842376708984,160.0365753173828,0.5,0.0,0.06840714812278748,DRIVING,Post-lane-change driving
51.668243646621704,13.573407479074433,356.8829345703125,14.50526237487793,160.93975830078125,0.5,0.0,0.06292759627103806,DRIVING,Post-lane-change driving
51.74955105781555,13.569898681101636,356.2397155761719,14.721135139465332,161.80381774902344,0.5,0.0,0.06935840845108032,DRIVING,Post-lane-change driving
51.82229733467102,13.562414644604056,355.5936584472656,14.927104949951172,162.67076110839844,0.5,0.0,0.06513714045286179,DRIVING,Post-lane-change driving
51.90571880340576,13.558280750863332,354.94476318359375,15.12317943572998,163.52635192871094,0.5,0.0,0.07180499285459518,DRIVING,Post-lane-change driving
51.98290252685547,13.55039507373276,354.2932434082031,15.30908489227295,164.40313720703125,0.5,0.0,0.06721372902393341,DRIVING,Post-lane-change driving
52.035062313079834,13.546175711304214,353.63916015625,15.484869956970215,165.27688598632812,0.5,0.0,0.06269805133342743,DRIVING,Post-lane-change driving
52.09464764595032,13.540797143317544,352.98284912109375,15.651098251342773,166.13148498535156,0.5,0.0,0.069420225918293,DRIVING,Post-lane-change driving
52.163206338882446,13.535539145844686,352.3243408203125,15.807251930236816,166.98269653320312,0.5,0.0,0.06573161482810974,DRIVING,Post-lane-change driving
52.23837685585022,13.529545734554977,351.663818359375,15.953455924987793,167.84222412109375,0.5,0.0,0.07225479930639267,DRIVING,Post-lane-change driving
52.314409494400024,13.523967642847685,351.00140380859375,16.08928108215332,168.7133026123047,0.5,0.0,0.06871319562196732,DRIVING,Post-lane-change driving
52.384522438049316,13.517719458812547,350.3373107910156,16.214855194091797,169.60073852539062,0.5,0.0,0.06618291884660721,DRIVING,Post-lane-change driving
52.46680736541748,13.514140592054083,349.671630859375,16.330398559570312,170.46824645996094,0.5,0.0,0.07247646152973175,DRIVING,Post-lane-change driving
52.54090213775635,13.50666593793794,349.00445556640625,16.435529708862305,171.355712890625,0.5,0.0,0.0651426836848259,DRIVING,Post-lane-change driving
52.622366428375244,13.503695853950191,348.3360595703125,16.530494689941406,172.2264862060547,0.5,0.0,0.06446399539709091,DRIVING,Post-lane-change driving
52.71125316619873,13.499228790971554,347.6666259765625,16.615591049194336,173.0792236328125,0.5,0.0,0.05389457941055298,DRIVING,Post-lane-change driving
52.804001808166504,13.498937673425665,346.9963684082031,16.691831588745117,173.86671447753906,0.5,0.0,0.050250791013240814,DRIVING,Post-lane-change driving
52.877538204193115,13.496062630839527,346.32525634765625,16.75970458984375,174.5977783203125,0.5,0.0,0.04009205847978592,DRIVING,Post-lane-change driving
52.96190547943115,13.49612401180498,345.6534423828125,16.82000732421875,175.23739624023438,0.5,0.0,0.031651925295591354,DRIVING,Post-lane-change driving
53.072911739349365,13.49449942365933,344.98095703125,16.87388801574707,175.78822326660156,0.5,0.0,0.02971530519425869,DRIVING,Post-lane-change driving
53.12794089317322,13.494194748232834,344.3078918457031,16.922006607055664,176.2550506591797,0.5,0.0,0.02451007254421711,DRIVING,Post-lane-change driving
53.193891525268555,13.48735061227639,343.63409423828125,16.96484375,176.66986083984375,0.5,0.0,0.02388542890548706,DRIVING,Post-lane-change driving
53.258291721343994,13.484988930934554,342.9599914550781,17.003080368041992,177.02293395996094,0.5,0.0,0.020481178537011147,DRIVING,Post-lane-change driving
53.32221221923828,13.481429618808757,342.2860412597656,17.037080764770508,177.3461456298828,0.5,0.0,0.01735689304769039,DRIVING,Post-lane-change driving
53.38168954849243,13.479329324255582,341.612060546875,17.06743812561035,177.61764526367188,0.5,0.0,0.01817229948937893,DRIVING,Post-lane-change driving
53.440624475479126,13.475432750326075,340.93817138671875,17.09442138671875,177.87669372558594,0.5,0.0,0.015815088525414467,DRIVING,Post-lane-change driving
53.50985026359558,13.472839377935959,340.2652587890625,17.118206024169922,178.1000518798828,0.5,0.0,0.014130263589322567,DRIVING,Post-lane-change driving
53.57970690727234,13.469754249808368,339.5921936035156,17.139495849609375,178.31727600097656,0.5,0.0,0.012243252247571945,DRIVING,Post-lane-change driving
53.66538858413696,13.467443320320179,338.9191589355469,17.15842056274414,178.49986267089844,0.5,0.0,0.011128414422273636,DRIVING,Post-lane-change driving
53.730454206466675,13.464453999577074,338.2463073730469,17.175321578979492,178.6745147705078,0.5,0.0,0.009946136735379696,DRIVING,Post-lane-change driving
53.804945945739746,13.462044917604356,337.5735168457031,17.190256118774414,178.81985473632812,0.5,0.0,0.009422378614544868,DRIVING,Post-lane-change driving
53.88387370109558,13.458158130471794,336.90069580078125,17.2034912109375,178.96408081054688,0.5,0.0,0.008654849603772163,DRIVING,Post-lane-change driving
53.95804166793823,13.454714016576649,336.22796630859375,17.215070724487305,179.0850372314453,0.5,0.0,0.00839418638497591,DRIVING,Post-lane-change driving
54.0369815826416,13.450933259573103,335.5552978515625,17.225223541259766,179.20956420898438,0.5,0.0,0.007781466469168663,DRIVING,Post-lane-change driving
54.10925221443176,13.447716317410759,334.8828125,17.233915328979492,179.31448364257812,0.5,0.0,0.007584839127957821,DRIVING,Post-lane-change driving
54.19215798377991,13.443992863407342,334.2105407714844,17.241361618041992,179.42547607421875,0.5,0.0,0.006981091573834419,DRIVING,Post-lane-change driving
54.27151131629944,13.440720846128883,333.53863525390625,17.24751853942871,179.5179901123047,0.5,0.0,0.0067828050814569,DRIVING,Post-lane-change driving
54.35366940498352,13.43718175737448,332.8669128417969,17.252607345581055,179.61769104003906,0.5,0.0,0.0061696055345237255,DRIVING,Post-lane-change driving
54.43773627281189,13.434002369306791,332.19537353515625,17.256559371948242,179.69960021972656,0.5,0.0,0.00596386194229126,DRIVING,Post-lane-change driving
54.52267670631409,13.429984121981652,331.52392578125,17.259571075439453,179.78903198242188,0.5,0.0,0.005352464970201254,DRIVING,Post-lane-change driving
54.63399934768677,13.425806925538883,330.8525695800781,17.261585235595703,179.86061096191406,0.5,0.0,0.00517293019220233,DRIVING,Post-lane-change driving
54.71248817443848,13.421453958378795,330.1813659667969,17.26279640197754,179.93963623046875,0.5,0.0,0.004613219760358334,DRIVING,Post-lane-change driving
54.820961236953735,13.417511513539687,329.5103454589844,17.263120651245117,-179.9990997314453,0.5,0.0,0.004500888753682375,DRIVING,Post-lane-change driving
54.878100633621216,13.413325510603968,328.83953857421875,17.26274871826172,-179.92979431152344,0.5,0.0,0.00400593550875783,DRIVING,Post-lane-change driving
54.94141745567322,13.409289646103423,328.1690979003906,17.261592864990234,-179.8778076171875,0.5,0.0,0.003959114197641611,DRIVING,Post-lane-change driving
55.01199769973755,13.405205460416616,327.4989929199219,17.259841918945312,-179.81674194335938,0.5,0.0,0.003511822549626231,DRIVING,Post-lane-change driving
55.08373737335205,13.401359412021723,326.8291015625,17.257402420043945,-179.77206420898438,0.5,0.0,0.003497416852042079,DRIVING,Post-lane-change driving
55.15405225753784,13.397182352402092,326.15936279296875,17.254453659057617,-179.71749877929688,0.5,0.0,0.003069750964641571,DRIVING,Post-lane-change driving
55.22689747810364,13.392360802804633,325.48974609375,17.25088882446289,-179.6788787841797,0.5,0.0,0.0030718580819666386,DRIVING,Post-lane-change driving
55.29470944404602,13.38742345830044,324.8203125,17.24688720703125,-179.63011169433594,0.5,0.0,0.0026638649869710207,DRIVING,Post-lane-change driving
55.3811674118042,13.382792555385745,324.1510925292969,17.24234390258789,-179.59719848632812,0.5,0.0,0.0026951965410262346,DRIVING,Post-lane-change driving
55.45495891571045,13.378144783727757,323.4820861816406,17.2374267578125,-179.55381774902344,0.5,0.0,0.0023158672265708447,DRIVING,Post-lane-change driving
55.52555298805237,13.373432701623608,322.81341552734375,17.23202133178711,-179.52606201171875,0.5,0.0,0.0023768849205225706,DRIVING,Post-lane-change driving
55.58591389656067,13.368780142323162,322.1451721191406,17.226299285888672,-179.48741149902344,0.5,0.0,0.0020213467068970203,DRIVING,Post-lane-change driving
55.64863848686218,13.36431703721424,321.4772033691406,17.220149993896484,-179.4640350341797,0.5,0.0,0.002104484010487795,DRIVING,Post-lane-change driving
55.716840505599976,13.359758908652184,320.8094177246094,17.213733673095703,-179.42918395996094,0.5,0.0,0.0017612794181331992,DRIVING,Post-lane-change driving
55.80672645568848,13.354596476015251,320.1418151855469,17.206926345825195,-179.4093780517578,0.5,0.0,0.00185411109123379,DRIVING,Post-lane-change driving
55.88135528564453,13.349089749082097,319.474365234375,17.19989585876465,-179.3778533935547,0.5,0.0,0.001519602257758379,DRIVING,Post-lane-change driving
55.968754053115845,13.343819700641811,318.80712890625,17.19251823425293,-179.3613739013672,0.5,0.0,0.0016294186934828758,DRIVING,Post-lane-change driving
56.06800937652588,13.338610403251966,318.14019775390625,17.18495750427246,-179.33303833007812,0.5,0.0,0.0013128846185281873,DRIVING,Post-lane-change driving
56.146758794784546,13.333408528430747,317.4735412597656,17.177080154418945,-179.31964111328125,0.5,0.0,0.0014419886283576488,DRIVING,Post-lane-change driving
56.24769067764282,13.32818158154947,316.80731201171875,17.16905403137207,-179.29409790039062,0.5,0.0,0.0011403723619878292,DRIVING,Post-lane-change driving
56.33130669593811,13.323148513489487,316.1414489746094,17.160747528076172,-179.28330993652344,0.5,0.0,0.0012837582034990191,DRIVING,Post-lane-change driving
56.42991065979004,13.318085543272097,315.4757995605469,17.15231704711914,-179.25997924804688,0.5,0.0,0.0009882517624646425,DRIVING,Post-lane-change driving
56.51252508163452,13.312790854464255,314.8104248046875,17.143630981445312,-179.2513427734375,0.5,0.0,0.001139841042459011,DRIVING,Post-lane-change driving
56.58205986022949,13.306767223983185,314.1451721191406,17.13484764099121,-179.2298583984375,0.5,0.0,0.0008466434665024281,DRIVING,Post-lane-change driving
56.665618658065796,13.300907818030998,313.48016357421875,17.125831604003906,-179.2231903076172,0.5,0.0,0.0010085172252729535,DRIVING,Post-lane-change driving
56.72414231300354,13.295162170173477,312.8154602050781,17.116743087768555,-179.20355224609375,0.5,0.0,0.0007255066302604973,DRIVING,Post-lane-change driving
56.79568386077881,13.2896032947655,312.1510314941406,17.107439041137695,-179.1986083984375,0.5,0.0,0.0008960275445133448,DRIVING,Post-lane-change driving
56.87274718284607,13.28383452762623,311.48699951171875,17.098079681396484,-179.1806182861328,0.5,0.0,0.0006214120076037943,DRIVING,Post-lane-change driving
56.960352659225464,13.27825945262279,310.8233947753906,17.088529586791992,-179.17735290527344,0.5,0.0,0.0008053256897255778,DRIVING,Post-lane-change driving
57.04510307312012,13.272713278358049,310.16009521484375,17.07894515991211,-179.16061401367188,0.5,0.0,0.0005336406757123768,DRIVING,Post-lane-change driving
57.132970571517944,13.26723835694812,309.4970703125,17.06917953491211,-179.1585693359375,0.5,0.0,0.0007212267373688519,DRIVING,Post-lane-change driving
57.224910736083984,13.260858468729134,308.8342590332031,17.059391021728516,-179.1429901123047,0.5,0.0,0.0004531779559329152,DRIVING,Post-lane-change driving
57.31773138046265,13.254464136782849,308.1716613769531,17.0494327545166,-179.14208984375,0.5,0.0,0.0006458452553488314,DRIVING,Post-lane-change driving
57.40590977668762,13.248198395404955,307.5093688964844,17.03946876525879,-179.12747192382812,0.5,0.0,0.0003797239623963833,DRIVING,Post-lane-change driving
57.49156403541565,13.242118752374335,306.84735107421875,17.029348373413086,-179.1276092529297,0.5,0.0,0.0005787252448499203,DRIVING,Post-lane-change driving
57.58101034164429,13.235959308186482,306.1856994628906,17.019227981567383,-179.11392211914062,0.5,0.0,0.0003162238572258502,DRIVING,Post-lane-change driving
57.659966468811035,13.229854682775848,305.5245361328125,17.008968353271484,-179.11508178710938,0.5,0.0,0.0005239166785031557,DRIVING,Post-lane-change driving
57.7389280796051,13.223860277601737,304.86370849609375,16.998722076416016,-179.1021270751953,0.5,0.0,0.00026271940441802144,DRIVING,Post-lane-change driving
57.790613889694214,13.21793632620904,304.2032470703125,16.98834228515625,-179.10403442382812,0.5,0.0,0.0004740922595374286,DRIVING,Post-lane-change driving
57.85525965690613,13.211691531537301,303.5429992675781,16.977983474731445,-179.0917510986328,0.5,0.0,0.00021490002109203488,DRIVING,Post-lane-change driving
57.91728925704956,13.204819532113564,302.88299560546875,16.967493057250977,-179.0944366455078,0.5,0.0,0.0004324744804762304,DRIVING,Post-lane-change driving
57.994909048080444,13.19805240949342,302.2232666015625,16.9570369720459,-179.0826416015625,0.5,0.0,0.00017241969180759043,DRIVING,Post-lane-change driving
58.085906982421875,13.191483234565894,301.5638427734375,16.946456909179688,-179.08592224121094,0.5,0.0,0.00039343503885902464,DRIVING,Post-lane-change driving
58.18596529960632,13.18504535731269,300.9047546386719,16.9359130859375,-179.07469177246094,0.5,0.0,0.00013562911772169173,DRIVING,Post-lane-change driving
58.258246421813965,13.178462670024013,300.2461242675781,16.92525863647461,-179.07852172851562,0.5,0.0,0.00036051703500561416,DRIVING,Post-lane-change driving
58.346805572509766,13.172014319707865,299.58795166015625,16.914649963378906,-179.06768798828125,0.5,0.0,0.00010323953756596893,DRIVING,Post-lane-change driving
58.43090343475342,13.165662323026705,298.93011474609375,16.9039306640625,-179.07205200195312,0.5,0.0,0.00033272008295170963,DRIVING,Post-lane-change driving
58.51710629463196,13.159344940576833,298.2726135253906,16.893260955810547,-179.0615997314453,0.5,0.0,7.597677176818252e-05,DRIVING,Post-lane-change driving
58.606664419174194,13.152185947629468,297.6153564453125,16.882476806640625,-179.06637573242188,0.5,0.0,0.000307055888697505,DRIVING,Post-lane-change driving
58.69140338897705,13.144964598134386,296.9583435058594,16.871755599975586,-179.05615234375,0.5,0.0,4.819790046894923e-05,DRIVING,Post-lane-change driving
58.78571796417236,13.13792409035912,296.30169677734375,16.860925674438477,-179.06137084960938,0.5,0.0,0.000284752924926579,DRIVING,Post-lane-change driving
58.88486075401306,13.131043099683243,295.6453552246094,16.850156784057617,-179.05145263671875,0.5,0.0,2.6223986424156465e-05,DRIVING,Post-lane-change driving
58.980146169662476,13.124112903321562,294.9894104003906,16.83928680419922,-179.05706787109375,0.5,0.0,0.00026734397397376597,DRIVING,Post-lane-change driving
59.07616972923279,13.117212477780013,294.333984375,16.82848358154297,-179.04739379882812,0.5,0.0,8.695225005794782e-06,DRIVING,Post-lane-change driving
59.16903853416443,13.110465649859265,293.6789855957031,16.817583084106445,-179.05328369140625,0.5,0.0,0.0002512467617634684,DRIVING,Post-lane-change driving
59.25790548324585,13.103774984552642,293.0243225097656,16.806751251220703,-179.04379272460938,0.5,0.0,-8.153298949764576e-06,DRIVING,Post-lane-change driving
59.35191583633423,13.096834052642384,292.3699645996094,16.795822143554688,-179.04998779296875,0.5,0.0,0.00023820990463718772,DRIVING,Post-lane-change driving
59.44603109359741,13.089208322253763,291.7158508300781,16.784963607788086,-179.0405731201172,0.5,0.0,-2.4619210307719186e-05,DRIVING,Post-lane-change driving
59.542054653167725,13.08172139144966,291.06207275390625,16.77400779724121,-179.04701232910156,0.5,0.0,0.0002237063745269552,DRIVING,Post-lane-change driving
59.638797998428345,13.074413955402376,290.40863037109375,16.76313018798828,-179.03778076171875,0.5,0.0,-3.792297502513975e-05,DRIVING,Post-lane-change driving
59.738911628723145,13.067269209492133,289.75555419921875,16.75215721130371,-179.04443359375,0.5,0.0,0.000212603627005592,DRIVING,Post-lane-change driving
59.83503174781799,13.05993401971192,289.1029357910156,16.741260528564453,-179.0352783203125,0.5,0.0,-5.198786311666481e-05,DRIVING,Post-lane-change driving
59.93087196350098,13.05277962521071,288.4508361816406,16.730276107788086,-179.04220581054688,0.5,0.0,0.00020327641686890274,DRIVING,Post-lane-change driving
59.98768758773804,13.04573382165989,287.7991027832031,16.719371795654297,-179.03317260742188,0.5,0.0,-6.1217782786116e-05,DRIVING,Post-lane-change driving
60.05542850494385,13.038746075275164,287.14776611328125,16.7083740234375,-179.04025268554688,0.5,0.0,0.00019485338998492807,DRIVING,Post-lane-change driving
60.11503624916077,13.031100855014952,286.4967346191406,16.69746208190918,-179.03123474121094,0.5,0.0,-7.237491809064522e-05,DRIVING,Post-lane-change driving
60.17492389678955,13.023193971255935,285.845947265625,16.686452865600586,-179.03854370117188,0.5,0.0,0.00018786459986586124,DRIVING,Post-lane-change driving
60.241257667541504,13.015462749396887,285.1955261230469,16.6755313873291,-179.02957153320312,0.5,0.0,-8.113399962894619e-05,DRIVING,Post-lane-change driving
60.322484731674194,13.007921723588073,284.54547119140625,16.664520263671875,-179.0370330810547,0.5,0.0,0.00018178757454734296,DRIVING,Post-lane-change driving
60.39719200134277,13.000420738009515,283.89581298828125,16.653593063354492,-179.0281982421875,0.5,0.0,-8.590221113990992e-05,DRIVING,Post-lane-change driving
60.478474617004395,12.992818771946329,283.2467041015625,16.642580032348633,-179.03585815429688,0.5,0.0,0.0001805486244847998,DRIVING,Post-lane-change driving
60.55846405029297,12.985411976804857,282.5980529785156,16.631656646728516,-179.0269317626953,0.5,0.0,-9.207882249029353e-05,DRIVING,Post-lane-change driving
60.632079124450684,12.97809288935415,281.9497985839844,16.620643615722656,-179.03468322753906,0.5,0.0,0.00017500703688710928,DRIVING,Post-lane-change driving
60.706963539123535,12.970836739481538,281.3019104003906,16.609722137451172,-179.0258026123047,0.5,0.0,-9.792519267648458e-05,DRIVING,Post-lane-change driving
60.78290319442749,12.962656452681355,280.654296875,16.59870719909668,-179.0337371826172,0.5,0.0,0.0001730646617943421,DRIVING,Post-lane-change driving
60.854990005493164,12.95451533751587,280.00701904296875,16.587785720825195,-179.0248260498047,0.5,0.0,-0.00010275514068780467,DRIVING,Post-lane-change driving
60.938212394714355,12.94657322055278,279.3600769042969,16.576772689819336,-179.03282165527344,0.5,0.0,0.00016865691577550024,DRIVING,Post-lane-change driving
61.02263808250427,12.938806824150276,278.71356201171875,16.565853118896484,-179.02394104003906,0.5,0.0,-0.0001080097645171918,DRIVING,Post-lane-change driving
61.109612226486206,12.931011285739725,278.0674743652344,16.55484390258789,-179.0320281982422,0.5,0.0,0.00016501153004355729,DRIVING,Post-lane-change driving
61.20074820518494,12.92321428508418,277.42193603515625,16.54393196105957,-179.02305603027344,0.5,0.0,-0.00011619985161814839,DRIVING,Post-lane-change driving
61.29048943519592,12.91557161861662,276.7768859863281,16.53293228149414,-179.03131103515625,0.5,0.0,0.00016088351549115032,DRIVING,Post-lane-change driving
61.37280488014221,12.90800402579138,276.1322021484375,16.52202796936035,-179.0223846435547,0.5,0.0,-0.00011910787725355476,DRIVING,Post-lane-change driving
61.46269917488098,12.900183326181045,275.4878845214844,16.511032104492188,-179.03079223632812,0.5,0.0,0.00016149254224728793,DRIVING,Post-lane-change driving
61.55458974838257,12.89169222171021,274.8438720703125,16.500131607055664,-179.0217742919922,0.5,0.0,-0.00012357269588392228,DRIVING,Post-lane-change driving
61.613667726516724,12.88335880302041,274.2001953125,16.48914337158203,-179.03028869628906,0.5,0.0,0.00015992697444744408,DRIVING,Post-lane-change driving
61.67039680480957,12.875225031858388,273.5569152832031,16.478252410888672,-179.02125549316406,0.5,0.0,-0.00012606340169440955,DRIVING,Post-lane-change driving
61.753315925598145,12.867255399127528,272.9140625,16.467267990112305,-179.02980041503906,0.5,0.0,0.0001566640130477026,DRIVING,Post-lane-change driving
61.81090831756592,12.859094407032776,272.2716979980469,16.456388473510742,-179.02076721191406,0.5,0.0,-0.00013026704255025834,DRIVING,Post-lane-change driving
61.87838387489319,12.85110616610348,271.6298828125,16.44542121887207,-179.0294647216797,0.5,0.0,0.00015795495710335672,DRIVING,Post-lane-change driving
61.95072817802429,12.843249887455437,270.9884948730469,16.434555053710938,-179.02035522460938,0.5,0.0,-0.0001323449978372082,DRIVING,Post-lane-change driving
62.02412724494934,12.835464412879384,270.3475341796875,16.423593521118164,-179.0291290283203,0.5,0.0,0.00015688629355281591,DRIVING,Post-lane-change driving
62.100589990615845,12.827195862454996,269.7068786621094,16.41273307800293,-179.0199432373047,0.5,0.0,-0.0001368439116049558,DRIVING,Post-lane-change driving
62.17389726638794,12.81849197161024,269.0665283203125,16.40178108215332,-179.0288543701172,0.5,0.0,0.00015658776101190597,DRIVING,Post-lane-change driving
62.25055766105652,12.809982692321647,268.4266357421875,16.390928268432617,-179.01963806152344,0.5,0.0,-0.0001388440578011796,DRIVING,Post-lane-change driving
62.34298872947693,12.801670525549037,267.787109375,16.379985809326172,-179.02862548828125,0.5,0.0,0.00015637623437214643,DRIVING,Post-lane-change driving
62.41018295288086,12.793514785609128,267.14801025390625,16.3691463470459,-179.0194091796875,0.5,0.0,-0.000139160270919092,DRIVING,Post-lane-change driving
62.50371980667114,12.785102306114847,266.50946044921875,16.358217239379883,-179.0284423828125,0.5,0.0,0.00015698958304710686,DRIVING,Post-lane-change driving
62.55883026123047,12.776928100101248,265.8714599609375,16.347394943237305,-179.0191192626953,0.5,0.0,-0.00014241623284760863,DRIVING,Post-lane-change driving
62.616034507751465,12.768867887782658,265.23388671875,16.33648109436035,-179.0282440185547,0.5,0.0,0.00015662421355955303,DRIVING,Post-lane-change driving
62.676358699798584,12.760878450016506,264.5967102050781,16.32567024230957,-179.0188446044922,0.5,0.0,-0.00014557629765477031,DRIVING,Post-lane-change driving
62.739933013916016,12.752194757812779,263.9599304199219,16.31476593017578,-179.02810668945312,0.5,0.0,0.0001573127374285832,DRIVING,Post-lane-change driving
62.80809426307678,12.74331280031312,263.32342529296875,16.303966522216797,-179.01866149902344,0.5,0.0,-0.00014669429219793528,DRIVING,Post-lane-change driving
62.87231731414795,12.734638667593257,262.68731689453125,16.29306983947754,-179.02798461914062,0.5,0.0,0.0001575858041178435,DRIVING,Post-lane-change driving
62.947168827056885,12.726157394579934,262.0516662597656,16.282283782958984,-179.0185089111328,0.5,0.0,-0.00014739959442522377,DRIVING,Post-lane-change driving
63.023815870285034,12.717725524156744,261.41644287109375,16.271398544311523,-179.0278778076172,0.5,0.0,0.00015773257473483682,DRIVING,Post-lane-change driving
63.096885204315186,12.709169676802286,260.7817687988281,16.260629653930664,-179.0182647705078,0.5,0.0,-0.00015173343126662076,DRIVING,Post-lane-change driving
63.17526984214783,12.700817069878887,260.1476745605469,16.249767303466797,-179.0277557373047,0.5,0.0,0.00015801802510395646,DRIVING,Post-lane-change driving
63.26124930381775,12.692578063778244,259.5140075683594,16.239013671875,-179.01815795898438,0.5,0.0,-0.00015136762522161007,DRIVING,Post-lane-change driving
63.352909088134766,12.684405321248006,258.8807373046875,16.22816276550293,-179.02769470214844,0.5,0.0,0.00015964343037921935,DRIVING,Post-lane-change driving
63.44843506813049,12.675346981844637,258.247802734375,16.21742057800293,-179.0179443359375,0.5,0.0,-0.0001549645239720121,DRIVING,Post-lane-change driving
63.54451513290405,12.666302643349336,257.6152648925781,16.206579208374023,-179.02764892578125,0.5,0.0,0.00016098095511551946,DRIVING,Post-lane-change driving
63.634202003479004,12.657477231243643,256.98309326171875,16.19584846496582,-179.0178985595703,0.5,0.0,-0.00015392473142128438,DRIVING,Post-lane-change driving
63.72968792915344,12.648839955674124,256.3514099121094,16.185020446777344,-179.027587890625,0.5,0.0,0.0001615359797142446,DRIVING,Post-lane-change driving
63.81551122665405,12.640264708843063,255.72010803222656,16.174304962158203,-179.0177001953125,0.5,0.0,-0.00015796817024238408,DRIVING,Post-lane-change driving
63.903156042099,12.631549010898885,255.08949279785156,16.163494110107422,-179.0275421142578,0.5,0.0,0.00016234006034210324,DRIVING,Post-lane-change driving
63.997068881988525,12.62303168600613,254.4593505859375,16.152795791625977,-179.01760864257812,0.5,0.0,-0.00015909128705970943,DRIVING,Post-lane-change driving
64.09890246391296,12.614625017159488,253.8296661376953,16.142000198364258,-179.02749633789062,0.5,0.0,0.00016266410239040852,DRIVING,Post-lane-change driving
64.19672441482544,12.606291074729848,253.20037841796875,16.131317138671875,-179.01754760742188,0.5,0.0,-0.00015920963778626174,DRIVING,Post-lane-change driving
64.29113483428955,12.597523483019868,252.57147216796875,16.120532989501953,-179.02752685546875,0.5,0.0,0.0001651093189138919,DRIVING,Post-lane-change driving
64.3806803226471,12.588817890554475,251.9429473876953,16.10986328125,-179.01748657226562,0.5,0.0,-0.00015960242308210582,DRIVING,Post-lane-change driving
64.46736693382263,12.580257583521158,251.3148651123047,16.09909439086914,-179.0275115966797,0.5,0.0,0.00016661763947922736,DRIVING,Post-lane-change driving
64.5533139705658,12.57182740353538,250.68719482421875,16.088438034057617,-179.0174102783203,0.5,0.0,-0.00016019406029954553,DRIVING,Post-lane-change driving
64.64230728149414,12.56342260648124,250.0599365234375,16.077680587768555,-179.0275115966797,0.5,0.0,0.00016802067693788558,DRIVING,Post-lane-change driving
64.7139003276825,12.555032656593724,249.43321228027344,16.067039489746094,-179.01731872558594,0.5,0.0,-0.00016220191901084036,DRIVING,Post-lane-change driving
64.77432632446289,12.546785164210148,248.80694580078125,16.056297302246094,-179.0274658203125,0.5,0.0,0.00016722403233870864,DRIVING,Post-lane-change driving
64.83566522598267,12.538631592192587,248.1810760498047,16.045671463012695,-179.01724243164062,0.5,0.0,-0.00016399423475377262,DRIVING,Post-lane-change driving
64.89406442642212,12.530554601228484,247.5556182861328,16.034944534301758,-179.0274658203125,0.5,0.0,0.00016843881167005748,DRIVING,Post-lane-change driving
64.95598483085632,12.522551685563117,246.93055725097656,16.024333953857422,-179.01715087890625,0.5,0.0,-0.00016544200479984283,DRIVING,Post-lane-change driving
65.02221393585205,12.514620170570502,246.305908203125,16.01361656188965,-179.0274658203125,0.5,0.0,0.0001691253128228709,DRIVING,Post-lane-change driving
65.10030364990234,12.506762011359678,245.681640625,16.003019332885742,-179.01705932617188,0.5,0.0,-0.0001679767738096416,DRIVING,Post-lane-change driving
65.19067358970642,12.498973483853495,245.05775451660156,15.992316246032715,-179.0274658203125,0.5,0.0,0.00016994483303278685,DRIVING,Post-lane-change driving
65.26085805892944,12.491267198287373,244.4342498779297,15.981731414794922,-179.01702880859375,0.5,0.0,-0.0001682266010902822,DRIVING,Post-lane-change driving
65.34224009513855,12.483639082686107,243.81112670898438,15.971039772033691,-179.0274658203125,0.5,0.0,0.0001704851893009618,DRIVING,Post-lane-change driving
65.43392539024353,12.476089243323408,243.1884002685547,15.960468292236328,-179.01693725585938,0.5,0.0,-0.00017067263252101839,DRIVING,Post-lane-change driving
65.532146692276,12.468613114886798,242.56600952148438,15.949787139892578,-179.02749633789062,0.5,0.0,0.00017171875515487045,DRIVING,Post-lane-change driving
65.64946055412292,12.461221901024437,241.9440155029297,15.939229011535645,-179.0169219970703,0.5,0.0,-0.00017085544823203236,DRIVING,Post-lane-change driving
65.73147821426392,12.453904983847313,241.32240295410156,15.928561210632324,-179.02752685546875,0.5,0.0,0.00017283414490520954,DRIVING,Post-lane-change driving
65.79990029335022,12.446673307594148,240.7011260986328,15.918014526367188,-179.0168914794922,0.5,0.0,-0.0001716651167953387,DRIVING,Post-lane-change driving
65.86537265777588,12.43951160816119,240.08021545410156,15.907358169555664,-179.0275421142578,0.5,0.0,0.00017360277706757188,DRIVING,Post-lane-change driving
65.95178866386414,12.43242856534216,239.45965576171875,15.896824836730957,-179.0167999267578,0.5,0.0,-0.0001743030152283609,DRIVING,Post-lane-change driving
66.0353856086731,12.425415925237978,238.83946228027344,15.88617992401123,-179.0275421142578,0.5,0.0,0.00017378883785568178,DRIVING,Post-lane-change driving
66.11813306808472,12.418482714010587,238.2196044921875,15.875658988952637,-179.01678466796875,0.5,0.0,-0.0001747228961903602,DRIVING,Post-lane-change driving
66.2004988193512,12.411624641017706,237.60009765625,15.865026473999023,-179.027587890625,0.5,0.0,0.0001757073332555592,DRIVING,Post-lane-change driving
66.27373576164246,12.404840573832184,236.9809112548828,15.854517936706543,-179.0167694091797,0.5,0.0,-0.00017456691421102732,DRIVING,Post-lane-change driving
66.34090089797974,12.398126135789052,236.362060546875,15.84389591217041,-179.02761840820312,0.5,0.0,0.0001769988884916529,DRIVING,Post-lane-change driving
66.40671372413635,12.391485534887375,235.7435760498047,15.833399772644043,-179.01670837402344,0.5,0.0,-0.0001763358450261876,DRIVING,Post-lane-change driving
66.48223972320557,12.384909229790718,235.1254119873047,15.822789192199707,-179.0276336669922,0.5,0.0,0.00017791485879570246,DRIVING,Post-lane-change driving
66.56403040885925,12.378407809490064,234.507568359375,15.81230354309082,-179.0166778564453,0.5,0.0,-0.0001769990340108052,DRIVING,Post-lane-change driving
66.64100956916809,12.37197358692493,233.8900604248047,15.801705360412598,-179.0276641845703,0.5,0.0,0.00017950215260498226,DRIVING,Post-lane-change driving
66.73080968856812,12.365607992960383,233.27284240722656,15.791230201721191,-179.01663208007812,0.5,0.0,-0.00017796385509427637,DRIVING,Post-lane-change driving
66.81690955162048,12.359309291932455,232.65594482421875,15.780640602111816,-179.0276641845703,0.5,0.0,0.00017971699708141387,DRIVING,Post-lane-change driving
66.90394043922424,12.35307669617985,232.0393829345703,15.770174026489258,-179.01658630371094,0.5,0.0,-0.0001796544820535928,DRIVING,Post-lane-change driving
66.99297404289246,12.3469123933961,231.42312622070312,15.75959587097168,-179.02769470214844,0.5,0.0,0.00018038581765722483,DRIVING,Post-lane-change driving
67.09895825386047,12.340810796626634,230.80715942382812,15.749140739440918,-179.0165557861328,0.5,0.0,-0.0001805407810024917,DRIVING,Post-lane-change driving
67.19528675079346,12.334776557476447,230.19149780273438,15.73857307434082,-179.02772521972656,0.5,0.0,0.00018151338736061007,DRIVING,Post-lane-change driving
67.25690078735352,12.328807298567995,229.5761260986328,15.728130340576172,-179.01651000976562,0.5,0.0,-0.00018163952336180955,DRIVING,Post-lane-change driving
67.32651901245117,12.322896838091573,228.96107482910156,15.717571258544922,-179.02774047851562,0.5,0.0,0.00018238413031212986,DRIVING,Post-lane-change driving
67.39210677146912,12.317053104223643,228.34629821777344,15.70713996887207,-179.01651000976562,0.5,0.0,-0.0001811681140679866,DRIVING,Post-lane-change driving
67.45879364013672,12.311266504830616,227.73182678222656,15.696589469909668,-179.0277557373047,0.5,0.0,0.00018306188576389104,DRIVING,Post-lane-change driving
67.53889870643616,12.30554597342161,227.1176300048828,15.686166763305664,-179.01646423339844,0.5,0.0,-0.0001828162930905819,DRIVING,Post-lane-change driving
67.61204624176025,12.29988197151472,226.50372314453125,15.675626754760742,-179.0277557373047,0.5,0.0,0.00018320106028113514,DRIVING,Post-lane-change driving
67.70182251930237,12.294282457317312,225.8900909423828,15.665215492248535,-179.01644897460938,0.5,0.0,-0.00018307672871742398,DRIVING,Post-lane-change driving
67.79039120674133,12.288739091475069,225.2767333984375,15.654683113098145,-179.02781677246094,0.5,0.0,0.0001853893481893465,DRIVING,Post-lane-change driving
67.88837933540344,12.283259403941676,224.66366577148438,15.644279479980469,-179.01641845703125,0.5,0.0,-0.00018411342171020806,DRIVING,Post-lane-change driving
67.98452544212341,12.277834219345195,224.0508575439453,15.633758544921875,-179.02784729003906,0.5,0.0,0.0001864410878624767,DRIVING,Post-lane-change driving
68.08712768554688,12.272462679136856,223.43833923339844,15.62336540222168,-179.01637268066406,0.5,0.0,-0.00018552552501205355,DRIVING,Post-lane-change driving
68.18049335479736,12.267148215320422,222.8260498046875,15.6128511428833,-179.02784729003906,0.5,0.0,0.0001862076169345528,DRIVING,Post-lane-change driving
68.25673055648804,12.261894277610336,222.21405029296875,15.602465629577637,-179.01637268066406,0.5,0.0,-0.00018560554599389434,DRIVING,Post-lane-change driving
68.33861589431763,12.256698318304485,221.60232543945312,15.591962814331055,-179.0278778076172,0.5,0.0,0.00018733296019490808,DRIVING,Post-lane-change driving
68.42700505256653,12.251551791002075,220.99081420898438,15.581587791442871,-179.01632690429688,0.5,0.0,-0.00018670607823878527,DRIVING,Post-lane-change driving
68.520827293396,12.24646069049641,220.3795623779297,15.571090698242188,-179.0278778076172,0.5,0.0,0.00018724722031038254,DRIVING,Post-lane-change driving
68.60271096229553,12.241423880801156,219.76861572265625,15.560725212097168,-179.0163116455078,0.5,0.0,-0.00018742959946393967,DRIVING,Post-lane-change driving
68.69374370574951,12.236439066724015,219.1578826904297,15.550237655639648,-179.02789306640625,0.5,0.0,0.00018801212718244642,DRIVING,Post-lane-change driving
68.78559875488281,12.231506937173558,218.54742431640625,15.539878845214844,-179.01629638671875,0.5,0.0,-0.00018801983969751745,DRIVING,Post-lane-change driving
68.87326002120972,12.226624670557618,217.9371795654297,15.529398918151855,-179.0279541015625,0.5,0.0,0.00018954306142404675,DRIVING,Post-lane-change driving
68.9695839881897,12.221800179132666,217.32720947265625,15.519052505493164,-179.01626586914062,0.5,0.0,-0.00018856787937693298,DRIVING,Post-lane-change driving
69.06099772453308,12.217022848186842,216.7174530029297,15.508578300476074,-179.02798461914062,0.5,0.0,0.00019056262681260705,DRIVING,Post-lane-change driving
69.14196681976318,12.212299746894919,216.10792541503906,15.498238563537598,-179.01625061035156,0.5,0.0,-0.00018941234156955034,DRIVING,Post-lane-change driving
69.23592519760132,12.207623869669593,215.49862670898438,15.487773895263672,-179.02798461914062,0.5,0.0,0.00019074349256698042,DRIVING,Post-lane-change driving
69.3214750289917,12.202993481850575,214.8895721435547,15.47744083404541,-179.01625061035156,0.5,0.0,-0.00018952519167214632,DRIVING,Post-lane-change driving
69.41649007797241,12.19841402604572,214.28076171875,15.466985702514648,-179.0279998779297,0.5,0.0,0.0001913283922476694,DRIVING,Post-lane-change driving
69.5337541103363,12.193884666898981,213.67214965820312,15.45666217803955,-179.01620483398438,0.5,0.0,-0.00019077652541454881,DRIVING,Post-lane-change driving
69.60797214508057,12.189399148007809,213.0637664794922,15.446212768554688,-179.0279998779297,0.5,0.0,0.00019141925440635532,DRIVING,Post-lane-change driving
69.67371463775635,12.184963714525107,212.45562744140625,15.435896873474121,-179.0161895751953,0.5,0.0,-0.00019099596829619259,DRIVING,Post-lane-change driving
69.74302625656128,12.180579264207767,211.84768676757812,15.425457000732422,-179.02806091308594,0.5,0.0,0.00019393250113353133,DRIVING,Post-lane-change driving
69.80363583564758,12.176242055776264,211.23997497558594,15.41514778137207,-179.01614379882812,0.5,0.0,-0.00019233736384194344,DRIVING,Post-lane-change driving
69.86689710617065,12.17224780343393,210.6324920654297,15.40471363067627,-179.0279998779297,0.5,0.0,0.00019182366668246686,DRIVING,Post-lane-change driving
69.93298482894897,12.168428069307279,210.02525329589844,15.39441204071045,-179.01614379882812,0.5,0.0,-0.00019255821825936437,DRIVING,Post-lane-change driving
70.01232361793518,12.164567579034454,209.41819763183594,15.383986473083496,-179.02810668945312,0.5,0.0,0.00019547276315279305,DRIVING,Post-lane-change driving
