timestamp,frame,min_distance_m,lateral_offset_m,point_count
8.892412076704204,20783255,4.331724166870117,-0.6164453029632568,1435
8.99241207819432,20783257,4.331739902496338,0.3090234398841858,1509
9.042412078939378,20783258,4.332093238830566,-0.30906248092651367,1396
9.092412079684436,20783259,4.332760334014893,1.514062523841858,1505
9.142412080429494,20783260,4.333622455596924,-1.9398436546325684,1415
9.192412081174552,20783261,4.334146499633789,1.940039038658142,1475
9.24241208191961,20783262,4.334775447845459,-1.9403125047683716,1473
9.292412082664669,20783263,4.335229873657227,1.9405077695846558,1425
9.342412083409727,20783264,4.3357014656066895,-1.9407421350479126,1444
9.392412084154785,20783265,4.336033344268799,1.9409373998641968,1470
9.442412084899843,20783266,4.336329936981201,-1.941015601158142,1460
9.4924120856449,20783267,4.336577415466309,1.8014843463897705,1494
9.542412086389959,20783268,4.336958408355713,-1.2218358516693115,1425
9.592412087135017,20783269,4.336892604827881,1.801601529121399,1487
9.642412087880075,20783270,4.33714485168457,-1.515663981437683,1359
9.692412088625133,20783271,4.337224006652832,1.8017578125,1496
9.742412089370191,20783272,4.337302207946777,-1.6598047018051147,1388
9.79241209011525,20783273,4.337238311767578,1.94140625,1467
9.842412090860307,20783274,4.3372039794921875,-1.94140625,1421
9.892412091605365,20783275,4.337203502655029,1.9413671493530273,1488
9.942412092350423,20783276,4.337116241455078,-1.9413280487060547,1385
9.992412093095481,20783277,4.33699369430542,1.9413671493530273,1448
10.04241209384054,20783278,4.336989402770996,-1.5155858993530273,1415
10.092412094585598,20783279,4.336697101593018,1.9411327838897705,1526
10.142412095330656,20783280,4.336679458618164,-1.9411718845367432,1420
10.192412096075714,20783281,4.336714267730713,1.9411718845367432,1486
10.242412096820772,20783282,4.336679458618164,-1.9411718845367432,1424
10.29241209756583,20783283,4.336771011352539,1.8015234470367432,1478
10.342412098310888,20783284,4.336716651916504,-1.8015624284744263,1430
10.392412099055946,20783285,4.3367180824279785,1.8015234470367432,1484
10.442412099801004,20783286,4.336627006530762,-1.9410936832427979,1443
10.492412100546062,20783287,4.336627006530762,1.9411718845367432,1435
10.54241210129112,20783288,4.33666467666626,-1.8015234470367432,1372
10.592412102036178,20783289,4.336577415466309,1.8014843463897705,1493
10.642412102781236,20783290,4.336619853973389,-1.6595312356948853,1437
10.692412103526294,20783291,4.336400032043457,1.941015601158142,1487
10.742412104271352,20783292,4.336382865905762,-1.9410547018051147,1421
10.79241210501641,20783293,4.336369037628174,1.801367163658142,1498
10.842412105761468,20783294,4.336297988891602,-1.801367163658142,1435
10.892412106506526,20783295,4.336262226104736,1.801367163658142,1487
10.942412107251585,20783296,4.336527347564697,-1.8014062643051147,1438
10.992412107996643,20783297,4.336452484130859,1.9410936832427979,1473
11.0424121087417,20783298,4.335786819458008,-1.515234351158142,1433
11.092412109486759,20783299,4.334897518157959,1.9403514862060547,1494
11.142412110231817,20783300,4.334465980529785,-1.6587109565734863,1417
11.192412110976875,20783301,4.334259986877441,1.368749976158142,1478
11.242412111721933,20783302,4.334164142608643,-1.940039038658142,1408
11.292412112466991,20783303,4.334216117858887,1.940039038658142,1501
11.342412113212049,20783304,4.33435583114624,-1.9401171207427979,1431
11.392412113957107,20783305,4.33451509475708,1.800624966621399,1456
11.442412114702165,20783306,4.334618091583252,-1.9402343034744263,1394
11.492412115447223,20783307,4.334799289703369,1.6588281393051147,1440
11.542412116192281,20783308,4.334967613220215,-1.8008593320846558,1459
11.59241211693734,20783309,4.335078716278076,1.6589453220367432,1443
11.642412117682397,20783310,4.335142135620117,-1.940468668937683,1426
11.692412118427455,20783311,4.3352131843566895,1.8009374141693115,1485
11.742412119172513,20783312,4.335247039794922,-1.9405077695846558,1430
11.792412119917572,20783313,4.335299491882324,1.9405468702316284,1435
11.84241212066263,20783314,4.335371971130371,-1.8009765148162842,1431
11.892412121407688,20783315,4.335389614105225,1.8009765148162842,1478
11.942412122152746,20783316,4.335386753082275,-1.9405858516693115,1408
11.992412122897804,20783317,4.335460186004639,1.6591405868530273,1475
12.042412123642862,20783318,4.335403919219971,-1.9406249523162842,1447
12.09241212438792,20783319,4.335423469543457,1.8010156154632568,1435
12.142412125132978,20783320,4.335386753082275,-1.9405858516693115,1434
12.192412125878036,20783321,4.335386753082275,1.9406249523162842,1455
12.242412126623094,20783322,4.335636138916016,-0.3092968761920929,1434
12.292412127368152,20783323,4.335351943969727,1.9405858516693115,1461
12.34241212811321,20783324,4.335355281829834,-1.8009374141693115,1375
12.392412128858268,20783325,4.335352420806885,1.8010156154632568,1416
12.442412129603326,20783326,4.3353166580200195,-1.9405468702316284,1435
12.492412130348384,20783327,4.335391044616699,1.6591014862060547,1507
12.542412131093442,20783328,4.3353376388549805,-1.8009374141693115,1437
12.5924121318385,20783329,4.335264682769775,1.9405077695846558,1443
12.642412132583559,20783330,4.3352861404418945,-1.8008984327316284,1360
12.692412133328617,20783331,4.335284233093262,1.8009374141693115,1397
12.742412134073675,20783332,4.335284233093262,-1.8009374141693115,1419
12.792412134818733,20783333,4.335212230682373,1.9405077695846558,1463
12.84241213556379,20783334,4.3351945877075195,-1.9405077695846558,1444
12.892412136308849,20783335,4.335247039794922,1.9405468702316284,1419
12.942412137053907,20783336,4.335142135620117,-1.9404296875,1454
12.992412137798965,20783337,4.3352131843566895,1.8009374141693115,1456
13.042412138544023,20783338,4.335054874420166,-1.9404296875,1431
13.092412139289081,20783339,4.335247039794922,1.8009765148162842,1466
13.14241214003414,20783340,4.335002422332764,-1.9404296875,1427
13.192412140779197,20783341,4.335312366485596,3.9062499126885086e-05,1446
13.242412141524255,20783342,4.33486270904541,-1.9403125047683716,1445
13.292412142269313,20783343,4.335273265838623,0.0,1459
13.342412143014371,20783344,4.334810256958008,-1.9403514862060547,1454
13.39241214375943,20783345,4.3352813720703125,0.1547265648841858,1467
13.442412144504488,20783346,4.334743022918701,-1.8007030487060547,1453
13.492412145249546,20783347,4.33523416519165,3.9062499126885086e-05,1439
13.542412145994604,20783348,4.33456563949585,-1.9402343034744263,1391
13.592412146739662,20783349,4.335267066955566,0.46339842677116394,1439
13.64241214748472,20783350,4.334425926208496,-1.9401562213897705,1475
13.692412148229778,20783351,4.335175514221191,0.0,1475
13.742412148974836,20783352,4.334373474121094,-1.9401171207427979,1440
13.792412149719894,20783353,4.335116863250732,0.0,1429
13.842412150464952,20783354,4.334286212921143,-1.9401171207427979,1407
13.89241215121001,20783355,4.335097789764404,0.0,1448
13.942412151955068,20783356,4.3345255851745605,-1.3688280582427979,1459
13.992412152700126,20783357,4.335058689117432,-3.9062499126885086e-05,1464
14.042412153445184,20783358,4.334112644195557,-1.8004686832427979,1438
14.092412154190242,20783359,4.335039138793945,0.0,1428
14.1424121549353,20783360,4.33393669128418,-1.9399218559265137,1410
14.192412155680358,20783361,4.335189342498779,0.46339842677116394,1421
14.242412156425416,20783362,4.333938121795654,-1.800390601158142,1440
14.292412157170475,20783363,4.334980487823486,-3.9062499126885086e-05,1402
14.342412157915533,20783364,4.333850383758545,-1.8003515005111694,1413
14.39241215866059,20783365,4.334921836853027,0.0,1404
14.442412159405649,20783366,4.333517551422119,-1.9397655725479126,1413
14.492412160150707,20783367,4.334902286529541,3.9062499126885086e-05,1408
14.542412160895765,20783368,4.333499908447266,-1.800234317779541,1456
14.592412161640823,20783369,4.335087776184082,0.3092578053474426,1450
14.642412162385881,20783370,4.333325386047363,-1.9396874904632568,1405
14.692412163130939,20783371,4.334863185882568,-3.9062499126885086e-05,1447
14.742412163875997,20783372,4.333343029022217,-1.9396874904632568,1435
14.792412164621055,20783373,4.334910869598389,0.1547265648841858,1420
14.842412165366113,20783374,4.333272933959961,-1.9396483898162842,1459
14.892412166111171,20783375,4.334889888763428,0.15468749403953552,1422
14.94241216685623,20783376,4.333569049835205,-1.514492154121399,1400
14.992412167601287,20783377,4.33474588394165,0.0,1389
15.042412168346345,20783378,4.333098888397217,-1.8000390529632568,1497
15.092412169091403,20783379,4.334871768951416,0.1547265648841858,1378
15.142412169836462,20783380,4.333046913146973,-1.7999999523162842,1414
15.19241217058152,20783381,4.334726333618164,0.0,1431
15.242412171326578,20783382,4.333131313323975,-1.8001171350479126,1451
15.292412172071636,20783383,4.334687232971191,0.0,1434
15.342412172816694,20783384,4.333082675933838,-1.7999999523162842,1420
15.392412173561752,20783385,4.334893226623535,0.3092578053474426,1403
15.44241217430681,20783386,4.332731246948242,-1.9394140243530273,1484
15.492412175051868,20783387,4.334628582000732,-3.9062499126885086e-05,1414
15.542412175796926,20783388,4.332643985748291,-1.9393359422683716,1454
15.592412176541984,20783389,4.334754467010498,0.1547265648841858,1389
15.642412177287042,20783390,4.3326616287231445,-1.9393749237060547,1480
15.6924121780321,20783391,4.334589958190918,0.0,1407
15.742412178777158,20783392,4.33267879486084,-1.9393749237060547,1450
15.792412179522216,20783393,4.334570407867432,0.0,1379
15.842412180267274,20783394,4.332574367523193,-1.9393749237060547,1429
15.892412181012332,20783395,4.334531307220459,0.0,1397
15.94241218175739,20783396,4.332399368286133,-1.9392577409744263,1429
15.992412182502449,20783397,4.334812164306641,0.30921873450279236,1403
16.042412183247507,20783398,4.332592964172363,-1.7998046875,1386
16.092412183992565,20783399,4.334511756896973,0.0,1417
16.142412184737623,20783400,4.332767963409424,-1.658046841621399,1500
16.19241218548268,20783401,4.33447265625,-3.9062499126885086e-05,1387
16.24241218622774,20783402,4.332486152648926,-1.7998046875,1442
16.292412186972797,20783403,4.334433555603027,0.0,1400
16.342412187717855,20783404,4.332137584686279,-1.9391015768051147,1469
16.392412188462913,20783405,4.334578514099121,0.1547265648841858,1397
16.44241218920797,20783406,4.332189559936523,-1.9391405582427979,1450
16.49241218995303,20783407,4.335019111633301,0.6169140338897705,1406
16.542412190698087,20783408,4.332242488861084,-1.9391796588897705,1472
16.592412191443145,20783409,4.334859371185303,0.46339842677116394,1392
16.642412192188203,20783410,4.3322954177856445,-1.7996875047683716,1413
16.69241219293326,20783411,4.334498882293701,0.15468749403953552,1378
16.74241219367832,20783412,4.331962585449219,-1.9390233755111694,1407
16.792412194423378,20783413,4.334335803985596,0.0,1396
16.842412195168436,20783414,4.332050323486328,-1.9391015768051147,1451
16.892412195913494,20783415,4.3346757888793945,0.30921873450279236,1405
16.94241219665855,20783416,4.332102298736572,-1.9391405582427979,1445
16.99241219740361,20783417,4.3344807624816895,0.1547265648841858,1422
17.042412198148668,20783418,4.332635879516602,-1.3682421445846558,1434
17.092412198893726,20783419,4.334656238555908,0.30921873450279236,1373
17.142412199638784,20783420,4.331788063049316,-1.9389842748641968,1445
17.192412200383842,20783421,4.334238052368164,0.0,1366
17.2424122011289,20783422,4.331840515136719,-1.9389842748641968,1414
17.292412201873958,20783423,4.334218502044678,7.812499825377017e-05,1399
17.342412202619016,20783424,4.332103252410889,-1.7996093034744263,1428
17.392412203364074,20783425,4.334401607513428,0.15468749403953552,1390
17.442412204109132,20783426,4.332344055175781,-1.5140234231948853,1399
17.49241220485419,20783427,4.334198951721191,3.9062499126885086e-05,1413
17.54241220559925,20783428,4.331648349761963,-1.9389452934265137,1425
17.592412206344306,20783429,4.3347039222717285,0.46339842677116394,1408
17.642412207089365,20783430,4.3317179679870605,-1.9389842748641968,1439
17.692412207834423,20783431,4.334706783294678,0.46324217319488525,1415
17.74241220857948,20783432,4.331735610961914,-1.938906192779541,1403
17.79241220932454,20783433,4.334140300750732,0.0,1430
17.842412210069597,20783434,4.331823825836182,-1.7994921207427979,1475
17.892412210814655,20783435,4.334159851074219,0.0,1404
17.942412211559713,20783436,4.331890106201172,-1.6577343940734863,1484
17.99241221230477,20783437,4.334323883056641,0.15468749403953552,1401
18.04241221304983,20783438,4.331525802612305,-1.9388670921325684,1428
18.092412213794887,20783439,4.33430290222168,0.15464843809604645,1433
18.142412214539945,20783440,4.3317952156066895,-1.7995312213897705,1452
18.192412215285003,20783441,4.334082126617432,-3.9062499126885086e-05,1440
18.24241221603006,20783442,4.3313775062561035,-1.9387890100479126,1394
18.29241221677512,20783443,4.334043025970459,0.0,1412
18.342412217520177,20783444,4.331562042236328,-1.7993749380111694,1447
18.392412218265235,20783445,4.334256649017334,0.1547265648841858,1431
18.442412219010293,20783446,4.331655025482178,-1.7994921207427979,1453
18.49241221975535,20783447,4.33401346206665,3.9062499126885086e-05,1403
18.54241222050041,20783448,4.331490993499756,-1.9387890100479126,1404
18.592412221245468,20783449,4.334641456604004,0.46335935592651367,1434
18.642412221990526,20783450,4.3318963050842285,-1.5138671398162842,1428
18.692412222735584,20783451,4.334188461303711,0.1547265648841858,1432
18.742412223480642,20783452,4.331662178039551,-1.657656192779541,1388
18.7924122242257,20783453,4.333984375,0.0,1475
18.842412224970758,20783454,4.331334114074707,-1.9387890100479126,1392
18.892412225715816,20783455,4.334157943725586,0.15468749403953552,1405
18.942412226460874,20783456,4.331454753875732,-1.7993749380111694,1423
18.992412227205932,20783457,4.334400653839111,0.3091796934604645,1453
19.04241222795099,20783458,4.331132888793945,-1.9386718273162842,1414
19.09241222869605,20783459,4.333974361419678,0.0,1418
19.142412229441106,20783460,4.331611156463623,-1.6576170921325684,1390
19.192412230186164,20783461,4.334568023681641,0.46339842677116394,1433
19.242412230931222,20783462,4.331246376037598,-1.9387109279632568,1398
19.29241223167628,20783463,4.334118843078613,0.15468749403953552,1406
19.34241223242134,20783464,4.33178186416626,-1.5138280391693115,1364
19.392412233166397,20783465,4.333896160125732,-3.9062499126885086e-05,1374
19.442412233911455,20783466,4.331442832946777,-1.6575781106948853,1365
19.492412234656513,20783467,4.333915710449219,3.9062499126885086e-05,1455
19.54241223540157,20783468,4.331280708312988,-1.7992968559265137,1404
19.59241223614663,20783469,4.333877086639404,0.0,1458
19.642412236891687,20783470,4.331385612487793,-1.7993359565734863,1372
19.692412237636745,20783471,4.333867073059082,0.0,1398
19.742412238381803,20783472,4.330932140350342,-1.9385937452316284,1381
19.79241223912686,20783473,4.334325313568115,0.30921873450279236,1417
19.84241223987192,20783474,4.330984115600586,-1.9386718273162842,1431
19.892412240616977,20783475,4.334099292755127,0.15468749403953552,1399
19.942412241362035,20783476,4.331010341644287,-1.9386327266693115,1369
19.992412242107093,20783477,4.333818435668945,0.0,1449
20.04241224285215,20783478,4.330984592437744,-1.9386327266693115,1432
20.09241224359721,20783479,4.333837985992432,0.0,1432
20.142412244342268,20783480,4.330809593200684,-1.9384765625,1413
20.192412245087326,20783481,4.333847522735596,3.9062499126885086e-05,1420
20.242412245832384,20783482,4.331789493560791,-1.3679686784744263,1426
20.29241224657744,20783483,4.33376932144165,0.0,1433
20.3424122473225,20783484,4.3310017585754395,-1.9386327266693115,1397
20.392412248067558,20783485,4.334009647369385,0.15464843809604645,1476
20.442412248812616,20783486,4.330827236175537,-1.9385546445846558,1338
20.492412249557674,20783487,4.334069728851318,0.15468749403953552,1383
20.542412250302732,20783488,4.330792427062988,-1.938515543937683,1336
20.59241225104779,20783489,4.333788871765137,-7.812499825377017e-05,1465
20.642412251792848,20783490,4.331310272216797,-1.6575390100479126,1386
20.692412252537906,20783491,4.333788871765137,3.9062499126885086e-05,1348
20.742412253282964,20783492,4.330853462219238,-1.9385937452316284,1394
20.792412254028022,20783493,4.334001541137695,0.15468749403953552,1434
20.84241225477308,20783494,4.33068323135376,-1.9384765625,1343
20.89241225551814,20783495,4.333755016326904,-3.9062499126885086e-05,1383
20.942412256263196,20783496,4.33080530166626,-1.9385546445846558,1360
20.992412257008255,20783497,4.333764553070068,0.0,1436
21.042412257753313,20783498,4.331521034240723,-1.513710856437683,1305
21.09241225849837,20783499,4.33449125289917,0.46335935592651367,1422
21.14241225924343,20783500,4.33062219619751,-1.9384374618530273,1329
21.192412259988487,20783501,4.333977222442627,0.15468749403953552,1424
21.242412260733545,20783502,4.330639362335205,-1.9384765625,1367
21.292412261478603,20783503,4.333715915679932,-7.812499825377017e-05,1414
21.34241226222366,20783504,4.330757141113281,-1.938515543937683,1325
21.39241226296872,20783505,4.333735466003418,3.9062499126885086e-05,1415
21.442412263713777,20783506,4.330617904663086,-1.9384374618530273,1364
21.492412264458835,20783507,4.333696365356445,-3.9062499126885086e-05,1450
21.542412265203893,20783508,4.330799579620361,-1.79910147190094,1319
21.59241226594895,20783509,4.333705902099609,3.9062499126885086e-05,1418
21.64241226669401,20783510,4.331275939941406,-1.7992968559265137,1304
21.692412267439067,20783511,4.333214282989502,0.3091406226158142,1467
21.742412268184125,20783512,4.330215930938721,-1.9382811784744263,1332
21.792412268929183,20783513,4.330073356628418,3.9062499126885086e-05,1464
21.84241226967424,20783514,4.327938079833984,-1.797890543937683,1326
21.8924122704193,20783515,4.32705545425415,3.9062499126885086e-05,1392
21.942412271164358,20783516,4.325778961181641,-1.069765567779541,1316
21.992412271909416,20783517,4.325043678283691,3.9062499126885086e-05,1382
22.042412272654474,20783518,4.324427127838135,-0.462226539850235,1269
22.092412273399532,20783519,4.324041366577148,0.15425780415534973,1461
22.14241227414459,20783520,4.323729038238525,-0.4621874988079071,1350
22.192412274889648,20783521,4.323700904846191,0.6153905987739563,1444
22.242412275634706,20783522,4.323469638824463,-0.3084765672683716,1244
22.292412276379764,20783523,4.323411464691162,0.15437500178813934,1479
22.342412277124822,20783524,4.32345724105835,-0.154296875,1320
22.39241227786988,20783525,4.323497295379639,0.15433593094348907,1398
22.44241227861494,20783526,4.3236260414123535,-0.15437500178813934,1233
22.492412279359996,20783527,4.323707103729248,0.15433593094348907,1455
22.542412280105054,20783528,4.32390832901001,-0.4621874988079071,1283
22.592412280850112,20783529,4.323975563049316,0.15433593094348907,1439
22.64241228159517,20783530,4.324195384979248,-0.15433593094348907,1289
22.69241228234023,20783531,4.324316501617432,-3.9062499126885086e-05,1473
22.742412283085287,20783532,4.320031642913818,-0.3082031309604645,1265
22.792412283830345,20783533,4.314295291900635,0.15394531190395355,1457
22.842412284575403,20783534,4.309057235717773,-0.1537500023841858,1284
22.89241228532046,20783535,4.305347442626953,0.7644140720367432,1414
22.94241228606552,20783536,4.3025336265563965,-0.15363280475139618,1283
22.992412286810577,20783537,4.305800914764404,0.0,1427
23.042412287555635,20783538,4.31143045425415,-0.6136327981948853,1283
23.092412288300693,20783539,4.316240310668945,0.1540234386920929,1464
23.14241228904575,20783540,4.32037878036499,-0.1541796773672104,1320
23.19241228979081,20783541,4.323598861694336,0.154296875,1485
23.242412290535867,20783542,4.326035976409912,-0.46242186427116394,1236
23.292412291280925,20783543,4.327831268310547,0.30878904461860657,1393
23.342412292025983,20783544,4.32918119430542,-0.3088671863079071,1284
23.39241229277104,20783545,4.329189777374268,0.15453124046325684,1437
23.4424122935161,20783546,4.32918119430542,-0.3088671863079071,1314
23.492412294261158,20783547,4.329193115234375,0.30882811546325684,1456
23.542412295006216,20783548,4.32918119430542,-0.3088671863079071,1298
23.592412295751274,20783549,4.329189777374268,0.15453124046325684,1424
23.64241229649633,20783550,4.329373836517334,-0.9202734231948853,1295
23.69241229724139,20783551,4.329925537109375,0.6161718368530273,1469
23.742412297986448,20783552,4.33068323135376,-0.462890625,1273
23.792412298731506,20783553,4.331403732299805,0.3090234398841858,1451
23.842412299476564,20783554,4.332252025604248,-0.46312499046325684,1278
23.892412300221622,20783555,4.332687854766846,1.7998827695846558,1506
23.94241230096668,20783556,4.333529949188232,-0.1547265648841858,1286
23.992412301711738,20783557,4.333591938018799,1.9397655725479126,1465
24.042412302456796,20783558,4.334593296051025,-0.1547265648841858,1242
24.092412303201854,20783559,4.334155559539795,1.9400781393051147,1470
24.142412303946912,20783560,4.335290431976318,-0.4634765386581421,1258
24.19241230469197,20783561,4.334360599517822,1.9401171207427979,1442
24.24241230543703,20783562,4.335599422454834,-0.3092578053474426,1285
24.292412306182086,20783563,4.334535121917725,1.9402343034744263,1461
24.342412306927145,20783564,4.335669994354248,-0.15480467677116394,1284
24.392412307672203,20783565,4.334805011749268,1.6588671207427979,1484
24.44241230841726,20783566,4.335750102996826,-0.1547265648841858,1278
24.49241230916232,20783567,4.334548473358154,1.9401953220367432,1423
24.542412309907377,20783568,4.335869789123535,-0.15480467677116394,1283
24.592412310652435,20783569,4.334591865539551,1.940273404121399,1454
24.642412311397493,20783570,4.335986614227295,-0.3092968761920929,1292
24.69241231214255,20783571,4.334460735321045,1.9401562213897705,1446
24.74241231288761,20783572,4.33603572845459,-0.3092968761920929,1284
24.792412313632667,20783573,4.334463119506836,1.8005858659744263,1476
24.842412314377725,20783574,4.336021900177002,-0.30937498807907104,1285
24.892412315122783,20783575,4.33417272567749,1.9399999380111694,1472
24.94241231586784,20783576,4.336002349853516,-0.30937498807907104,1273
24.9924123166129,20783577,4.334165573120117,1.8004686832427979,1447
25.042412317357957,20783578,4.335806846618652,-0.15468749403953552,1251
25.092412318103015,20783579,4.333973407745361,1.800390601158142,1465
25.142412318848073,20783580,4.3355937004089355,-0.1547265648841858,1297
25.19241231959313,20783581,4.33348274230957,1.9396874904632568,1475
25.24241232033819,20783582,4.335447311401367,-0.1547265648841858,1309
25.292412321083248,20783583,4.333440780639648,1.8001562356948853,1485
25.342412321828306,20783584,4.335359573364258,-0.1547265648841858,1259
25.392412322573364,20783585,4.333610534667969,1.5144530534744263,1452
25.442412323318422,20783586,4.335338592529297,-0.15468749403953552,1274
25.49241232406348,20783587,4.332923412322998,1.939492106437683,1443
25.542412324808538,20783588,4.335494041442871,-0.30921873450279236,1278
25.592412325553596,20783589,4.332766532897949,1.939453125,1402
25.642412326298654,20783590,4.335438251495361,-0.3092578053474426,1268
25.692412327043712,20783591,4.332521915435791,1.939296841621399,1450
25.74241232778877,20783592,4.33524227142334,-0.1547265648841858,1265
25.79241232853383,20783593,4.3324875831604,1.7997655868530273,1424
25.842412329278886,20783594,4.335341453552246,-0.3092578053474426,1262
25.892412330023944,20783595,4.332311630249023,1.7997264862060547,1428
25.942412330769002,20783596,4.335224151611328,-0.3092578053474426,1323
25.99241233151406,20783597,4.332311153411865,1.6578905582427979,1439
26.04241233225912,20783598,4.334988594055176,-0.1547265648841858,1309
26.092412333004177,20783599,4.331630706787109,1.9388670921325684,1432
26.142412333749235,20783600,4.334889888763428,-0.15468749403953552,1280
26.192412334494293,20783601,4.331421375274658,1.9387890100479126,1392
26.24241233523935,20783602,4.33485221862793,-0.1547265648841858,1314
26.29241233598441,20783603,4.3311767578125,1.9386718273162842,1375
26.342412336729467,20783604,4.334813117980957,-0.1547265648841858,1267
26.392412337474525,20783605,4.331246376037598,1.799257755279541,1413
26.442412338219583,20783606,4.337121486663818,-1.5157030820846558,1292
26.49241233896464,20783607,4.330774784088135,1.9385546445846558,1364
26.5424123397097,20783608,4.335329532623291,-0.4634374976158142,1288
26.592412340454757,20783609,4.330495357513428,1.9383983612060547,1383
26.642412341199815,20783610,4.334913730621338,-0.46335935592651367,1312
26.692412341944873,20783611,4.334951400756836,0.3092578053474426,1411
26.74241234268993,20783612,4.333406925201416,-0.9211328029632568,1311
26.79241234343499,20783613,4.335263252258301,0.15476562082767487,1370
26.842412344180048,20783614,4.330862045288086,-1.9386327266693115,1298
26.892412344925106,20783615,4.335214614868164,-3.9062499126885086e-05,1326
26.942412345670164,20783616,4.330442905426025,-1.9383593797683716,1264
26.99241234641522,20783617,4.3364644050598145,0.46351560950279236,1360
27.04241234716028,20783618,4.330040454864502,-1.7987499237060547,1302
27.092412347905338,20783619,4.335410118103027,3.9062499126885086e-05,1377
27.142412348650396,20783620,4.3289055824279785,-1.9376952648162842,1299
27.192412349395454,20783621,4.3349609375,0.0,1400
27.242412350140512,20783622,4.328815460205078,-1.798281192779541,1298
27.29241235088557,20783623,4.334335803985596,-3.9062499126885086e-05,1403
27.342412351630628,20783624,4.32790994644165,-1.9372656345367432,1295
27.392412352375686,20783625,4.3338942527771,0.15468749403953552,1373
27.442412353120744,20783626,4.326844215393066,-1.9367578029632568,1237
27.492412353865802,20783627,4.33413028717041,0.30921873450279236,1390
27.54241235461086,20783628,4.326163291931152,-1.9364452362060547,1249
27.59241235535592,20783629,4.333046913146973,0.0,1353
27.642412356100976,20783630,4.325918197631836,-1.9363280534744263,1243
27.692412356846035,20783631,4.333300590515137,-3.9062499126885086e-05,1381
27.742412357591093,20783632,4.327690124511719,-1.5123827457427979,1272
27.79241235833615,20783633,4.335306167602539,0.46339842677116394,1469
27.84241235908121,20783634,4.326163291931152,-1.9364843368530273,1247
27.892412359826267,20783635,4.333720684051514,0.0,1370
27.942412360571325,20783636,4.326145648956299,-1.9364843368530273,1236
27.992412361316383,20783637,4.333837985992432,3.9062499126885086e-05,1453
28.04241236206144,20783638,4.326005935668945,-1.936367154121399,1220
28.0924123628065,20783639,4.333915710449219,-3.9062499126885086e-05,1399
28.142412363551557,20783640,4.325459957122803,-1.796875,1185
28.192412364296615,20783641,4.333808422088623,0.0,1349
28.242412365041673,20783642,4.332096576690674,-0.7691406011581421,1221
28.29241236578673,20783643,4.335339069366455,0.4634374976158142,1416
28.34241236653179,20783644,4.332951068878174,-1.7999608516693115,1234
28.392412367276847,20783645,4.335115909576416,0.1547265648841858,1406
28.442412368021905,20783646,4.334201335906982,-1.8004686832427979,1215
28.492412368766963,20783647,4.335273265838623,0.0,1366
28.54241236951202,20783648,4.33444356918335,-1.9402343034744263,1249
28.59241237025708,20783649,4.335516452789307,0.3092578053474426,1398
28.642412371002138,20783650,4.334583282470703,-1.8007030487060547,1278
28.692412371747196,20783651,4.335488319396973,0.0,1338
28.742412372492254,20783652,4.334550380706787,-1.800624966621399,1278
28.792412373237312,20783653,4.335603713989258,0.1547265648841858,1367
28.84241237398237,20783654,4.334465026855469,-1.8005468845367432,1248
28.892412374727428,20783655,4.335527420043945,-3.9062499126885086e-05,1402
28.942412375472486,20783656,4.334277629852295,-1.9400781393051147,1243
28.992412376217544,20783657,4.335536956787109,0.0,1411
29.042412376962602,20783658,4.334244251251221,-1.8005077838897705,1232
29.09241237770766,20783659,4.335536956787109,3.9062499126885086e-05,1365
29.14241237845272,20783660,4.334076404571533,-1.9399999380111694,1213
29.192412379197776,20783661,4.335488319396973,0.0,1390
29.242412379942834,20783662,4.33420991897583,-1.8004686832427979,1227
29.292412380687892,20783663,4.335982799530029,1.072265625,1383
29.34241238143295,20783664,4.334076404571533,-1.9399999380111694,1249
29.39241238217801,20783665,4.335536479949951,0.15476562082767487,1370
29.442412382923067,20783666,4.334138870239258,-1.8004686832427979,1250
29.492412383668125,20783667,4.335458278656006,0.15476562082767487,1385
29.542412384413183,20783668,4.334222316741943,-1.6585936546325684,1195
29.59241238515824,20783669,4.335351467132568,3.9062499126885086e-05,1422
29.6424123859033,20783670,4.334619045257568,-1.0719921588897705,1196
29.692412386648357,20783671,4.335322380065918,0.0,1402
29.742412387393415,20783672,4.333840847015381,-1.9399218559265137,1188
29.792412388138473,20783673,4.335244178771973,3.9062499126885086e-05,1382
29.84241238888353,20783674,4.33381462097168,-1.9399218559265137,1212
29.89241238962859,20783675,4.335292816162109,-7.812499825377017e-05,1383
29.942412390373647,20783676,4.333805561065674,-1.939882755279541,1214
29.992412391118705,20783677,4.335224628448486,0.0,1472
30.042412391863763,20783678,4.333832263946533,-1.9399218559265137,1246
30.09241239260882,20783679,4.335185527801514,0.0,1400
30.14241239335388,20783680,4.333744525909424,-1.9398436546325684,1223
30.192412394098938,20783681,4.335185527801514,0.0,1399
30.242412394843996,20783682,4.333754539489746,-1.8003125190734863,1223
30.292412395589054,20783683,4.335252285003662,0.1547265648841858,1393
30.34241239633411,20783684,4.333789825439453,-1.8005468845367432,1219
30.39241239707917,20783685,4.335097789764404,0.0,1378
30.442412397824228,20783686,4.333774566650391,-1.6584374904632568,1208
30.492412398569286,20783687,4.335097789764404,3.9062499126885086e-05,1387
30.542412399314344,20783688,4.333624362945557,-1.800234317779541,1202
30.592412400059402,20783689,4.335048675537109,0.0,1393
30.64241240080446,20783690,4.33363151550293,-1.8002734184265137,1176
30.692412401549518,20783691,4.335019588470459,-3.9062499126885086e-05,1381
30.742412402294576,20783692,4.333447456359863,-1.9396483898162842,1175
30.792412403039634,20783693,4.334980487823486,-3.9062499126885086e-05,1394
30.842412403784692,20783694,4.33330774307251,-1.9396483898162842,1255
30.89241240452975,20783695,4.335107326507568,0.15476562082767487,1404
30.94241240527481,20783696,4.333554744720459,-1.6583592891693115,1211
30.992412406019866,20783697,4.335064888000488,0.15468749403953552,1365
31.042412406764925,20783698,4.333378791809082,-1.8001562356948853,1195
31.092412407509983,20783699,4.335047245025635,0.1547265648841858,1370
31.14241240825504,20783700,4.3333964347839355,-1.8001562356948853,1162
31.1924124090001,20783701,4.334988594055176,0.1547265648841858,1365
31.242412409745157,20783702,4.333610534667969,-1.5144530534744263,1232
31.292412410490215,20783703,4.334824085235596,0.0,1433
31.342412411235273,20783704,4.333202362060547,-1.8001171350479126,1202
31.39241241198033,20783705,4.334804534912109,3.9062499126885086e-05,1358
31.44241241272539,20783706,4.333436489105225,-1.5143749713897705,1183
31.492412413470447,20783707,4.33504581451416,0.30921873450279236,1394
31.542412414215505,20783708,4.332993507385254,-1.939492106437683,1127
31.592412414960563,20783709,4.334870338439941,0.15468749403953552,1402
31.64241241570562,20783710,4.333045959472656,-1.9395312070846558,1178
31.69241241645068,20783711,4.334706783294678,-3.9062499126885086e-05,1431
31.742412417195737,20783712,4.332941055297852,-1.939492106437683,1177
31.792412417940795,20783713,4.3351311683654785,0.46339842677116394,1405
31.842412418685853,20783714,4.332801342010498,-1.9394140243530273,1231
31.89241241943091,20783715,4.334951400756836,0.3092578053474426,1404
31.94241242017597,20783716,4.332748889923096,-1.9394140243530273,1182
31.992412420921028,20783717,4.334706783294678,0.0,1399
32.042412421666086,20783718,4.332748889923096,-1.939453125,1161
32.092412422411144,20783719,4.334609508514404,0.0,1341
32.1424124231562,20783720,4.332748889923096,-1.9394140243530273,1170
32.19241242390126,20783721,4.3349995613098145,0.4634374976158142,1393
32.24241242464632,20783722,4.332787036895752,-1.799843668937683,1153
32.292412425391376,20783723,4.334570407867432,-3.9062499126885086e-05,1378
32.342412426136434,20783724,4.33255672454834,-1.939296841621399,1215
32.39241242688149,20783725,4.334570407867432,0.0,1358
32.44241242762655,20783726,4.332979679107666,-1.5142186880111694,1133
32.49241242837161,20783727,4.334511756896973,-3.9062499126885086e-05,1364
32.542412429116666,20783728,4.33255672454834,-1.9393359422683716,1218
32.592412429861724,20783729,4.334674835205078,0.15468749403953552,1390
32.64241243060678,20783730,4.332521915435791,-1.939296841621399,1153
32.69241243135184,20783731,4.334776401519775,0.3092578053474426,1365
32.7424124320969,20783732,4.332364559173584,-1.9392187595367432,1137
32.79241243284196,20783733,4.33447265625,0.0,1413
32.842412433587015,20783734,4.332312107086182,-1.9392187595367432,1183
32.89241243433207,20783735,4.334773540496826,0.30921873450279236,1331
32.94241243507713,20783736,4.332329750061035,-1.9392577409744263,1122
32.99241243582219,20783737,4.334575653076172,0.15464843809604645,1389
33.04241243656725,20783738,4.3323469161987305,-1.9392187595367432,1178
33.092412437312305,20783739,4.334722995758057,0.3093359172344208,1379
33.14241243805736,20783740,4.332242488861084,-1.9391405582427979,1227
33.19241243880242,20783741,4.334537982940674,0.15468749403953552,1404
33.24241243954748,20783742,4.332430839538574,-1.6579687595367432,1174
33.29241244029254,20783743,4.334355354309082,0.0,1403
33.342412441037595,20783744,4.332313060760498,-1.7996875047683716,1210
33.39241244178265,20783745,4.334316253662109,3.9062499126885086e-05,1405
33.44241244252771,20783746,4.332499980926514,-1.6580077409744263,1140
33.49241244327277,20783747,4.334277153015137,0.0,1375
33.54241244401783,20783748,4.332032680511475,-1.9390233755111694,1204
33.592412444762886,20783749,4.334820747375488,0.46339842677116394,1377
33.642412445507944,20783750,4.331980228424072,-1.939062476158142,1145
33.692412446253,20783751,4.334439754486084,0.15464843809604645,1381
33.74241244699806,20783752,4.332139015197754,-1.7996093034744263,1149
33.79241244774312,20783753,4.334238052368164,3.9062499126885086e-05,1372
33.842412448488176,20783754,4.332174301147461,-1.7996093034744263,1130
33.892412449233234,20783755,4.334400653839111,0.15464843809604645,1425
33.94241244997829,20783756,4.332156658172607,-1.7996093034744263,1210
33.99241245072335,20783757,4.334218502044678,0.0,1382
34.04241245146841,20783758,4.331840515136719,-1.9389842748641968,1171
34.092412452213466,20783759,4.334719181060791,0.46335935592651367,1378
34.142412452958524,20783760,4.331964015960693,-1.7995312213897705,1192
34.19241245370358,20783761,4.334179401397705,0.0,1409
34.24241245444864,20783762,4.331858158111572,-1.939062476158142,1174
34.2924124551937,20783763,4.334680557250977,0.46335935592651367,1362
34.34241245593876,20783764,4.331822872161865,-1.9389842748641968,1197
34.392412456683815,20783765,4.334478378295898,0.3091796934604645,1398
34.44241245742887,20783766,4.331648349761963,-1.938906192779541,1114
34.49241245817393,20783767,4.334101676940918,0.0,1396
34.54241245891899,20783768,4.331841468811035,-1.7994921207427979,1148
34.59241245966405,20783769,4.334121227264404,0.0,1403
34.642412460409105,20783770,4.332216262817383,-1.5140234231948853,1199
34.69241246115416,20783771,4.334121227264404,-3.9062499126885086e-05,1397
34.74241246189922,20783772,4.331700801849365,-1.938906192779541,1162
34.79241246264428,20783773,4.334475517272949,0.3091406226158142,1378
34.84241246338934,20783774,4.331926345825195,-1.6577343940734863,1198
34.892412464134395,20783775,4.334101676940918,3.9062499126885086e-05,1415
34.94241246487945,20783776,4.331718444824219,-1.7994531393051147,1185
34.99241246562451,20783777,4.334043025970459,0.0,1392
35.04241246636957,20783778,4.331911563873291,-1.6576952934265137,1165
35.09241246711463,20783779,4.334423065185547,0.30921873450279236,1416
35.142412467859685,20783780,4.331578254699707,-1.938906192779541,1175
35.19241246860474,20783781,4.334023475646973,0.0,1369
35.2424124693498,20783782,4.331403732299805,-1.9388670921325684,1212
35.29241247009486,20783783,4.333984375,0.0,1344
35.34241247083992,20783784,4.33159875869751,-1.7993359565734863,1166
35.392412471584976,20783785,4.334003925323486,3.9062499126885086e-05,1396
35.442412472330034,20783786,4.331613540649414,-1.799414038658142,1160
35.49241247307509,20783787,4.333964824676514,-3.9062499126885086e-05,1388
35.54241247382015,20783788,4.331529140472412,-1.7992968559265137,1169
35.59241247456521,20783789,4.334128379821777,0.15468749403953552,1361
35.642412475310266,20783790,4.3313164710998535,-1.9387890100479126,1189
35.692412476055324,20783791,4.334129810333252,0.1547265648841858,1358
35.74241247680038,20783792,4.331334114074707,-1.9387890100479126,1185
35.79241247754544,20783793,4.333945274353027,0.0,1367
35.8424124782905,20783794,4.331386566162109,-1.9387890100479126,1208
35.892412479035556,20783795,4.334150791168213,0.15476562082767487,1392
35.942412479780614,20783796,4.331508159637451,-1.7993749380111694,1204
35.99241248052567,20783797,4.333925724029541,-7.812499825377017e-05,1435
36.04241248127073,20783798,4.331211566925049,-1.9388281106948853,1156
36.09241248201579,20783799,4.333886623382568,0.0,1417
36.14241248276085,20783800,4.331625938415527,-1.657656192779541,1127
36.192412483505905,20783801,4.333886623382568,3.9062499126885086e-05,1360
36.24241248425096,20783802,4.3312811851501465,-1.9387109279632568,1148
36.29241248499602,20783803,4.334108829498291,0.15468749403953552,1366
36.34241248574108,20783804,4.331387042999268,-1.7992968559265137,1165
36.39241248648614,20783805,4.334067344665527,0.15460936725139618,1392
36.442412487231195,20783806,4.331295013427734,-1.7993749380111694,1154
36.49241248797625,20783807,4.334305763244629,0.30921873450279236,1372
36.54241248872131,20783808,4.331722736358643,-1.513710856437683,1175
36.59241248946637,20783809,4.334471225738525,0.46339842677116394,1443
36.64241249021143,20783810,4.331193923950195,-1.9386718273162842,1128
36.692412490956485,20783811,4.333827972412109,0.0,1400
36.74241249170154,20783812,4.331054210662842,-1.9386327266693115,1186
36.7924124924466,20783813,4.3342671394348145,0.30921873450279236,1470
36.84241249319166,20783814,4.331160545349121,-1.7991796731948853,1121
36.89241249393672,20783815,4.334188938140869,0.30921873450279236,1411
36.942412494681776,20783816,4.331071853637695,-1.9386718273162842,1132
36.992412495426834,20783817,4.333847522735596,3.9062499126885086e-05,1379
37.04241249617189,20783818,4.331089496612549,-1.9386718273162842,1193
37.09241249691695,20783819,4.333788871765137,0.0,1410
37.14241249766201,20783820,4.330966949462891,-1.9386327266693115,1138
37.192412498407066,20783821,4.334400177001953,0.4632812440395355,1358
37.242412499152124,20783822,4.3308796882629395,-1.9385937452316284,1122
37.29241249989718,20783823,4.333788871765137,-3.9062499126885086e-05,1404
37.34241250064224,20783824,4.331054210662842,-1.9386718273162842,1124
37.3924125013873,20783825,4.333992958068848,0.1547265648841858,1439
37.442412502132356,20783826,4.331332683563232,-1.7993359565734863,1112
37.492412502877414,20783827,4.33418607711792,0.3091796934604645,1383
37.54241250362247,20783828,4.331298828125,-1.93874990940094,1168
37.59241250436753,20783829,4.334264278411865,0.4632812440395355,1425
37.64241250511259,20783830,4.331543445587158,-1.9388281106948853,1138
37.69241250585765,20783831,4.333892822265625,0.15464843809604645,1437
37.742412506602705,20783832,4.332137107849121,-1.657812476158142,1129
37.79241250734776,20783833,4.333991050720215,0.3091796934604645,1421
37.84241250809282,20783834,4.332430839538574,-1.514062523841858,1156
37.89241250883788,20783835,4.334136486053467,0.46335935592651367,1403
37.94241250958294,20783836,4.332728385925293,-1.3682421445846558,1178
37.992412510327995,20783837,4.333710670471191,-3.9062499126885086e-05,1411
38.04241251107305,20783838,4.332541465759277,-1.7997655868530273,1105
38.09241251181811,20783839,4.3338942527771,0.3091796934604645,1359
38.14241251256317,20783840,4.3327531814575195,-1.6580077409744263,1109
38.19241251330823,20783841,4.333691120147705,3.9062499126885086e-05,1409
38.242412514053285,20783842,4.3327836990356445,-1.7999218702316284,1139
38.29241251479834,20783843,4.333730220794678,0.0,1378
38.3424125155434,20783844,4.332871437072754,-1.939453125,1138
38.39241251628846,20783845,4.333737850189209,0.15468749403953552,1459
38.44241251703352,20783846,4.332993507385254,-1.9395312070846558,1191
38.492412517778575,20783847,4.333671569824219,7.812499825377017e-05,1394
38.54241251852363,20783848,4.3331522941589355,-1.658203125,1129
38.59241251926869,20783849,4.333691120147705,7.812499825377017e-05,1429
38.64241252001375,20783850,4.333150386810303,-1.9396092891693115,1105
38.69241252075881,20783851,4.333737850189209,0.15468749403953552,1396
38.742412521503866,20783852,4.333115577697754,-1.9395703077316284,1117
38.792412522248924,20783853,4.333698749542236,0.15468749403953552,1454
38.84241252299398,20783854,4.333203315734863,-1.9396092891693115,1098
38.89241252373904,20783855,4.333710670471191,7.812499825377017e-05,1408
38.9424125244841,20783856,4.333255290985107,-1.9396483898162842,1161
38.992412525229156,20783857,4.333554744720459,-3.9062499126885086e-05,1441
39.042412525974214,20783858,4.33271598815918,-1.799843668937683,1088
39.09241252671927,20783859,4.331666469573975,0.15460936725139618,1440
39.14241252746433,20783860,4.329965591430664,-0.46285155415534973,1185
39.19241252820939,20783861,4.32839822769165,3.9062499126885086e-05,1360
39.242412528954446,20783862,4.3270392417907715,-0.30867186188697815,1127
39.292412529699504,20783863,4.325937271118164,3.9062499126885086e-05,1422
39.34241253044456,20783864,4.3250203132629395,-0.15433593094348907,1135
39.39241253118962,20783865,4.324355125427246,0.154296875,1414
39.44241253193468,20783866,4.323846340179443,-0.15425780415534973,1108
39.49241253267974,20783867,4.323593616485596,7.812499825377017e-05,1424
39.542412533424795,20783868,4.323436260223389,-0.15425780415534973,1101
39.59241253416985,20783869,4.323359489440918,-3.9062499126885086e-05,1442
39.64241253491491,20783870,4.323362827301025,-0.3084765672683716,1101
39.69241253565997,20783871,4.323447227478027,0.4621874988079071,1418
39.74241253640503,20783872,4.323493957519531,-0.30839842557907104,1063
39.792412537150085,20783873,4.323613166809082,-7.812499825377017e-05,1406
39.84241253789514,20783874,4.323674201965332,-0.3084765672683716,1078
39.8924125386402,20783875,4.323787689208984,0.15425780415534973,1455
39.94241253938526,20783876,4.324130058288574,-0.7677343487739563,1133
39.99241254013032,20783877,4.324120998382568,-7.812499825377017e-05,1425
40.042412540875375,20783878,4.324300765991211,-0.30851560831069946,1061
40.09241254162043,20783879,4.323554515838623,-3.9062499126885086e-05,1396
40.14241254236549,20783880,4.31835412979126,-0.15406249463558197,1118
40.19241254311055,20783881,4.312652111053467,0.15398436784744263,1436
40.24241254385561,20783882,4.307703971862793,-0.15371093153953552,1095
40.292412544600666,20783883,4.303828239440918,7.812499825377017e-05,1350
40.342412545345724,20783884,4.303618907928467,-0.4599999785423279,1100
40.39241254609078,20783885,4.307878494262695,0.15367187559604645,1412
40.44241254683584,20783886,4.313293933868408,-0.30769529938697815,1107
40.4924125475809,20783887,4.317988395690918,0.0,1361
40.542412548325956,20783888,4.321787357330322,-0.30824217200279236,1139
40.592412549071014,20783889,4.324571132659912,0.15433593094348907,1401
40.64241254981607,20783890,4.326820373535156,-0.4624999761581421,1090
40.69241255056113,20783891,4.328457832336426,0.4627343714237213,1401
40.74241255130619,20783892,4.3284478187561035,-0.3087500035762787,1099
40.792412552051246,20783893,4.3284430503845215,0.15453124046325684,1441
40.842412552796304,20783894,4.3284478187561035,-0.3087500035762787,1097
40.89241255354136,20783895,4.3284430503845215,0.15453124046325684,1420
40.94241255428642,20783896,4.328449249267578,-0.4626562297344208,1088
40.99241255503148,20783897,4.329277038574219,-3.9062499126885086e-05,1375
41.04241255577654,20783898,4.329887390136719,-0.15453124046325684,1086
41.092412556521595,20783899,4.330625057220459,0.0,1429
41.14241255726665,20783900,4.331409931182861,-0.15453124046325684,1104
41.19241255801171,20783901,4.332117557525635,1.071328043937683,1406
41.24241255875677,20783902,4.333085536956787,-0.6166406273841858,1075
41.29241255950183,20783903,4.333426475524902,1.3685156106948853,1392
41.342412560246885,20783904,4.33424711227417,-0.1547265648841858,1116
41.39241256099194,20783905,4.333867073059082,1.9399218559265137,1424
41.442412561737,20783906,4.33493185043335,-0.15476562082767487,1139
41.49241256248206,20783907,4.334286212921143,1.9400781393051147,1372
41.54241256322712,20783908,4.335536003112793,-0.3092578053474426,1096
41.592412563972175,20783909,4.334547996520996,1.9402343034744263,1377
41.64241256471723,20783910,4.335695743560791,-0.1548437476158142,1122
41.69241256546229,20783911,4.33456563949585,1.9401953220367432,1394
41.74241256620735,20783912,4.335691452026367,-0.1547265648841858,1127
41.79241256695241,20783913,4.334547996520996,1.9402343034744263,1419
41.842412567697465,20783914,4.335750102996826,-0.1547265648841858,1114
41.89241256844252,20783915,4.334895610809326,1.5148828029632568,1398
41.94241256918758,20783916,4.335886478424072,-0.1547265648841858,1111
41.99241256993264,20783917,4.334603786468506,1.800624966621399,1435
42.0424125706777,20783918,4.3359479904174805,-0.3092968761920929,1076
42.092412571422756,20783919,4.33435583114624,1.9401171207427979,1422
42.142412572167814,20783920,4.335849285125732,-0.15476562082767487,1102
42.19241257291287,20783921,4.334516525268555,1.6587499380111694,1465
42.24241257365793,20783922,4.33579158782959,-0.15480467677116394,1112
42.29241257440299,20783923,4.334041595458984,1.9399999380111694,1408
42.342412575148046,20783924,4.335752964019775,-0.15480467677116394,1134
42.392412575893104,20783925,4.33402681350708,1.800390601158142,1422
42.44241257663816,20783926,4.335814476013184,-0.3093359172344208,1111
42.49241257738322,20783927,4.333657264709473,1.9397655725479126,1440
42.54241257812828,20783928,4.335776329040527,-0.6170703172683716,1121
42.592412578873336,20783929,4.3336567878723145,1.6584374904632568,1403
42.642412579618394,20783930,4.33532190322876,-0.15476562082767487,1076
42.69241258036345,20783931,4.333203315734863,1.9396092891693115,1390
42.74241258110851,20783932,4.335460662841797,-0.3092968761920929,1152
42.79241258185357,20783933,4.333011150360107,1.9395703077316284,1411
42.84241258259863,20783934,4.335601329803467,-0.4634374976158142,1109
42.892412583343685,20783935,4.3328537940979,1.9395312070846558,1430
42.94241258408874,20783936,4.335463047027588,-0.3093359172344208,1104
42.9924125848338,20783937,4.332785129547119,1.7998827695846558,1368
43.04241258557886,20783938,4.335224151611328,-0.15476562082767487,1074
43.09241258632392,20783939,4.332381725311279,1.9392577409744263,1416
43.142412587068975,20783940,4.335182189941406,-0.15468749403953552,1113
43.19241258781403,20783941,4.332605361938477,1.658046841621399,1384
43.24241258855909,20783942,4.335693359375,-0.6170312166213989,1131
43.29241258930415,20783943,4.331910610198975,1.9390233755111694,1352
43.34241259004921,20783944,4.335026264190674,-0.15468749403953552,1146
43.392412590794265,20783945,4.3317179679870605,1.938906192779541,1400
43.44241259153932,20783946,4.334950923919678,-0.15476562082767487,1117
43.49241259228438,20783947,4.332257270812988,1.5139843225479126,1421
43.54241259302944,20783948,4.334912300109863,-0.15476562082767487,1165
43.5924125937745,20783949,4.331785202026367,1.6576952934265137,1355
43.642412594519556,20783950,4.335132122039795,-0.3093359172344208,1109
43.692412595264614,20783951,4.331071853637695,1.9386327266693115,1332
43.74241259600967,20783952,4.335607528686523,-0.6171093583106995,1167
43.79241259675473,20783953,4.330827236175537,1.938515543937683,1376
43.84241259749979,20783954,4.334736347198486,-0.15476562082767487,1147
43.892412598244846,20783955,4.330565452575684,1.9383593797683716,1336
43.942412598989904,20783956,4.334697246551514,-0.15476562082767487,1145
43.99241259973496,20783957,4.332870960235596,1.7999608516693115,1403
44.04241260048002,20783958,4.332958221435547,-1.939492106437683,1160
44.09241260122508,20783959,4.334863185882568,3.9062499126885086e-05,1383
44.142412601970136,20783960,4.331106662750244,-1.9385937452316284,1137
44.192412602715194,20783961,4.33577299118042,0.3092968761920929,1313
44.24241260346025,20783962,4.330722332000732,-1.938515543937683,1138
44.29241260420531,20783963,4.335631370544434,0.15468749403953552,1352
44.34241260495037,20783964,4.330058574676514,-1.9382421970367432,1136
44.39241260569543,20783965,4.336109161376953,0.30937498807907104,1343
44.442412606440485,20783966,4.330141544342041,-1.6570311784744263,1160
44.49241260718554,20783967,4.335586071014404,3.9062499126885086e-05,1373
44.5424126079306,20783968,4.329282283782959,-1.6567187309265137,1130
44.59241260867566,20783969,4.334453105926514,-3.9062499126885086e-05,1365
44.64241260942072,20783970,4.327770709991455,-1.6562108993530273,1108
44.692412610165775,20783971,4.335329532623291,0.4634374976158142,1367
44.74241261091083,20783972,4.326999664306641,-1.5121874809265137,1108
44.79241261165589,20783973,4.333749771118164,3.9062499126885086e-05,1370
44.84241261240095,20783974,4.324258804321289,-1.9356249570846558,1109
44.89241261314601,20783975,4.332949161529541,3.9062499126885086e-05,1435
44.942412613891065,20783976,4.3239617347717285,-1.9354686737060547,1141
44.99241261463612,20783977,4.332675457000732,-3.9062499126885086e-05,1346
45.04241261538118,20783978,4.324934482574463,-1.7966796159744263,1152
45.09241261612624,20783979,4.334270000457764,0.3092578053474426,1359
45.1424126168713,20783980,4.3253068923950195,-1.9360936880111694,1165
45.192412617616355,20783981,4.334503173828125,0.3092578053474426,1334
45.24241261836141,20783982,4.327171802520752,-1.7976171970367432,1100
45.29241261910647,20783983,4.334266662597656,0.1547265648841858,1336
45.34241261985153,20783984,4.328154563903809,-1.9373046159744263,1113
45.39241262059659,20783985,4.334987640380859,0.30921873450279236,1371
45.442412621341646,20783986,4.330108642578125,-1.798828125,1085
45.492412622086704,20783987,4.335377216339111,0.46351560950279236,1402
45.54241262283176,20783988,4.332010269165039,-1.5139062404632568,1089
45.59241262357682,20783989,4.3350653648376465,0.30921873450279236,1397
45.64241262432188,20783990,4.332731246948242,-1.939453125,1152
45.692412625066936,20783991,4.334804534912109,0.0,1376
45.742412625811994,20783992,4.334043025970459,-1.8004297018051147,1094
45.79241262655705,20783993,4.334843635559082,-3.9062499126885086e-05,1372
45.84241262730211,20783994,4.334761619567871,-1.221289038658142,1126
45.89241262804717,20783995,4.3347086906433105,1.8006640672683716,1417
45.942412628792226,20783996,4.334548473358154,-1.9401562213897705,1114
45.992412629537284,20783997,4.334792613983154,1.9403125047683716,1342
46.04241263028234,20783998,4.334519386291504,-1.6587109565734863,1139
46.0924126310274,20783999,4.334850788116455,0.15468749403953552,1357
46.14241263177246,20784000,4.334321022033691,-1.9401171207427979,1154
46.19241263251752,20784001,4.334874629974365,0.46335935592651367,1350
46.242412633262575,20784002,4.334586143493652,-1.800624966621399,1108
46.29241263400763,20784003,4.333517551422119,1.800234317779541,1396
46.34241263475269,20784004,4.335066795349121,-0.1547265648841858,1156
46.39241263549775,20784005,4.330932140350342,1.9386327266693115,1386
46.44241263624281,20784006,4.335477352142334,-0.3092578053474426,1114
46.492412636987865,20784007,4.331686019897461,1.7993749380111694,1366
46.54241263773292,20784008,4.335577487945557,-0.3092968761920929,1087
46.59241263847798,20784009,4.332609176635742,1.9393749237060547,1378
46.64241263922304,20784010,4.335380554199219,-0.15476562082767487,1116
46.6924126399681,20784011,4.333759307861328,1.6585155725479126,1365
46.742412640713155,20784012,4.335519313812256,-0.3092968761920929,1118
46.79241264145821,20784013,4.333989143371582,1.9399999380111694,1402
46.84241264220327,20784014,4.335538864135742,-0.3092968761920929,1124
46.89241264294833,20784015,4.334268569946289,1.9400781393051147,1389
46.94241264369339,20784016,4.335455417633057,-0.15468749403953552,1156
46.992412644438446,20784017,4.334478378295898,1.9402343034744263,1388
47.042412645183504,20784018,4.335380554199219,-0.15476562082767487,1118
47.09241264592856,20784019,4.334530830383301,1.9402343034744263,1359
47.14241264667362,20784020,4.335400104522705,-0.15476562082767487,1118
47.19241264741868,20784021,4.334619998931885,1.8006640672683716,1394
47.242412648163736,20784022,4.335361003875732,-0.15476562082767487,1123
47.292412648908794,20784023,4.334548473358154,1.9401953220367432,1381
47.34241264965385,20784024,4.335360527038574,-0.3092578053474426,1102
47.39241265039891,20784025,4.334655284881592,1.8006640672683716,1382
47.44241265114397,20784026,4.335363388061523,-0.3092968761920929,1112
47.492412651889026,20784027,4.334530830383301,1.9401953220367432,1398
47.542412652634084,20784028,4.335282802581787,-0.3092578053474426,1097
47.59241265337914,20784029,4.334547996520996,1.9402343034744263,1339
47.6424126541242,20784030,4.335263252258301,-0.15476562082767487,1096
47.69241265486926,20784031,4.334600448608398,1.9401562213897705,1379
47.74241265561432,20784032,4.335201740264893,-0.15468749403953552,1139
47.792412656359375,20784033,4.3346357345581055,1.9403125047683716,1390
47.84241265710443,20784034,4.335204601287842,-0.616992175579071,1117
47.89241265784949,20784035,4.334600448608398,1.940273404121399,1387
47.94241265859455,20784036,4.335224628448486,-1.072109341621399,1125
47.99241265933961,20784037,4.3346734046936035,1.8006640672683716,1364
48.042412660084665,20784038,4.335087776184082,-0.15476562082767487,1109
48.09241266082972,20784039,4.334618091583252,1.940273404121399,1373
48.14241266157478,20784040,4.335141658782959,-0.9214843511581421,1121
48.19241266231984,20784041,4.334740161895752,1.5148046016693115,1374
48.2424126630649,20784042,4.335029125213623,-0.3092578053474426,1113
48.292412663809955,20784043,4.334712028503418,1.658789038658142,1342
48.34241266455501,20784044,4.335028648376465,-0.7696874737739563,1128
48.39241266530007,20784045,4.334600448608398,1.9402343034744263,1366
48.44241266604513,20784046,4.3349690437316895,-0.1547265648841858,1109
48.49241266679019,20784047,4.334583282470703,1.9402343034744263,1370
48.542412667535245,20784048,4.334906578063965,-0.15460936725139618,1119
48.5924126682803,20784049,4.334698677062988,1.5148437023162842,1417
48.64241266902536,20784050,4.3348798751831055,-1.9403514862060547,1101
48.69241266977042,20784051,4.334618091583252,1.9402343034744263,1380
48.74241267051548,20784052,4.334845066070557,-1.9403514862060547,1139
48.792412671260536,20784053,4.334600448608398,1.9402343034744263,1429
48.842412672005594,20784054,4.334830284118652,-1.8007421493530273,1124
48.89241267275065,20784055,4.334513187408447,1.9401953220367432,1371
48.94241267349571,20784056,4.334799289703369,-1.6588281393051147,1148
48.99241267424077,20784057,4.334513187408447,1.9401953220367432,1402
49.042412674985826,20784058,4.334722995758057,-1.9402343034744263,1132
49.092412675730884,20784059,4.334478378295898,1.9401562213897705,1406
49.14241267647594,20784060,4.334705829620361,-1.9403125047683716,1162
49.192412677221,20784061,4.334482669830322,1.8005468845367432,1388
49.24241267796606,20784062,4.334669589996338,-1.6588671207427979,1120
49.292412678711116,20784063,4.33451509475708,1.800624966621399,1348
49.342412679456174,20784064,4.334673881530762,-1.3689452409744263,1114
49.39241268020123,20784065,4.33444356918335,1.9401562213897705,1358
49.44241268094629,20784066,4.334600448608398,-1.9402343034744263,1099
49.49241268169135,20784067,4.334450721740723,1.6586718559265137,1389
49.54241268243641,20784068,4.334674835205078,-0.15468749403953552,1121
49.592412683181465,20784069,4.334462642669678,1.6587499380111694,1428
49.64241268392652,20784070,4.334212779998779,-1.800624966621399,1119
49.69241268467158,20784071,4.334461688995361,1.800624966621399,1401
49.74241268541664,20784072,4.334513187408447,-1.9402343034744263,1171
49.7924126861617,20784073,4.3343963623046875,1.6586718559265137,1418
49.842412686906755,20784074,4.334537506103516,-1.6587109565734863,1105
49.89241268765181,20784075,4.334375858306885,1.8005468845367432,1369
49.94241268839687,20784076,4.334461688995361,-1.800624966621399,1115
49.99241268914193,20784077,4.33437442779541,1.8005858659744263,1341
50.04241268988699,20784078,4.334443092346191,-1.514687418937683,1123
50.092412690632045,20784079,4.334321022033691,1.9401171207427979,1370
50.1424126913771,20784080,4.334373474121094,-1.9400781393051147,1141
50.19241269212216,20784081,4.334408760070801,1.9401953220367432,1419
50.24241269286722,20784082,4.334373474121094,-1.9401562213897705,1097
50.29241269361228,20784083,4.334392070770264,1.8005858659744263,1390
50.342412694357336,20784084,4.33435583114624,-1.9401171207427979,1131
50.392412695102394,20784085,4.334286212921143,1.9401171207427979,1394
50.44241269584745,20784086,4.334408760070801,-1.9401953220367432,1130
50.49241269659251,20784087,4.334324359893799,1.6586718559265137,1394
50.54241269733757,20784088,4.334360599517822,-1.6586718559265137,1153
50.592412698082626,20784089,4.334268569946289,1.9401171207427979,1425
50.642412698827684,20784090,4.3343048095703125,-1.8005468845367432,1150
50.69241269957274,20784091,4.33423376083374,1.9400781393051147,1370
50.7424127003178,20784092,4.334324359893799,-1.6586718559265137,1159
50.79241270106286,20784093,4.334309101104736,1.3687890768051147,1437
50.842412701807916,20784094,4.334272384643555,-1.8004686832427979,1107
50.892412702552974,20784095,4.33423376083374,1.9400781393051147,1382
50.94241270329803,20784096,4.3342366218566895,-1.8004686832427979,1117
50.99241270404309,20784097,4.334259986877441,1.368749976158142,1412
51.04241270478815,20784098,4.3342695236206055,-1.8005468845367432,1140
51.09241270553321,20784099,4.334251403808594,1.8005468845367432,1423
51.142412706278265,20784100,4.334255218505859,-1.658632755279541,1116
51.19241270702332,20784101,4.334183692932129,1.8004686832427979,1415
51.24241270776838,20784102,4.334201335906982,-1.8004686832427979,1149
51.29241270851344,20784103,4.334167957305908,1.6585936546325684,1438
51.3424127092585,20784104,4.334163188934326,-1.221093773841858,1131
51.392412710003555,20784105,4.334146499633789,1.940039038658142,1393
51.44241271074861,20784106,4.334164142608643,-1.940039038658142,1115
51.49241271149367,20784107,4.334170818328857,1.2210546731948853,1412
51.54241271223873,20784108,4.334161758422852,-1.6586718559265137,1142
51.59241271298379,20784109,4.334142684936523,1.3686718940734863,1442
51.642412713728845,20784110,4.334179878234863,-1.3687890768051147,1121
51.6924127144739,20784111,4.334080696105957,1.6585546731948853,1407
51.74241271521896,20784112,4.332231044769287,-1.8004297018051147,1124
51.79241271596402,20784113,4.334094047546387,1.940039038658142,1406
51.84241271670908,20784114,4.3340959548950195,-1.6585936546325684,1125
51.892412717454135,20784115,4.334079742431641,1.800390601158142,1437
51.94241271819919,20784116,4.333597183227539,-1.8004686832427979,1100
51.99241271894425,20784117,4.334094047546387,1.940039038658142,1446
52.04241271968931,20784118,4.3340253829956055,-1.8004297018051147,1100
52.09241272043437,20784119,4.3340630531311035,1.5146484375,1400
52.142412721179426,20784120,4.334067344665527,-1.5146093368530273,1094
52.192412721924484,20784121,4.334037780761719,1.3686327934265137,1424
52.24241272266954,20784122,4.334059238433838,-1.8004686832427979,1130
52.2924127234146,20784123,4.3340253829956055,1.8004297018051147,1392
52.34241272415966,20784124,4.333980560302734,-1.5145702362060547,1163
52.392412724904716,20784125,4.3340253829956055,1.8004297018051147,1387
52.442412725649774,20784126,4.334043979644775,-1.3687108755111694,1125
52.49241272639483,20784127,4.333954334259033,1.8004297018051147,1405
52.54241272713989,20784128,4.3339715003967285,-1.9399999380111694,1104
52.59241272788495,20784129,4.334059238433838,0.46335935592651367,1394
52.642412728630006,20784130,4.333973407745361,-1.800390601158142,1108
52.692412729375064,20784131,4.33393669128418,1.939882755279541,1427
52.74241273012012,20784132,4.333954811096191,-1.6585546731948853,1115
52.79241273086518,20784133,4.333957672119141,1.6585155725479126,1399
52.84241273161024,20784134,4.333919525146484,-1.9399218559265137,1115
52.8924127323553,20784135,4.333903789520264,1.8003515005111694,1415
52.942412733100355,20784136,4.333884239196777,-1.9399218559265137,1117
52.99241273384541,20784137,4.333919525146484,1.9399218559265137,1411
53.04241273459047,20784138,4.333901882171631,-1.9399608373641968,1115
53.09241273533553,20784139,4.333921432495117,1.8003515005111694,1413
53.14241273608059,20784140,4.333955764770508,-1.0717968940734863,1132
53.192412736825645,20784141,4.333955764770508,1.800390601158142,1397
53.2424127375707,20784142,4.333920001983643,-1.800390601158142,1102
53.29241273831576,20784143,4.333866596221924,1.800390601158142,1425
53.34241273906082,20784144,4.333867073059082,-1.939882755279541,1114
53.39241273980588,20784145,4.333919525146484,1.9399218559265137,1414
53.442412740550935,20784146,4.333831787109375,-1.9398436546325684,1086
53.49241274129599,20784147,4.333916187286377,1.2210155725479126,1415
53.54241274204105,20784148,4.333869934082031,-1.8003125190734863,1113
53.59241274278611,20784149,4.333888530731201,1.65847647190094,1376
53.64241274353117,20784150,4.333832740783691,-1.8003515005111694,1144
53.692412744276226,20784151,4.333825588226318,1.514492154121399,1464
53.742412745021284,20784152,4.333895683288574,-0.1547265648841858,1114
53.79241274576634,20784153,4.333798885345459,1.8003125190734863,1440
53.8424127465114,20784154,4.33381462097168,-1.9399218559265137,1115
53.89241274725646,20784155,4.333827495574951,1.2208983898162842,1424
53.942412748001516,20784156,4.33381462097168,-1.939882755279541,1125
53.992412748746574,20784157,4.333796977996826,1.3685156106948853,1407
54.04241274949163,20784158,4.333800315856934,-1.8002734184265137,1122
54.09241275023669,20784159,4.333807468414307,1.514492154121399,1400
54.14241275098175,20784160,4.333779335021973,-1.9398436546325684,1158
54.192412751726806,20784161,4.333747386932373,1.6584374904632568,1413
54.242412752471864,20784162,4.333762168884277,-1.9398436546325684,1132
54.29241275321692,20784163,4.333815097808838,1.3686327934265137,1449
54.34241275396198,20784164,4.333744525909424,-1.9398436546325684,1162
54.39241275470704,20784165,4.333779335021973,1.9398436546325684,1407
54.4424127554521,20784166,4.333762168884277,-1.65847647190094,1146
54.492412756197155,20784167,4.333765983581543,1.071718692779541,1446
54.54241275694221,20784168,4.333744525909424,-1.9398436546325684,1146
54.59241275768727,20784169,4.3337860107421875,0.9212109446525574,1391
54.64241275843233,20784170,4.333732604980469,-1.6583983898162842,1136
54.69241275917739,20784171,4.333747386932373,1.368593692779541,1425
54.742412759922445,20784172,4.333744525909424,-1.9397655725479126,1141
54.7924127606675,20784173,4.333730697631836,1.800234317779541,1431
54.84241276141256,20784174,4.3336920738220215,-1.9398046731948853,1120
54.89241276215762,20784175,4.333709716796875,1.9398046731948853,1409
54.94241276290268,20784176,4.333711624145508,-1.6584374904632568,1135
54.992412763647735,20784177,4.3336920738220215,1.9398046731948853,1453
55.04241276439279,20784178,4.333709716796875,-1.9398436546325684,1162
55.09241276513785,20784179,4.333729267120361,1.8002734184265137,1426
55.14241276588291,20784180,4.333710193634033,-1.8003125190734863,1162
55.19241276662797,20784181,4.333677768707275,1.800234317779541,1405
55.242412767373025,20784182,4.333693981170654,-1.8002734184265137,1114
55.29241276811808,20784183,4.33366060256958,1.6583983898162842,1404
55.34241276886314,20784184,4.333674430847168,-1.8003125190734863,1136
55.3924127696082,20784185,4.333665370941162,1.5144530534744263,1438
55.44241277035326,20784186,4.333675861358643,-1.8002734184265137,1153
55.492412771098316,20784187,4.333674907684326,1.9398436546325684,1456
55.542412771843374,20784188,4.333705902099609,-0.7694921493530273,1103
55.59241277258843,20784189,4.333622455596924,1.9398046731948853,1457
55.64241277333349,20784190,4.3336968421936035,-0.46324217319488525,1134
55.69241277407855,20784191,4.333554744720459,1.8001952171325684,1458
55.742412774823606,20784192,4.333701133728027,-0.4632812440395355,1130
55.792412775568664,20784193,4.333622455596924,1.9398046731948853,1393
55.84241277631372,20784194,4.333679676055908,-0.3091796934604645,1130
55.89241277705878,20784195,4.33358097076416,1.368593692779541,1429
55.94241277780384,20784196,4.333684921264648,-1.2208592891693115,1179
55.992412778548896,20784197,4.333535194396973,1.93972647190094,1396
56.042412779293954,20784198,4.333622455596924,-1.9397655725479126,1171
56.09241278003901,20784199,4.3335700035095215,1.9398436546325684,1436
56.14241278078407,20784200,4.333653926849365,-0.463203102350235,1177
56.19241278152913,20784201,4.333587169647217,1.9398436546325684,1431
56.24241278227419,20784202,4.333671569824219,-0.9212109446525574,1129
56.292412783019245,20784203,4.3335700035095215,1.9397655725479126,1415
56.3424127837643,20784204,4.333678722381592,-1.6583983898162842,1148
56.39241278450936,20784205,4.333552837371826,1.800234317779541,1412
56.44241278525442,20784206,4.33364725112915,-1.5144530534744263,1148
56.49241278599948,20784207,4.3335723876953125,1.8001952171325684,1408
56.542412786744535,20784208,4.333665370941162,-1.5144530534744263,1191
56.59241278748959,20784209,4.3335700035095215,1.9397655725479126,1409
56.64241278823465,20784210,4.333649158477783,-0.6167968511581421,1145
56.69241278897971,20784211,4.333554744720459,1.8001952171325684,1437
56.74241278972477,20784212,4.33359956741333,-0.6167187094688416,1154
56.792412790469825,20784213,4.33356237411499,1.3684765100479126,1408
56.84241279121488,20784214,4.333605766296387,-1.6583983898162842,1160
56.89241279195994,20784215,4.333587169647217,1.93972647190094,1422
56.942412792705,20784216,4.333596706390381,-1.5144140720367432,1166
56.99241279345006,20784217,4.333585739135742,1.071679711341858,1365
57.042412794195116,20784218,4.33357572555542,-0.9212109446525574,1192
57.092412794940174,20784219,4.333552360534668,1.93972647190094,1387
57.14241279568523,20784220,4.333583354949951,-1.2208983898162842,1184
57.19241279643029,20784221,4.3335700035095215,1.6583983898162842,1358
57.24241279717535,20784222,4.3335700035095215,-1.9398436546325684,1173
57.292412797920406,20784223,4.333517551422119,1.93972647190094,1445
57.342412798665464,20784224,4.333535194396973,-1.9397655725479126,1193
57.39241279941052,20784225,4.333499908447266,1.93972647190094,1419
57.44241280015558,20784226,4.332815170288086,-0.6166406273841858,1188
57.49241280090064,20784227,4.331601619720459,3.9062499126885086e-05,1402
57.542412801645696,20784228,4.330000400543213,-0.6162890195846558,1222
57.592412802390754,20784229,4.328351974487305,0.4626562297344208,1386
57.64241280313581,20784230,4.326974868774414,-0.15441405773162842,1155
57.69241280388087,20784231,4.325742244720459,0.0,1421
57.74241280462593,20784232,4.324974536895752,-0.4623046815395355,1189
57.79241280537099,20784233,4.324257850646973,-3.9062499126885086e-05,1385
57.842412806116045,20784234,4.323771953582764,-0.15437500178813934,1191
57.8924128068611,20784235,4.323476314544678,0.0,1444
57.94241280760616,20784236,4.323339939117432,-0.154296875,1179
57.99241280835122,20784237,4.323281288146973,7.812499825377017e-05,1417
58.04241280909628,20784238,4.323261737823486,-0.154296875,1205
58.092412809841335,20784239,4.323359966278076,0.3084374964237213,1414
58.14241281058639,20784240,4.323418140411377,-0.154296875,1134
58.19241281133145,20784241,4.323559761047363,0.46214842796325684,1391
58.24241281207651,20784242,4.323671340942383,-0.3084374964237213,1179
58.29241281282157,20784243,4.323710918426514,0.0,1456
58.342412813566625,20784244,4.323850631713867,-0.15437500178813934,1189
58.39241281431168,20784245,4.324062347412109,0.0,1411
58.44241281505674,20784246,4.324201583862305,-0.15437500178813934,1170
58.4924128158018,20784247,4.324375629425049,0.3084765672683716,1464
58.54241281654686,20784248,4.3208417892456055,-0.7671874761581421,1178
58.592412817291915,20784249,4.314897060394287,0.15398436784744263,1414
58.64241281803697,20784250,4.309579372406006,-0.1537500023841858,1203
58.69241281878203,20784251,4.305303573608398,0.30710935592651367,1450
58.74241281952709,20784252,4.302857398986816,-0.4599609375,1175
58.79241282027215,20784253,4.30593729019165,0.0,1371
58.842412821017206,20784254,4.311302661895752,-0.15390624105930328,1176
58.892412821762264,20784255,4.31746244430542,1.508828043937683,1418
58.94241282250732,20784256,4.320371627807617,-0.15425780415534973,1206
58.99241282325238,20784257,4.323632717132568,0.0,1416
59.04241282399744,20784258,4.326074600219727,-0.46242186427116394,1237
59.092412824742496,20784259,4.327851295471191,7.812499825377017e-05,1426
59.142412825487554,20784260,4.329257965087891,-0.4627734124660492,1140
59.19241282623261,20784261,4.329218864440918,-3.9062499126885086e-05,1404
59.24241282697767,20784262,4.329257965087891,-0.4627734124660492,1183
59.29241282772273,20784263,4.329218864440918,-3.9062499126885086e-05,1417
59.342412828467786,20784264,4.329257965087891,-0.4627734124660492,1176
59.392412829212844,20784265,4.329310417175293,0.30882811546325684,1396
59.4424128299579,20784266,4.3299784660339355,-0.3089062571525574,1171
59.49241283070296,20784267,4.330648422241211,0.15453124046325684,1377
59.54241283144802,20784268,4.33140230178833,-1.5136327743530273,1204
59.59241283219308,20784269,4.332226276397705,3.9062499126885086e-05,1427
59.642412832938135,20784270,4.332659721374512,-1.7999218702316284,1136
59.69241283368319,20784271,4.3336615562438965,0.1547265648841858,1402
59.74241283442825,20784272,4.3336615562438965,-1.8001952171325684,1168
59.79241283517331,20784273,4.33452033996582,0.1547265648841858,1453
59.84241283591837,20784274,4.33413028717041,-1.8004686832427979,1225
59.892412836663425,20784275,4.335116863250732,-3.9062499126885086e-05,1415
59.94241283740848,20784276,4.334356307983398,-1.9401953220367432,1155
59.99241283815354,20784277,4.335535049438477,0.1547265648841858,1394
60.0424128388986,20784278,4.334495544433594,-1.9401953220367432,1171
60.09241283964366,20784279,4.335663795471191,-7.812499825377017e-05,1430
60.142412840388715,20784280,4.334618091583252,-1.9402343034744263,1187
60.19241284113377,20784281,4.335741996765137,0.0,1394
60.24241284187883,20784282,4.334637641906738,-1.8006640672683716,1219
60.29241284262389,20784283,4.335663795471191,3.9062499126885086e-05,1492
60.34241284336895,20784284,4.334566593170166,-1.8006640672683716,1161
60.392412844114006,20784285,4.336123943328857,0.6170703172683716,1385
60.442412844859064,20784286,4.33444356918335,-1.9401562213897705,1210
60.49241284560412,20784287,4.335966110229492,0.15476562082767487,1431
60.54241284634918,20784288,4.334582328796387,-1.6588281393051147,1203
60.59241284709424,20784289,4.335859298706055,0.0,1416
60.642412847839296,20784290,4.334717273712158,-1.3689062595367432,1220
60.692412848584354,20784291,4.335741996765137,3.9062499126885086e-05,1425
60.74241284932941,20784292,4.334024429321289,-1.9399999380111694,1172
60.79241285007447,20784293,4.335702896118164,-3.9062499126885086e-05,1436
60.84241285081953,20784294,4.333832263946533,-1.939882755279541,1186
60.892412851564586,20784295,4.3358235359191895,0.46351560950279236,1401
60.942412852309644,20784296,4.333499908447266,-1.9397655725479126,1199
60.9924128530547,20784297,4.335416793823242,0.15468749403953552,1405
61.04241285379976,20784298,4.3333964347839355,-1.8001562356948853,1178
61.09241285454482,20784299,4.33534049987793,0.1547265648841858,1410
61.14241285528988,20784300,4.333273410797119,-1.8001171350479126,1185
61.192412856034935,20784301,4.335155963897705,0.0,1366
61.24241285677999,20784302,4.332906246185303,-1.939453125,1193
61.29241285752505,20784303,4.335155963897705,0.0,1398
61.34241285827011,20784304,4.332731246948242,-1.939453125,1197
61.39241285901517,20784305,4.335421562194824,0.3092968761920929,1424
61.442412859760225,20784306,4.332521915435791,-1.939296841621399,1236
61.49241286050528,20784307,4.335261821746826,0.1547265648841858,1380
61.54241286125034,20784308,4.332520484924316,-1.799843668937683,1210
61.5924128619954,20784309,4.334921836853027,0.0,1427
61.64241286274046,20784310,4.332085132598877,-1.9391015768051147,1189
61.692412863485515,20784311,4.335063934326172,0.15464843809604645,1394
61.74241286423057,20784312,4.332311153411865,-1.6578905582427979,1202
61.79241286497563,20784313,4.334726333618164,0.0,1424
61.84241286572069,20784314,4.331630706787109,-1.9388670921325684,1212
61.89241286646575,20784315,4.3349480628967285,0.15468749403953552,1379
61.942412867210805,20784316,4.331876277923584,-1.6577929258346558,1188
61.99241286795586,20784317,4.334609508514404,1.9531249563442543e-05,1409
62.04241286870092,20784318,4.3310980796813965,-1.9386913776397705,1228
62.09241286944598,20784319,4.334609508514404,1.9531249563442543e-05,1418
62.14241287019104,20784320,4.330888748168945,-1.9386132955551147,1208
62.192412870936096,20784321,4.33483362197876,0.15474608540534973,1426
62.242412871681154,20784322,4.331583023071289,-1.5137304067611694,1209
62.29241287242621,20784323,4.334753513336182,0.15470702946186066,1401
62.34241287317127,20784324,4.330469131469727,-1.9383788108825684,1193
62.39241287391633,20784325,4.334636688232422,0.15470702946186066,1436
62.442412874661386,20784326,4.335355281829834,-0.7696874737739563,1199
62.492412875406444,20784327,4.331909656524658,1.7995703220367432,1418
62.5424128761515,20784328,4.335615158081055,-0.30927732586860657,1207
62.59241287689656,20784329,4.3309149742126465,1.9385937452316284,1415
62.64241287764162,20784330,4.335575580596924,-0.15476562082767487,1176
62.692412878386676,20784331,4.330381870269775,1.9383398294448853,1417
62.742412879131734,20784332,4.335613250732422,-0.1547265648841858,1204
62.79241287987679,20784333,4.329735279083252,1.9380663633346558,1369
62.84241288062185,20784334,4.335926055908203,-0.15474608540534973,1193
62.89241288136691,20784335,4.329331398010254,1.7984960079193115,1440
62.94241288211197,20784336,4.336084365844727,-0.3092968761920929,1196
62.992412882857025,20784337,4.328466415405273,1.6564257144927979,1421
63.04241288360208,20784338,4.334713935852051,-0.15468749403953552,1197
63.09241288434714,20784339,4.326005935668945,1.936367154121399,1407
63.1424128850922,20784340,4.335690498352051,-0.46335935592651367,1183
63.19241288583726,20784341,4.3249053955078125,1.9359374046325684,1434
63.242412886582315,20784342,4.334050178527832,-0.15468749403953552,1206
63.29241288732737,20784343,4.324450969696045,1.9357030391693115,1468
63.34241288807243,20784344,4.333500862121582,-0.15460936725139618,1201
63.39241288881749,20784345,4.324538230895996,1.9357421398162842,1401
63.44241288956255,20784346,4.33612060546875,-0.7698827981948853,1201
63.492412890307605,20784347,4.3257927894592285,1.7969921827316284,1443
63.54241289105266,20784348,4.334991455078125,-0.46335935592651367,1200
63.59241289179772,20784349,4.3263726234436035,1.936562418937683,1459
63.64241289254278,20784350,4.334206581115723,-0.15468749403953552,1218
63.69241289328784,20784351,4.3286333084106445,1.6564843654632568,1511
63.742412894032896,20784352,4.334909915924072,-0.30921873450279236,1167
63.792412894777954,20784353,4.329202651977539,1.9378124475479126,1401
63.84241289552301,20784354,4.335349082946777,-0.4634374976158142,1182
63.89241289626807,20784355,4.330577373504639,1.6572265625,1442
63.94241289701313,20784356,4.334871768951416,-0.1547265648841858,1173
63.992412897758186,20784357,4.331439018249512,1.9388281106948853,1429
64.04241289850324,20784358,4.335107326507568,-0.15476562082767487,1227
64.0924128992483,20784359,4.333832740783691,1.8003515005111694,1453
64.14241289999336,20784360,4.335224151611328,-0.15476562082767487,1170
64.19241290073842,20784361,4.33531379699707,0.9214843511581421,1395
64.24241290148348,20784362,4.334425926208496,-1.9401171207427979,1205
64.29241290222853,20784363,4.335390567779541,-7.812499825377017e-05,1439
64.34241290297359,20784364,4.33413028717041,-1.8004686832427979,1210
64.39241290371865,20784365,4.335429668426514,-3.9062499126885086e-05,1455
64.44241290446371,20784366,4.333832263946533,-1.939882755279541,1164
64.49241290520877,20784367,4.335546970367432,0.0,1443
64.54241290595382,20784368,4.33381462097168,-1.9399218559265137,1199
64.59241290669888,20784369,4.335653781890869,0.15476562082767487,1436
64.64241290744394,20784370,4.333954334259033,-1.9399999380111694,1211
64.692412908189,20784371,4.33573055267334,0.3092578053474426,1414
64.74241290893406,20784372,4.3341498374938965,-1.8004297018051147,1225
64.79241290967911,20784373,4.335935115814209,0.7699218392372131,1417
64.84241291042417,20784374,4.3342366218566895,-1.8004686832427979,1240
64.89241291116923,20784375,4.335572719573975,0.15468749403953552,1415
64.94241291191429,20784376,4.3342695236206055,-1.8005468845367432,1218
64.99241291265935,20784377,4.335575580596924,0.15476562082767487,1423
65.0424129134044,20784378,4.334181308746338,-1.940039038658142,1187
65.09241291414946,20784379,4.335429668426514,-3.9062499126885086e-05,1407
65.14241291489452,20784380,4.33411169052124,-1.9399608373641968,1244
65.19241291563958,20784381,4.335805892944336,0.7698437571525574,1444
65.24241291638464,20784382,4.334094524383545,-1.8004686832427979,1214
65.2924129171297,20784383,4.335351467132568,-3.9062499126885086e-05,1429
65.34241291787475,20784384,4.333744525909424,-1.9398436546325684,1230
65.39241291861981,20784385,4.335312366485596,0.0,1472
65.44241291936487,20784386,4.333535194396973,-1.9397655725479126,1224
65.49241292010993,20784387,4.335312366485596,3.9062499126885086e-05,1381
65.54241292085499,20784388,4.333499908447266,-1.800234317779541,1211
65.59241292160004,20784389,4.335419654846191,0.15476562082767487,1421
65.6424129223451,20784390,4.333203315734863,-1.9396483898162842,1170
65.69241292309016,20784391,4.335195064544678,-3.9062499126885086e-05,1404
65.74241292383522,20784392,4.3329758644104,-1.9395312070846558,1255
65.79241292458028,20784393,4.335155963897705,-3.9062499126885086e-05,1472
65.84241292532533,20784394,4.33296012878418,-1.7999608516693115,1206
65.89241292607039,20784395,4.33534049987793,0.1547265648841858,1439
65.94241292681545,20784396,4.332956790924072,-1.6581640243530273,1234
65.99241292756051,20784397,4.335155963897705,0.0,1406
66.04241292830557,20784398,4.3323469161987305,-1.9392187595367432,1266
66.09241292905062,20784399,4.335502624511719,0.3093359172344208,1403
66.14241292979568,20784400,4.332137584686279,-1.9391405582427979,1277
66.19241293054074,20784401,4.335039138793945,0.0,1393
66.2424129312858,20784402,4.332064628601074,-1.657812476158142,1223
66.29241293203086,20784403,4.335039138793945,3.9062499126885086e-05,1401
66.34241293277591,20784404,4.331333637237549,-1.93874990940094,1213
66.39241293352097,20784405,4.3349609375,3.9062499126885086e-05,1412
66.44241293426603,20784406,4.331263065338135,-1.7992968559265137,1188
66.49241293501109,20784407,4.334921836853027,0.0,1344
66.54241293575615,20784408,4.331369400024414,-1.7992968559265137,1223
66.5924129365012,20784409,4.334921836853027,0.0,1377
66.64241293724626,20784410,4.330704689025879,-1.938515543937683,1221
66.69241293799132,20784411,4.33549690246582,0.3092578053474426,1353
66.74241293873638,20784412,4.330687522888184,-1.9384765625,1250
66.79241293948144,20784413,4.334843635559082,0.0,1363
66.8424129402265,20784414,4.330390453338623,-1.9383593797683716,1248
66.89241294097155,20784415,4.335104465484619,0.15468749403953552,1382
66.94241294171661,20784416,4.330874443054199,-1.6573437452316284,1264
66.99241294246167,20784417,4.335144519805908,0.1547265648841858,1374
67.04241294320673,20784418,4.329936504364014,-1.9381250143051147,1227
67.09241294395179,20784419,4.334687232971191,0.0,1437
67.14241294469684,20784420,4.3314313888549805,-1.3678905963897705,1257
67.1924129454419,20784421,4.335460662841797,0.3092968761920929,1388
67.24241294618696,20784422,4.32991886138916,-1.938085913658142,1265
67.29241294693202,20784423,4.334609508514404,-3.9062499126885086e-05,1385
67.34241294767708,20784424,4.3307271003723145,-1.3676562309265137,1242
67.39241294842213,20784425,4.333749771118164,-3.9062499126885086e-05,1384
67.44241294916719,20784426,4.328521251678467,-1.7980859279632568,1275
67.49241294991225,20784427,4.333693504333496,0.30910155177116394,1377
67.54241295065731,20784428,4.327193737030029,-1.9369139671325684,1253
67.59241295140237,20784429,4.332109451293945,0.0,1389
67.64241295214742,20784430,4.327158451080322,-1.9369139671325684,1230
67.69241295289248,20784431,4.332695007324219,0.0,1328
67.74241295363754,20784432,4.328627109527588,-1.6565624475479126,1255
67.7924129543826,20784433,4.333554744720459,0.0,1417
67.84241295512766,20784434,4.328573703765869,-1.9375780820846558,1229
67.89241295587271,20784435,4.334453105926514,-3.9062499126885086e-05,1388
67.94241295661777,20784436,4.328975677490234,-1.93777334690094,1232
67.99241295736283,20784437,4.334570407867432,3.9062499126885086e-05,1364
68.04241295810789,20784438,4.3296637535095215,-1.6569139957427979,1254
68.09241295885295,20784439,4.335780620574951,0.4634765386581421,1360
68.142412959598,20784440,4.329994201660156,-1.5131640434265137,1271
68.19241296034306,20784441,4.334910869598389,0.1547265648841858,1341
68.24241296108812,20784442,4.329080581665039,-1.7983202934265137,1288
68.29241296183318,20784443,4.3347907066345215,0.15464843809604645,1307
68.34241296257824,20784444,4.329050064086914,-1.7984179258346558,1270
68.3924129633233,20784445,4.334414005279541,-1.9531249563442543e-05,1386
68.44241296406835,20784446,4.328922271728516,-1.798281192779541,1298
68.49241296481341,20784447,4.334872245788574,0.15474608540534973,1375
68.54241296555847,20784448,4.328736305236816,-1.7982616424560547,1331
68.59241296630353,20784449,4.334713459014893,0.1546679586172104,1343
68.64241296704859,20784450,4.328329086303711,-1.9374217987060547,1282
68.69241296779364,20784451,4.334335803985596,3.9062499126885086e-05,1328
68.7424129685387,20784452,4.327979564666748,-1.937343716621399,1354
68.79241296928376,20784453,4.33534574508667,0.30931639671325684,1348
68.84241297002882,20784454,4.327979564666748,-1.9372656345367432,1277
68.89241297077388,20784455,4.334296703338623,0.0,1386
68.94241297151893,20784456,4.328014373779297,-1.9372656345367432,1344
68.99241297226399,20784457,4.334873199462891,0.15476562082767487,1379
69.04241297300905,20784458,4.328756332397461,-1.65652334690094,1351
69.09241297375411,20784459,4.334296703338623,3.9062499126885086e-05,1353
69.14241297449917,20784460,4.327796459197998,-1.9371678829193115,1303
69.19241297524422,20784461,4.334140300750732,-1.9531249563442543e-05,1343
69.24241297598928,20784462,4.327700138092041,-1.9371874332427979,1349
69.29241297673434,20784463,4.336994171142578,0.7700390219688416,1370
69.3424129774794,20784464,4.328546047210693,-1.6564452648162842,1360
69.39241297822446,20784465,4.333788871765137,0.0,1335
69.44241297896951,20784466,4.327482223510742,-1.9370898008346558,1344
69.49241297971457,20784467,4.333266735076904,0.3091210722923279,1327
69.54241298045963,20784468,4.327088832855225,-1.9369139671325684,1334
69.59241298120469,20784469,4.3333258628845215,0.61669921875,1323
69.64241298194975,20784470,4.325749397277832,-1.796972632408142,1371
69.6924129826948,20784471,4.3183369636535645,0.15412108600139618,1380
69.74241298343986,20784472,4.304904460906982,-0.4602148234844208,1343
69.79241298418492,20784473,4.292931079864502,0.3062695264816284,1294
69.84241298492998,20784474,4.266232967376709,-0.15224608778953552,1342
69.89241298567504,20784475,4.251314640045166,0.4544726312160492,1400
69.9424129864201,20784476,4.268203258514404,-0.7578125,1333
69.99241298716515,20784477,4.266495227813721,1.2020117044448853,1351
70.04241298791021,20784478,4.301724910736084,-0.1535351574420929,1348
70.09241298865527,20784479,4.295408248901367,1.9227148294448853,1332
70.14241298940033,20784480,4.33784294128418,-0.1548437476158142,1343
70.19241299014539,20784481,4.350876331329346,1.8074218034744263,1307
70.24241299089044,20784482,4.359546661376953,-1.95144522190094,1376
70.2924129916355,20784483,4.344610691070557,1.944765567779541,1349
70.34241299238056,20784484,4.3519134521484375,-0.1553320288658142,1380
70.39241299312562,20784485,4.34061861038208,1.9429491758346558,1322
70.44241299387068,20784486,4.332766056060791,-1.7999218702316284,1394
70.49241299461573,20784487,4.334687232971191,0.0,1336
70.54241299536079,20784488,4.326510429382324,-1.7972655296325684,1406
70.59241299610585,20784489,4.334414005279541,3.9062499126885086e-05,1385
70.64241299685091,20784490,4.325883388519287,-1.9364062547683716,1385
70.69241299759597,20784491,4.334374904632568,1.9531249563442543e-05,1396
70.74241299834102,20784492,4.326780319213867,-1.797402262687683,1394
70.79241299908608,20784493,4.335343837738037,0.30928710103034973,1338
70.84241299983114,20784494,4.326263427734375,-1.9364745616912842,1378
70.8924130005762,20784495,4.333906173706055,-1.9531249563442543e-05,1397
70.94241300132126,20784496,4.326416492462158,-1.9365038871765137,1348
70.99241300206631,20784497,4.333945274353027,-1.9531249563442543e-05,1337
71.04241300281137,20784498,4.326525688171387,-1.9365917444229126,1398
71.09241300355643,20784499,4.334023475646973,-9.765624781721272e-06,1348
71.14241300430149,20784500,4.326259136199951,-1.9365428686141968,1363
71.19241300504655,20784501,4.333945274353027,1.9531249563442543e-05,1350
71.2424130057916,20784502,4.327925205230713,-1.51248037815094,1366
71.29241300653666,20784503,4.333984375,9.765624781721272e-06,1354
71.34241300728172,20784504,4.326661586761475,-1.7973730564117432,1420
71.39241300802678,20784505,4.334558010101318,0.15470702946186066,1351
71.44241300877184,20784506,4.326193332672119,-1.9364745616912842,1388
71.4924130095169,20784507,4.333984375,0.0,1357
71.54241301026195,20784508,4.326115131378174,-1.9364550113677979,1433
71.59241301100701,20784509,4.3351850509643555,0.3092578053474426,1353
71.64241301175207,20784510,4.326638221740723,-1.797402262687683,1363
71.69241301249713,20784511,4.337812423706055,9.765624781721272e-06,1393
71.74241301324219,20784512,4.3343024253845215,-1.6586620807647705,1408
71.79241301398724,20784513,4.343359470367432,-2.9296874345163815e-05,1388
71.8424130147323,20784514,4.339223384857178,-1.6605809926986694,1403
71.89241301547736,20784515,4.3463239669799805,0.15512694418430328,1420
71.94241301622242,20784516,4.334915637969971,-1.800820231437683,1441
71.99241301696748,20784517,4.335184097290039,0.15473143756389618,1385
72.04241301771253,20784518,4.314774990081787,-0.9171581864356995,1389
72.09241301845759,20784519,4.309967041015625,0.7652636766433716,1367
72.14241301920265,20784520,4.298063278198242,-0.45943358540534973,1391
72.19241301994771,20784521,4.291757583618164,-2.441406195430318e-06,1361
72.24241302069277,20784522,4.291179180145264,-0.610705554485321,1375
72.29241302143782,20784523,4.305468559265137,0.0,1396
72.34241302218288,20784524,4.3119096755981445,-1.3617041110992432,1366
72.39241302292794,20784525,4.32269287109375,0.3083740174770355,1437
72.442413023673,20784526,4.327805042266846,-1.9371874332427979,1417
72.49241302441806,20784527,4.334531307220459,0.0,1383
72.54241302516311,20784528,4.331015586853027,-1.2201659679412842,1420
72.59241302590817,20784529,4.330760478973389,0.30895018577575684,1434
72.64241302665323,20784530,4.326897144317627,-1.3664427995681763,1434
72.69241302739829,20784531,4.3252787590026855,0.30857419967651367,1394
72.74241302814335,20784532,4.321835994720459,-1.3648509979248047,1400
72.7924130288884,20784533,4.321601390838623,4.882812390860636e-06,1413
72.84241302963346,20784534,4.323168754577637,-1.2179882526397705,1433
72.89241303037852,20784535,4.326679706573486,-2.441406195430318e-06,1342
72.94241303112358,20784536,4.328686237335205,-1.9375951290130615,1416
72.99241303186864,20784537,4.332096099853516,0.15462401509284973,1444
73.0424130326137,20784538,4.3303680419921875,-0.6162914633750916,1377
73.09241303335875,20784539,4.328137397766113,0.3087756335735321,1420
73.14241303410381,20784540,4.325157165527344,-0.61553955078125,1415
73.19241303484887,20784541,4.322656154632568,-2.441406195430318e-06,1427
73.24241303559393,20784542,4.321201801300049,-0.7672656178474426,1397
73.29241303633898,20784543,4.323476314544678,-1.220703097715159e-06,1415
73.34241303708404,20784544,4.326060771942139,-0.7681103348731995,1435
73.3924130378291,20784545,4.329527378082275,0.3088622987270355,1437
73.44241303857416,20784546,4.33161735534668,-1.9389147758483887,1421
73.49241303931922,20784547,4.330703258514404,3.662109293145477e-06,1344
73.54241304006428,20784548,4.328136444091797,-0.30876585841178894,1436
73.59241304080933,20784549,4.325390338897705,2.441406195430318e-06,1441
73.64241304155439,20784550,4.322596073150635,-0.3083740174770355,1415
73.69241304229945,20784551,4.321346759796143,0.15424193441867828,1445
73.74241304304451,20784552,4.323223114013672,-0.7676073908805847,1427
73.79241304378957,20784553,4.326135635375977,0.15440917015075684,1435
73.84241304453462,20784554,4.3290252685546875,-1.0706102848052979,1415
73.89241304527968,20784555,4.331777095794678,-3.662109293145477e-06,1410
73.94241304602474,20784556,4.3307671546936035,-0.1545764058828354,1476
73.9924130467698,20784557,4.328261852264404,0.0,1442
74.04241304751486,20784558,4.325473785400391,-0.3085717558860779,1406
74.09241304825991,20784559,4.3227152824401855,0.15428954362869263,1435
74.14241304900497,20784560,4.321268558502197,-0.1542333960533142,1425
74.19241304975003,20784561,4.323124885559082,0.0,1421
74.24241305049509,20784562,4.326037406921387,-0.4624389410018921,1431
74.29241305124015,20784563,4.329160213470459,0.0,1441
74.3424130519852,20784564,4.331783771514893,-0.15460936725139618,1448
74.39241305273026,20784565,4.331120014190674,0.7689989805221558,1447
74.44241305347532,20784566,4.328206539154053,-0.1544848531484604,1442
74.49241305422038,20784567,4.325409889221191,2.441406195430318e-06,1446
74.54241305496544,20784568,4.322697162628174,-0.4620703160762787,1397
74.5924130557105,20784569,4.321361541748047,0.3082836866378784,1445
74.64241305645555,20784570,4.323145389556885,-0.15430419147014618,1421
74.69241305720061,20784571,4.326113224029541,-4.882812390860636e-06,1434
74.74241305794567,20784572,4.329221248626709,-0.6161108016967773,1432
74.79241305869073,20784573,4.331930160522461,0.46306151151657104,1428
74.84241305943578,20784574,4.330721378326416,-0.30895018577575684,1428
74.89241306018084,20784575,4.328085899353027,2.441406195430318e-06,1465
74.9424130609259,20784576,4.3253493309021,-0.46236327290534973,1420
74.99241306167096,20784577,4.322519302368164,-4.882812390860636e-06,1425
75.04241306241602,20784578,4.3213276863098145,-0.1542382836341858,1439
75.09241306316108,20784579,4.323320388793945,2.441406195430318e-06,1453
75.14241306390613,20784580,4.326296329498291,-0.30863523483276367,1461
75.19241306465119,20784581,4.329331874847412,0.30885985493659973,1498
75.24241306539625,20784582,4.331783771514893,-0.15461181104183197,1451
75.29241306614131,20784583,4.330507755279541,0.0,1490
75.34241306688637,20784584,4.327982425689697,-0.4626489281654358,1431
75.39241306763142,20784585,4.325158596038818,0.15437500178813934,1457
75.44241306837648,20784586,4.322363376617432,-0.15427245199680328,1414
75.49241306912154,20784587,4.321346759796143,0.1542407125234604,1478
75.5424130698666,20784588,4.323477268218994,-0.15431152284145355,1418
75.59241307061166,20784589,4.326350212097168,0.1544213891029358,1440
75.64241307135671,20784590,4.329477310180664,-0.15453368425369263,1411
75.69241307210177,20784591,4.331929683685303,0.46305906772613525,1469
75.74241307284683,20784592,4.33110237121582,-1.2202074527740479,1432
75.79241307359189,20784593,4.327816009521484,0.15447264909744263,1478
75.84241307433695,20784594,4.325176239013672,-0.6155371069908142,1384
75.892413075082,20784595,4.322187423706055,2.441406195430318e-06,1467
75.94241307582706,20784596,4.321557521820068,-0.3082934617996216,1409
75.99241307657212,20784597,4.323692321777344,0.15432128310203552,1472
76.04241307731718,20784598,4.326545715332031,-0.1544238179922104,1414
76.09241307806224,20784599,4.329628944396973,-4.882812390860636e-06,1457
76.1424130788073,20784600,4.331857204437256,-0.3090283274650574,1439
76.19241307955235,20784601,4.330297946929932,0.15455810725688934,1495
76.24241308029741,20784602,4.327746868133545,-0.4626244902610779,1402
76.29241308104247,20784603,4.324923515319824,0.15436522662639618,1449
76.34241308178753,20784604,4.322089672088623,-0.1542651355266571,1366
76.39241308253258,20784605,4.3217034339904785,0.6150414943695068,1482
76.44241308327764,20784606,4.32382869720459,-0.30845457315444946,1412
76.4924130840227,20784607,4.3267998695373535,0.15443359315395355,1431
76.54241308476776,20784608,4.329840660095215,-0.30888915061950684,1404
76.59241308551282,20784609,4.33181619644165,4.882812390860636e-06,1499
76.64241308625787,20784610,4.330141544342041,-0.15455810725688934,1393
76.69241308700293,20784611,4.327523231506348,0.15446288883686066,1483
76.74241308774799,20784612,4.324767112731934,-0.15435791015625,1402
76.79241308849305,20784613,4.322049617767334,0.4620092809200287,1505
76.84241308923811,20784614,4.3216962814331055,-0.4619726538658142,1389
76.89241308998317,20784615,4.323946952819824,0.3084692358970642,1453
76.94241309072822,20784616,4.326878547668457,-0.15444335341453552,1401
76.99241309147328,20784617,4.330035209655762,0.3088940382003784,1492
77.04241309221834,20784618,4.331803321838379,-0.15461669862270355,1351
77.0924130929634,20784619,4.330136775970459,-2.441406195430318e-06,1468
77.14241309370846,20784620,4.327627658843994,-0.4625951945781708,1360
77.19241309445351,20784621,4.324709892272949,0.30852293968200684,1461
77.24241309519857,20784622,4.321855068206787,-0.15426024794578552,1424
77.29241309594363,20784623,4.321738243103027,2.441406195430318e-06,1478
77.34241309668869,20784624,4.324005126953125,-0.15433837473392487,1377
77.39241309743375,20784625,4.327002048492432,0.3086914122104645,1500
77.4424130981788,20784626,4.330129146575928,-0.6162426471710205,1449
77.49241309892386,20784627,4.33181619644165,0.0,1516
77.54241309966892,20784628,4.330102443695068,-0.15455566346645355,1416
77.59241310041398,20784629,4.327441215515137,0.0,1460
77.64241310115904,20784630,4.324779510498047,-0.46229735016822815,1426
77.6924131019041,20784631,4.321952819824219,0.15425536036491394,1460
77.74241310264915,20784632,4.321738243103027,-0.15425293147563934,1378
77.79241310339421,20784633,4.324103355407715,0.3084765672683716,1469
77.84241310413927,20784634,4.327015399932861,-0.1544482409954071,1340
77.89241310488433,20784635,4.330078125,0.0,1512
77.94241310562938,20784636,4.331842422485352,-0.15462401509284973,1400
77.99241310637444,20784637,4.330156326293945,-2.441406195430318e-06,1452
78.0424131071195,20784638,4.327510356903076,-0.3087207078933716,1433
78.09241310786456,20784639,4.324688911437988,0.1543603539466858,1485
78.14241310860962,20784640,4.321933269500732,-0.1542626917362213,1399
78.19241310935467,20784641,4.321882247924805,0.6150756478309631,1390
78.24241311009973,20784642,4.324065685272217,-0.3084960877895355,1415
78.29241311084479,20784643,4.3270344734191895,0.15444090962409973,1466
78.34241311158985,20784644,4.330121994018555,-0.15455321967601776,1387
78.3924131123349,20784645,4.331933498382568,0.0,1484
78.44241311307997,20784646,4.330338478088379,-0.462890625,1393
78.49241311382502,20784647,4.327597618103027,2.441406195430318e-06,1446
78.54241311457008,20784648,4.324924945831299,-0.3085302710533142,1412
78.59241311531514,20784649,4.322129249572754,0.1542675793170929,1473
78.6424131160602,20784650,4.32175350189209,-0.3083129823207855,1410
78.69241311680526,20784651,4.324005126953125,0.3084692358970642,1491
78.74241311755031,20784652,4.327198505401611,-1.2191210985183716,1373
78.79241311829537,20784653,4.329973220825195,0.9204211235046387,1436
78.84241311904043,20784654,4.331979274749756,-0.15462401509284973,1398
78.89241311978549,20784655,4.330370903015137,2.441406195430318e-06,1500
78.94241312053055,20784656,4.327776908874512,-0.15447264909744263,1359
78.9924131212756,20784657,4.3250017166137695,0.15437377989292145,1454
79.04241312202066,20784658,4.322265625,-0.15427489578723907,1353
79.09241312276572,20784659,4.321523189544678,0.0,1488
79.14241312351078,20784660,4.323848724365234,-0.1543286144733429,1367
79.19241312425584,20784661,4.326707363128662,0.30866697430610657,1419
79.2424131250009,20784662,4.329781532287598,-0.30888181924819946,1384
79.29241312574595,20784663,4.3323469161987305,0.30906981229782104,1465
79.34241312649101,20784664,4.332311153411865,-0.1546313464641571,1367
79.39241312723607,20784665,4.331177234649658,0.15458495914936066,1485
79.44241312798113,20784666,4.3297624588012695,-0.30888426303863525,1342
79.49241312872618,20784667,4.32839822769165,-1.220703097715159e-06,1551
79.54241312947124,20784668,4.327796459197998,-0.15446898341178894,1326
79.5924131302163,20784669,4.328808307647705,0.0,1490
79.64241313096136,20784670,4.330299377441406,-0.4628894031047821,1382
79.69241313170642,20784671,4.331777095794678,6.103515261202119e-06,1449
79.74241313245147,20784672,4.333204746246338,-1.800079345703125,1418
79.79241313319653,20784673,4.333998203277588,1.368682861328125,1439
79.84241313394159,20784674,4.33397912979126,-1.939978003501892,1361
79.89241313468665,20784675,4.334072113037109,1.6585791110992432,1482
79.9424131354317,20784676,4.3340325355529785,-1.6585693359375,1361
79.99241313617676,20784677,4.334033966064453,1.9399828910827637,1486
80.04241313692182,20784678,4.334067344665527,-1.6585668325424194,1312
80.09241313766688,20784679,4.334072589874268,1.9399913549423218,1480
80.14241313841194,20784680,4.33399772644043,-1.939980387687683,1392
80.192413139157,20784681,4.334078311920166,1.3687024116516113,1486
80.24241313990206,20784682,4.334039211273193,-1.800421118736267,1402
80.29241314064711,20784683,4.334083080291748,1.5146007537841797,1513
80.34241314139217,20784684,4.334048748016357,-1.658565640449524,1294
80.39241314213723,20784685,4.33408784866333,1.9399865865707397,1457
80.44241314288229,20784686,4.334021091461182,-1.8004199266433716,1371
80.49241314362735,20784687,4.3340535163879395,1.9399877786636353,1489
80.5424131443724,20784688,4.33405065536499,-1.6585705280303955,1396
80.59241314511746,20784689,4.334059715270996,1.8004271984100342,1491
80.64241314586252,20784690,4.334064483642578,-1.5146007537841797,1370
80.69241314660758,20784691,4.334051132202148,1.9399816989898682,1478
80.74241314735264,20784692,4.334068775177002,-1.9399828910827637,1364
80.7924131480977,20784693,4.3340229988098145,1.8004248142242432,1466
80.84241314884275,20784694,4.33404016494751,-1.8004223108291626,1422
80.89241314958781,20784695,4.334087371826172,1.658571720123291,1486
80.94241315033287,20784696,4.33406925201416,-1.9399840831756592,1340
80.99241315107793,20784697,4.334051609039307,1.6585729122161865,1459
81.04241315182298,20784698,4.3340044021606445,-1.8004223108291626,1324
81.09241315256804,20784699,4.334018707275391,1.9399877786636353,1509
81.1424131533131,20784700,4.33407735824585,-1.3686999082565308,1379
81.19241315405816,20784701,4.334082126617432,1.0718505382537842,1520
81.24241315480322,20784702,4.334089279174805,-1.6585766077041626,1390
81.29241315554827,20784703,4.334092617034912,1.9399962425231934,1494
81.34241315629333,20784704,4.334024429321289,-1.8004271984100342,1390
81.39241315703839,20784705,4.334038257598877,1.9399926662445068,1464
81.44241315778345,20784706,4.334041118621826,-1.8004248142242432,1404
81.4924131585285,20784707,4.334059715270996,1.2210583686828613,1484
81.54241315927356,20784708,4.334097385406494,-1.3687036037445068,1381
81.59241316001862,20784709,4.334089279174805,1.6585766077041626,1470
81.64241316076368,20784710,4.33400297164917,-1.9399913549423218,1353
81.69241316150874,20784711,4.334023475646973,1.939998745918274,1474
81.7424131622538,20784712,4.334019660949707,-1.9399901628494263,1396
81.79241316299886,20784713,4.334056377410889,1.9399938583374023,1503
81.84241316374391,20784714,4.334078311920166,-1.8004297018051147,1364
81.89241316448897,20784715,4.334054946899414,1.6585814952850342,1402
81.94241316523403,20784716,4.3340163230896,-1.658575415611267,1336
81.99241316597909,20784717,4.334039211273193,1.9399950504302979,1471
82.04241316672415,20784718,4.334072589874268,-1.6585803031921387,1344
82.0924131674692,20784719,4.3340277671813965,1.8004357814788818,1470
82.14241316821426,20784720,4.334108829498291,-1.6585803031921387,1361
82.19241316895932,20784721,4.334109306335449,1.6585814952850342,1488
82.24241316970438,20784722,4.334066390991211,-1.5146056413650513,1346
82.29241317044944,20784723,4.334118843078613,1.800441861152649,1484
82.3424131711945,20784724,4.334039211273193,-1.9399950504302979,1348
82.39241317193955,20784725,4.334179401397705,1.514614224433899,1461
82.44241317268461,20784726,4.3340678215026855,-1.5146105289459229,1354
82.49241317342967,20784727,4.334088325500488,1.51461660861969,1468
82.54241317417473,20784728,4.33413553237915,-1.2210619449615479,1323
82.59241317491978,20784729,4.334079265594482,1.9400060176849365,1435
82.64241317566484,20784730,4.334038257598877,-1.9399926662445068,1337
82.6924131764099,20784731,4.334084510803223,1.80044424533844,1465
82.74241317715496,20784732,4.3340606689453125,-1.9400036334991455,1333
82.79241317790002,20784733,4.334750175476074,1.514833927154541,1482
82.84241317864507,20784734,4.3356242179870605,-1.6591930389404297,1403
82.89241317939013,20784735,4.3365254402160645,1.94110107421875,1478
82.94241318013519,20784736,4.3375935554504395,-1.9415746927261353,1335
82.99241318088025,20784737,4.338494300842285,1.9419872760772705,1486
83.0424131816253,20784738,4.338116645812988,-1.9418078660964966,1333
83.09241318237036,20784739,4.33750057220459,1.5157909393310547,1484
83.14241318311542,20784740,4.336196422576904,-1.940950870513916,1279
83.19241318386048,20784741,4.335182189941406,1.800905704498291,1441
83.24241318460554,20784742,4.335614204406738,-1.940704345703125,1352
83.2924131853506,20784743,4.337582588195801,1.94158935546875,1472
83.34241318609565,20784744,4.340224266052246,-1.6609325408935547,1345
83.39241318684071,20784745,4.342438220977783,1.6617687940597534,1480
83.44241318758577,20784746,4.343155860900879,-1.8041906356811523,1313
83.49241318833083,20784747,4.341919422149658,1.6615917682647705,1437
83.54241318907589,20784748,4.339888095855713,-1.6608092784881592,1343
83.59241318982095,20784749,4.3375725746154785,1.941567301750183,1477
83.642413190566,20784750,4.3355631828308105,-1.9406676292419434,1335
83.69241319131106,20784751,4.336614608764648,1.8014880418777466,1455
83.74241319205612,20784752,4.3382487297058105,-1.9419066905975342,1328
83.79241319280118,20784753,4.340482234954834,1.9428783655166626,1449
83.84241319354624,20784754,4.343836307525635,-1.074255347251892,1293
83.8924131942913,20784755,4.343461990356445,1.2237011194229126,1408
83.94241319503635,20784756,4.341220378875732,-1.6613194942474365,1323
83.99241319578141,20784757,4.339025497436523,1.8025012016296387,1478
84.04241319652647,20784758,4.336853504180908,-1.9412487745285034,1342
84.09241319727153,20784759,4.336038112640381,1.6593297719955444,1393
84.14241319801658,20784760,4.337211608886719,-1.801727294921875,1294
84.19241319876164,20784761,4.339059829711914,1.942236304283142,1491
84.2424131995067,20784762,4.341254711151123,-1.9431993961334229,1315
84.29241320025176,20784763,4.342979431152344,1.9439697265625,1457
84.34241320099682,20784764,4.342123031616211,-1.943579077720642,1314
84.39241320174187,20784765,4.340652942657471,1.5169042348861694,1479
84.44241320248693,20784766,4.33820104598999,-1.941839575767517,1340
84.49241320323199,20784767,4.336190223693848,1.8013219833374023,1445
84.54241320397705,20784768,4.335887432098389,-1.9408068656921387,1335
84.5924132047221,20784769,4.337901592254639,1.8020201921463013,1441
84.64241320546716,20784770,4.340026378631592,-1.8029016256332397,1325
84.69241320621222,20784771,4.342273712158203,1.8038195371627808,1441
84.74241320695728,20784772,4.342854976654053,-1.9439257383346558,1261
84.79241320770234,20784773,4.3415069580078125,1.9433337450027466,1458
84.8424132084474,20784774,4.3394880294799805,-1.942452311515808,1280
84.89241320919245,20784775,4.337451457977295,1.941530704498291,1498
84.94241320993751,20784776,4.335475921630859,-1.9406286478042603,1318
84.99241321068257,20784777,4.336376190185547,1.9410400390625,1466
85.04241321142763,20784778,4.33839750289917,-1.941927433013916,1265
85.09241321217269,20784779,4.341156959533691,1.51708984375,1451
85.14241321291775,20784780,4.342644691467285,-1.943846344947815,1314
85.1924132136628,20784781,4.342715263366699,1.8040282726287842,1370
85.24241321440786,20784782,4.340961456298828,-1.80331289768219,1324
85.29241321515292,20784783,4.33875036239624,1.9421300888061523,1408
85.34241321589798,20784784,4.336881637573242,-1.6596496105194092,1284
85.39241321664304,20784785,4.335880279541016,1.801174283027649,1390
85.4424132173881,20784786,4.337009906768799,-1.9413244724273682,1276
85.49241321813315,20784787,4.339160919189453,1.9422680139541626,1439
85.54241321887821,20784788,4.341766834259033,-1.6615221500396729,1306
85.59241321962327,20784789,4.342926979064941,1.9439697265625,1440
85.64241322036833,20784790,4.342379093170166,-1.6617541313171387,1282
85.69241322111338,20784791,4.340129375457764,1.9427136182785034,1433
85.74241322185844,20784792,4.338091850280762,-1.9417906999588013,1306
85.7924132226035,20784793,4.336004734039307,1.9408739805221558,1444
85.84241322334856,20784794,4.3365912437438965,-1.5154943466186523,1300
85.89241322409362,20784795,4.3377861976623535,1.9416552782058716,1476
85.94241322483867,20784796,4.33991813659668,-1.9426318407058716,1324
85.99241322558373,20784797,4.342134475708008,1.943603515625,1447
86.04241322632879,20784798,4.342787265777588,-1.9438915252685547,1251
86.09241322707385,20784799,4.341493606567383,1.8035253286361694,1423
86.1424132278189,20784800,4.33969259262085,-1.516567349433899,1259
86.19241322856396,20784801,4.337411403656006,1.6598546504974365,1435
86.24241322930902,20784802,4.335427761077881,-1.9406384229660034,1316
86.29241323005408,20784803,4.336718559265137,1.8015673160552979,1411
86.34241323079914,20784804,4.33995246887207,-0.7705712914466858,1285
86.3924132315442,20784805,4.340732097625732,1.9430065155029297,1369
86.44241323228925,20784806,4.343014717102051,-1.8041503429412842,1280
86.49241323303431,20784807,4.342525959014893,1.803957462310791,1419
86.54241323377937,20784808,4.340564727783203,-1.9429064989089966,1328
86.59241323452443,20784809,4.338506698608398,1.9419958591461182,1441
86.64241323526949,20784810,4.3364715576171875,-1.8014428615570068,1269
86.69241323601454,20784811,4.335655212402344,1.9407176971435547,1434
86.7424132367596,20784812,4.337516784667969,-1.8018847703933716,1289
86.79241323750466,20784813,4.340256214141846,1.370660424232483,1425
86.84241323824972,20784814,4.3419084548950195,-1.803688883781433,1275
86.89241323899478,20784815,4.343071460723877,1.8041796684265137,1429
86.94241323973984,20784816,4.341660976409912,-1.9434045553207397,1272
86.9924132404849,20784817,4.339742660522461,1.9425328969955444,1413
87.04241324122995,20784818,4.337782859802246,-1.659999966621399,1253
87.09241324197501,20784819,4.335723400115967,1.8011181354522705,1448
87.14241324272007,20784820,4.336463451385498,-1.8014452457427979,1277
87.19241324346513,20784821,4.338210105895996,1.941860318183899,1410
87.24241324421018,20784822,4.341011047363281,-1.5170397758483887,1334
87.29241324495524,20784823,4.34323787689209,1.5178087949752808,1478
87.3424132457003,20784824,4.342880725860596,-1.6619579792022705,1258
87.39241324644536,20784825,4.341011047363281,1.8033251762390137,1448
87.44241324719042,20784826,4.338923931121826,-1.8024499416351318,1277
87.49241324793547,20784827,4.33691930770874,1.3696019649505615,1461
87.54241324868053,20784828,4.335566520690918,-1.9406750202178955,1246
87.59241324942559,20784829,4.337079048156738,1.9413427114486694,1400
87.64241325017065,20784830,4.3394317626953125,-1.8026671409606934,1332
87.6924132509157,20784831,4.341414451599121,1.9432836771011353,1379
87.74241325166076,20784832,4.342841148376465,-1.9439343214035034,1285
87.79241325240582,20784833,4.341806411743164,1.9434752464294434,1373
87.84241325315088,20784834,4.33989953994751,-1.9426097869873047,1334
87.89241325389594,20784835,4.337794303894043,1.9416723251342773,1402
87.942413254641,20784836,4.335725784301758,-1.9407384395599365,1300
87.99241325538605,20784837,4.336343765258789,1.8013927936553955,1389
88.04241325613111,20784838,4.338254928588867,-1.8021862506866455,1294
88.09241325687617,20784839,4.3402605056762695,1.9427733421325684,1434
88.14241325762123,20784840,4.342695713043213,-1.8040233850479126,1234
88.19241325836629,20784841,4.342550754547119,1.943792700767517,1420
88.24241325911134,20784842,4.341045379638672,-1.803343415260315,1320
88.2924132598564,20784843,4.338860034942627,1.942141056060791,1421
88.34241326060146,20784844,4.336799621582031,-1.8015698194503784,1273
88.39241326134652,20784845,4.3357744216918945,1.8011547327041626,1380
88.44241326209158,20784846,4.3374552726745605,-1.6598742008209229,1322
88.49241326283664,20784847,4.3394083976745605,1.8026537895202637,1380
88.5424132635817,20784848,4.341367244720459,-1.9432750940322876,1307
88.59241326432675,20784849,4.34347677230835,1.5178905725479126,1408
88.64241326507181,20784850,4.34176778793335,-1.9434484243392944,1291
88.69241326581687,20784851,4.339815616607666,1.942598819732666,1392
88.74241326656193,20784852,4.337741374969482,-1.9416320323944092,1268
88.79241326730698,20784853,4.335734844207764,1.8011242151260376,1400
88.84241326805204,20784854,4.337202072143555,-1.941402554512024,1275
88.8924132687971,20784855,4.340272426605225,1.942779541015625,1418
88.94241326954216,20784856,4.344854831695557,-1.372106909751892,1288
88.99241327028722,20784857,4.346889972686768,1.945742130279541,1418
89.04241327103227,20784858,4.347249507904053,-1.6636364459991455,1264
89.09241327177733,20784859,4.34434175491333,1.804714322090149,1419
89.14241327252239,20784860,4.341437339782715,-1.5171862840652466,1281
89.19241327326745,20784861,4.337913990020752,1.802028775215149,1379
89.2424132740125,20784862,4.334885120391846,-0.6169238090515137,1278
89.29241327475756,20784863,4.333878993988037,0.7694921493530273,1412
89.34241327550262,20784864,4.333737850189209,-0.4632605016231537,1317
89.39241327624768,20784865,4.333826065063477,0.46326902508735657,1463
89.44241327699274,20784866,4.333835124969482,-0.4632629156112671,1277
89.4924132777378,20784867,4.333864212036133,0.3091723620891571,1435
89.54241327848285,20784868,4.333868026733398,-0.6167736649513245,1272
89.59241327922791,20784869,4.3338727951049805,1.3686388731002808,1415
89.64241327997297,20784870,4.33394718170166,-1.9399449825286865,1277
89.69241328071803,20784871,4.334747314453125,1.9403088092803955,1435
89.74241328146309,20784872,4.335682392120361,-1.8011046648025513,1226
89.79241328220814,20784873,4.336418628692627,1.9410570859909058,1415
89.8424132829532,20784874,4.3367462158203125,-1.072481632232666,1264
89.89241328369826,20784875,4.329399108886719,0.15453368425369263,1436
89.94241328444332,20784876,4.323976039886475,-0.3084741234779358,1276
89.99241328518838,20784877,4.315297603607178,1.792641520500183,1382
90.04241328593343,20784878,4.337255954742432,-0.15480956435203552,1263
90.0924132866785,20784879,4.332159519195557,1.513940453529358,1457
90.14241328742355,20784880,4.370275020599365,-0.15598510205745697,1257
90.19241328816861,20784881,4.370932102203369,1.9564940929412842,1390
90.24241328891367,20784882,4.379188060760498,-1.9602086544036865,1247
90.29241328965873,20784883,4.365384101867676,1.8134558200836182,1385
90.34241329040378,20784884,4.363089561462402,-0.31126585602760315,1240
90.39241329114884,20784885,4.339074611663818,1.5163427591323853,1410
90.4424132918939,20784886,4.334827423095703,-0.4633740186691284,1221
90.49241329263896,20784887,4.333339691162109,0.0,1433
90.54241329338402,20784888,4.333153247833252,-1.5142968893051147,1237
90.59241329412907,20784889,4.333583831787109,0.0,1404
90.64241329487413,20784890,4.333479404449463,-1.6583508253097534,1241
90.69241329561919,20784891,4.333691120147705,0.0,1448
90.74241329636425,20784892,4.333495616912842,-1.5144115686416626,1242
90.7924132971093,20784893,4.333691120147705,-1.220703097715159e-06,1393
90.84241329785436,20784894,4.333530902862549,-1.939756989479065,1212
90.89241329859942,20784895,4.333740234375,0.0,1385
90.94241329934448,20784896,4.333590030670166,-1.800238013267517,1291
90.99241330008954,20784897,4.333720684051514,3.662109293145477e-06,1403
91.0424133008346,20784898,4.333665370941162,-1.3685680627822876,1277
91.09241330157965,20784899,4.3459649085998535,0.46455687284469604,1402
91.14241330232471,20784900,4.333657741546631,-1.8002722263336182,1239
91.19241330306977,20784901,4.353376388549805,1.3747961521148682,1468
91.24241330381483,20784902,4.348229885101318,-1.5195519924163818,1277
91.29241330455989,20784903,4.358114242553711,1.9507616758346558,1447
91.34241330530494,20784904,4.353289604187012,-1.9486058950424194,1239
91.39241330605,20784905,4.345876216888428,1.945290446281433,1416
91.44241330679506,20784906,4.335182189941406,-1.9405187368392944,1226
91.49241330754012,20784907,4.337069988250732,-1.220703097715159e-06,1452
91.54241330828518,20784908,4.333310127258301,-1.8001196384429932,1233
91.59241330903023,20784909,4.332614421844482,1.799835205078125,1423
91.64241330977529,20784910,4.337724685668945,-0.15482543408870697,1209
91.69241331052035,20784911,4.336845397949219,0.0,1391
91.74241331126541,20784912,4.334334373474121,-1.8005529642105103,1283
91.79241331201047,20784913,4.335744380950928,0.30931273102760315,1370
91.84241331275553,20784914,4.333864212036133,-0.3091748058795929,1251
91.89241331350058,20784915,4.3335957527160645,1.8002294301986694,1413
91.94241331424564,20784916,4.333786964416504,-0.4632653594017029,1279
91.9924133149907,20784917,4.333521842956543,1.9397557973861694,1450
92.04241331573576,20784918,4.333805084228516,-0.3091686964035034,1240
92.09241331648082,20784919,4.333529949188232,1.939754605293274,1426
92.14241331722587,20784920,4.3338775634765625,-0.9212365746498108,1207
92.19241331797093,20784921,4.333523750305176,1.9397594928741455,1375
92.24241331871599,20784922,4.333806037902832,-0.15468505024909973,1207
92.29241331946105,20784923,4.333568096160889,1.800228238105774,1413
92.3424133202061,20784924,4.333825588226318,-0.15468505024909973,1252
92.39241332095116,20784925,4.333567142486572,1.9397790431976318,1433
92.44241332169622,20784926,4.333806037902832,-0.463264137506485,1277
92.49241332244128,20784927,4.333596706390381,1.9397863149642944,1376
92.54241332318634,20784928,4.333835601806641,-0.4632653594017029,1254
92.5924133239314,20784929,4.333608150482178,1.9397923946380615,1394
92.64241332467645,20784930,4.333815097808838,-0.3091662526130676,1279
92.69241332542151,20784931,4.333621025085449,1.9398009777069092,1406
92.74241332616657,20784932,4.333806037902832,-0.15468627214431763,1237
92.79241332691163,20784933,4.333617687225342,1.80026113986969,1371
92.84241332765669,20784934,4.333786487579346,-0.15468627214431763,1189
92.89241332840174,20784935,4.333634853363037,1.9398131370544434,1407
92.9424133291468,20784936,4.333756923675537,-0.3091674745082855,1272
92.99241332989186,20784937,4.333672523498535,1.9398193359375,1406
93.04241333063692,20784938,4.333786487579346,-0.4632616937160492,1222
93.09241333138198,20784939,4.333652973175049,1.6584265232086182,1395
93.14241333212703,20784940,4.333764553070068,-1.9398692846298218,1274
93.19241333287209,20784941,4.333675384521484,1.939825415611267,1409
93.24241333361715,20784942,4.333751678466797,-1.9398596286773682,1288
93.29241333436221,20784943,4.333682537078857,1.8002783060073853,1388
93.34241333510727,20784944,4.333740711212158,-1.658455729484558,1212
93.39241333585232,20784945,4.33366584777832,1.800258755683899,1423
93.44241333659738,20784946,4.342878341674805,-1.9439489841461182,1223
93.49241333734244,20784947,4.3626708984375,1.5245983600616455,1418
93.5424133380875,20784948,4.372507095336914,-1.6732897758483887,1275
93.59241333883256,20784949,4.384861946105957,1.9627392292022705,1374
93.64241333957762,20784950,4.380729675292969,-1.8198168277740479,1252
93.69241334032267,20784951,4.37093448638916,1.5274828672409058,1359
93.74241334106773,20784952,4.355767726898193,-1.0772167444229126,1252
93.79241334181279,20784953,4.3408403396606445,0.30967405438423157,1403
93.84241334255785,20784954,4.329594135284424,-0.15453001856803894,1257
93.8924133433029,20784955,4.328583240509033,0.15449829399585724,1314
93.94241334404796,20784956,4.330121994018555,-0.15455566346645355,1224
93.99241334479302,20784957,4.331933498382568,-1.220703097715159e-06,1345
94.04241334553808,20784958,4.333311080932617,-0.6166955232620239,1213
94.09241334628314,20784959,4.333488941192627,0.15467406809329987,1358
94.1424133470282,20784960,4.333300590515137,-1.0716552734375,1220
94.19241334777325,20784961,4.333105564117432,3.662109293145477e-06,1393
94.24241334851831,20784962,4.333053112030029,-1.800014615058899,1264
94.29241334926337,20784963,4.337780952453613,1.8019763231277466,1346
94.34241335000843,20784964,4.3397088050842285,-0.9224767684936523,1255
94.39241335075349,20784965,4.34372091293335,1.371743083000183,1354
94.44241335149854,20784966,4.347231388092041,-1.9458898305892944,1233
94.4924133522436,20784967,4.343132972717285,1.80419921875,1387
94.54241335298866,20784968,4.347397327423096,-1.9459776878356934,1243
94.59241335373372,20784969,4.34168004989624,1.9434179067611694,1375
94.64241335447878,20784970,4.342972278594971,-0.15500976145267487,1231
94.69241335522383,20784971,4.338692665100098,1.8023523092269897,1329
94.74241335596889,20784972,4.338505268096924,-0.3095043897628784,1293
94.79241335671395,20784973,4.334698677062988,1.9402880668640137,1360
94.84241335745901,20784974,4.3345746994018555,-0.3092285096645355,1209
94.89241335820407,20784975,4.33368444442749,0.15468382835388184,1349
94.94241335894912,20784976,4.3329949378967285,-1.7999815940856934,1275
94.99241335969418,20784977,4.33352518081665,4.882812390860636e-06,1306
95.04241336043924,20784978,4.3319854736328125,-1.9390734434127808,1265
95.0924133611843,20784979,4.333597183227539,0.7694470286369324,1317
95.14241336192936,20784980,4.331173419952393,-1.9387035369873047,1224
95.19241336267442,20784981,4.333565711975098,0.46323972940444946,1380
95.24241336341947,20784982,4.330359935760498,-1.9383398294448853,1241
95.29241336416453,20784983,4.332934379577637,2.441406195430318e-06,1323
95.34241336490959,20784984,4.330535888671875,-1.9384301900863647,1272
95.39241336565465,20784985,4.333127021789551,0.1546618640422821,1307
95.4424133663997,20784986,4.331106662750244,-1.9386816024780273,1276
95.49241336714476,20784987,4.332968711853027,2.441406195430318e-06,1320
95.54241336788982,20784988,4.331716537475586,-1.9389513731002808,1226
95.59241336863488,20784989,4.332888126373291,0.4631665050983429,1343
95.64241336937994,20784990,4.3323588371276855,-1.7997326850891113,1242
95.692413370125,20784991,4.333032131195068,2.441406195430318e-06,1268
95.74241337087005,20784992,4.33311653137207,-1.8000390529632568,1227
95.79241337161511,20784993,4.333414077758789,1.9397106170654297,1311
95.84241337236017,20784994,4.333594799041748,-0.46324217319488525,1218
95.89241337310523,20784995,4.333454132080078,0.3090917766094208,1291
95.94241337385029,20784996,4.333596229553223,-0.15468017756938934,1234
95.99241337459534,20784997,4.333515644073486,1.9397509098052979,1291
96.0424133753404,20784998,4.333586692810059,-0.15467406809329987,1254
96.09241337608546,20784999,4.333523273468018,1.93975830078125,1284
96.14241337683052,20785000,4.3335700035095215,-1.6583874225616455,1250
96.19241337757558,20785001,4.333537578582764,1.9397618770599365,1316
96.24241337832063,20785002,4.333555698394775,-1.658384919166565,1241
96.29241337906569,20785003,4.333528518676758,1.9397655725479126,1281
96.34241337981075,20785004,4.333542823791504,-1.9397631883621216,1230
96.39241338055581,20785005,4.3335185050964355,1.93975830078125,1294
96.44241338130087,20785006,4.3335347175598145,-1.939764380455017,1201
96.49241338204592,20785007,4.333530426025391,1.939760684967041,1238
96.54241338279098,20785008,4.3335371017456055,-1.939760684967041,1214
96.59241338353604,20785009,4.333529472351074,1.9397680759429932,1224
96.6424133842811,20785010,4.333532810211182,-1.8002123832702637,1219
96.69241338502616,20785011,4.3335347175598145,1.6583703756332397,1304
96.74241338577121,20785012,4.333532333374023,-1.9397594928741455,1213
96.79241338651627,20785013,4.3335371017456055,1.6583715677261353,1304
96.84241338726133,20785014,4.333507061004639,-1.8002086877822876,1189
96.89241338800639,20785015,4.333523750305176,1.9397594928741455,1273
96.94241338875145,20785016,4.333506107330322,-1.8002063035964966,1233
96.9924133894965,20785017,4.333533763885498,1.3685253858566284,1228
97.04241339024156,20785018,4.333510398864746,-1.6583666801452637,1232
97.09241339098662,20785019,4.333524703979492,1.2208983898162842,1256
97.14241339173168,20785020,4.3335137367248535,-1.9397521018981934,1234
97.19241339247674,20785021,4.333513259887695,1.9397509098052979,1243
97.2424133932218,20785022,4.3335137367248535,-1.800203800201416,1295
97.29241339396685,20785023,4.3335041999816895,1.800201416015625,1222
97.34241339471191,20785024,4.333509922027588,-1.2208960056304932,1195
97.39241339545697,20785025,4.333495616912842,1.9397509098052979,1239
97.44241339620203,20785026,4.333506107330322,-1.3685193061828613,1235
97.49241339694709,20785027,4.333496570587158,1.8002049922943115,1186
97.54241339769214,20785028,4.333489894866943,-1.8001989126205444,1240
97.5924133984372,20785029,4.333870887756348,1.939910888671875,1263
97.64241339918226,20785030,4.334278583526611,-1.940090298652649,1200
97.69241339992732,20785031,4.334702014923096,1.9402806758880615,1235
97.74241340067238,20785032,4.3350114822387695,-1.9404296875,1222
97.79241340141743,20785033,4.334895610809326,1.8007824420928955,1171
97.84241340216249,20785034,4.334527015686035,-1.80062735080719,1233
97.89241340290755,20785035,4.334113121032715,1.9400231838226318,1194
97.94241340365261,20785036,4.333726406097412,-1.5144872665405273,1248
97.99241340439767,20785037,4.333530902862549,0.6167224049568176,1222
98.04241340514272,20785038,4.333498001098633,-1.80020010471344,1227
98.09241340588778,20785039,4.333496570587158,0.4632311761379242,1212
98.14241340663284,20785040,4.333484172821045,-1.8001904487609863,1262
98.1924134073779,20785041,4.333489894866943,0.7694311141967773,1186
98.24241340812296,20785042,4.333481311798096,-1.8001867532730103,1222
98.29241340886801,20785043,4.3336358070373535,1.9398107528686523,1207
98.34241340961307,20785044,4.336404323577881,-1.8014037609100342,1201
98.39241341035813,20785045,4.339585304260254,1.3704394102096558,1191
98.44241341110319,20785046,4.341209411621094,-1.9431957006454468,1213
98.49241341184825,20785047,4.3429741859436035,1.80413818359375,1196
98.5424134125933,20785048,4.341427803039551,-1.943300724029541,1195
98.59241341333836,20785049,4.339198112487793,1.9423034191131592,1213
98.64241341408342,20785050,4.336846351623535,-1.8015929460525513,1215
98.69241341482848,20785051,4.334489822387695,1.9401928186416626,1166
98.74241341557354,20785052,4.333583354949951,-0.30915403366088867,1210
98.7924134163186,20785053,4.333583354949951,1.939788818359375,1225
98.84241341706365,20785054,4.33791446685791,-1.9417247772216797,1209
98.89241341780871,20785055,4.3429951667785645,1.944000244140625,1201
98.94241341855377,20785056,4.348552703857422,-1.8064526319503784,1224
98.99241341929883,20785057,4.352094650268555,1.9480737447738647,1119
99.04241342004389,20785058,4.350128650665283,-1.9471935033798218,1232
99.09241342078894,20785059,4.345828056335449,1.9452708959579468,1183
99.142413421534,20785060,4.340976238250732,-1.9430993795394897,1264
99.19241342227906,20785061,4.336188793182373,1.940956950187683,1179
99.24241342302412,20785062,4.333772659301758,-0.15467895567417145,1255
99.29241342376918,20785063,4.333572864532471,1.5144323110580444,1214
99.34241342451423,20785064,4.338417053222656,-1.5161181688308716,1246
99.39241342525929,20785065,4.342674732208252,1.804012417793274,1189
99.44241342600435,20785066,4.347744464874268,-1.806118130683899,1212
99.49241342674941,20785067,4.351899147033691,1.9479857683181763,1195
99.54241342749447,20785068,4.3506693840026855,-1.9474340677261353,1177
99.59241342823952,20785069,4.3465094566345215,1.9455736875534058,1203
99.64241342898458,20785070,4.341681003570557,-1.9434118270874023,1181
99.69241342972964,20785071,4.336860656738281,1.8015954494476318,1211
99.7424134304747,20785072,4.33385705947876,-0.15468505024909973,1264
99.79241343121976,20785073,4.333586692810059,1.6583935022354126,1210
99.84241343196481,20785074,4.336905479431152,-1.8016173839569092,1192
99.89241343270987,20785075,4.341552257537842,1.9433507919311523,1202
99.94241343345493,20785076,4.347112655639648,-1.805853247642517,1193
99.99241343419999,20785077,4.351559162139893,1.9478319883346558,1225
100.04241343494505,20785078,4.350985527038574,-1.947573184967041,1221
100.0924134356901,20785079,4.346986293792725,1.9457921981811523,1146
100.14241343643516,20785080,4.342154502868652,-1.9436254501342773,1231
100.19241343718022,20785081,4.337401866912842,1.5157690048217773,1183
100.24241343792528,20785082,4.333978652954102,-0.4632800221443176,1150
100.29241343867034,20785083,4.333418846130371,0.9211388826370239,1198
100.3424134394154,20785084,4.335366725921631,-1.515053629875183,1188
100.39241344016045,20785085,4.337335586547852,1.94146728515625,1205
100.44241344090551,20785086,4.339842796325684,-1.9425878524780273,1235
100.49241344165057,20785087,4.342808723449707,1.66192626953125,1184
100.54241344239563,20785088,4.3422393798828125,-1.9436596632003784,1235
100.59241344314069,20785089,4.340282440185547,1.942788004875183,1183
100.64241344388574,20785090,4.337855339050293,-1.9416967630386353,1230
100.6924134446308,20785091,4.335484504699707,1.2214477062225342,1207
100.74241344537586,20785092,4.33364725112915,-0.15467162430286407,1267
100.79241344612092,20785093,4.333309173583984,0.1546655297279358,1199
100.84241344686598,20785094,4.333284378051758,-0.15466918051242828,1207
100.89241344761103,20785095,4.33329963684082,0.0,1207
100.94241344835609,20785096,4.333299160003662,-0.1546667516231537,1227
100.99241344910115,20785097,4.333291053771973,1.220703097715159e-06,1218
101.04241344984621,20785098,4.333278656005859,-0.4632043242454529,1224
101.09241345059127,20785099,4.333278656005859,-1.220703097715159e-06,1183
101.14241345133632,20785100,4.333275318145752,-0.4632043242454529,1226
101.19241345208138,20785101,4.33328104019165,7.324218586290954e-06,1242
101.24241345282644,20785102,4.333278179168701,-0.1546606421470642,1213
101.2924134535715,20785103,4.333283424377441,2.441406195430318e-06,1216
101.34241345431656,20785104,4.333289623260498,-1.2208287715911865,1216
101.39241345506161,20785105,4.3332905769348145,0.1546643078327179,1224
101.44241345580667,20785106,4.3332929611206055,-1.0716527700424194,1251
101.49241345655173,20785107,4.333296775817871,0.61669921875,1233
101.54241345729679,20785108,4.333289623260498,-0.3091369569301605,1225
101.59241345804185,20785109,4.333298206329346,1.220703097715159e-06,1247
101.6424134587869,20785110,4.33329439163208,-1.3684569597244263,1213
101.69241345953196,20785111,4.333292007446289,0.3091394007205963,1213
101.74241346027702,20785112,4.333278656005859,-0.6166918873786926,1269
101.79241346102208,20785113,4.333288669586182,1.220703097715159e-06,1227
101.84241346176714,20785114,4.333285331726074,-1.2208287715911865,1256
101.8924134625122,20785115,4.33328914642334,0.30913329124450684,1241
101.94241346325725,20785116,4.333280086517334,-0.7693920731544495,1254
101.99241346400231,20785117,4.333278179168701,0.15466918051242828,1251
102.04241346474737,20785118,4.333292484283447,-1.8001147508621216,1312
102.09241346549243,20785119,4.333293437957764,2.441406195430318e-06,1245
102.14241346623749,20785120,4.333280563354492,-0.7693945169448853,1272
102.19241346698254,20785121,4.33328104019165,0.6166894435882568,1232
102.2424134677276,20785122,4.33327054977417,-0.769390881061554,1242
102.29241346847266,20785123,4.3332648277282715,0.6166943311691284,1242
102.34241346921772,20785124,4.333272457122803,-1.0716454982757568,1271
102.39241346996278,20785125,4.33325719833374,1.8001049757003784,1240
102.44241347070783,20785126,4.333259582519531,-0.7693859934806824,1247
102.49241347145289,20785127,4.333215713500977,1.800085425376892,1268
102.54241347219795,20785128,4.333209991455078,-0.1546630859375,1282
102.59241347294301,20785129,4.333028316497803,1.071588158607483,1277
102.64241347368807,20785130,4.332934856414795,-0.3091101050376892,1228
102.69241347443312,20785131,4.332778453826904,0.9210021495819092,1269
102.74241347517818,20785132,4.332730770111084,-0.46315306425094604,1233
102.79241347592324,20785133,4.332727909088135,1.3682702779769897,1282
102.8424134766683,20785134,4.332892417907715,-0.15465208888053894,1250
102.89241347741336,20785135,4.332980632781982,1.51422119140625,1234
102.94241347815841,20785136,4.333166122436523,-0.1546606421470642,1230
102.99241347890347,20785137,4.3331732749938965,1.6582348346710205,1256
103.04241347964853,20785138,4.333259105682373,-0.15467040240764618,1298
103.09241348039359,20785139,4.333193778991699,1.6582409143447876,1282
103.14241348113865,20785140,4.333279609680176,-0.7693884372711182,1270
103.1924134818837,20785141,4.33320951461792,1.6582458019256592,1336
103.24241348262876,20785142,4.333260536193848,-0.7693896293640137,1259
103.29241348337382,20785143,4.333212375640869,0.9210949540138245,1307
103.34241348411888,20785144,4.3332672119140625,-0.30913451313972473,1321
103.39241348486394,20785145,4.333209037780762,1.800079345703125,1300
103.442413485609,20785146,4.333244323730469,-0.1546679586172104,1304
103.49241348635405,20785147,4.333198070526123,1.800085425376892,1300
103.54241348709911,20785148,4.333247661590576,-0.6166906356811523,1344
103.59241348784417,20785149,4.3332014083862305,1.5143041610717773,1279
103.64241348858923,20785150,4.333232879638672,-0.30913206934928894,1295
103.69241348933429,20785151,4.3331990242004395,1.6582543849945068,1316
103.74241349007934,20785152,4.333224773406982,-0.15465697646141052,1302
103.7924134908244,20785153,4.333213806152344,1.8000805377960205,1268
103.84241349156946,20785154,4.333231449127197,-0.4632055461406708,1304
103.89241349231452,20785155,4.333169937133789,1.9396032094955444,1285
103.94241349305958,20785156,4.333230972290039,-0.4632006585597992,1302
103.99241349380463,20785157,4.333132266998291,1.9395885467529297,1368
104.04241349454969,20785158,4.333220481872559,-0.1546655297279358,1311
104.09241349529475,20785159,4.333092212677002,1.8000329732894897,1339
104.14241349603981,20785160,4.3331756591796875,-0.1546594202518463,1281
104.19241349678487,20785161,4.3330841064453125,1.800024390220642,1343
104.24241349752992,20785162,4.3331618309021,-0.1546655297279358,1285
104.29241349827498,20785163,4.333085060119629,0.7693493366241455,1306
104.34241349902004,20785164,4.333086013793945,-0.3091186583042145,1279
104.3924134997651,20785165,4.332998275756836,1.3683642148971558,1300
104.44241350051016,20785166,4.338974475860596,-0.4637487828731537,1281
104.49241350125521,20785167,4.333346366882324,1.939675211906433,1335
104.54241350200027,20785168,4.341409683227539,-1.8034826517105103,1330
104.59241350274533,20785169,4.345668792724609,1.220703097715159e-06,1328
104.64241350349039,20785170,4.332145690917969,-1.9391393661499023,1352
104.69241350423545,20785171,4.331615924835205,2.441406195430318e-06,1333
104.7424135049805,20785172,4.321049213409424,-1.217382788658142,1359
104.79241350572556,20785173,4.319221496582031,0.15416380763053894,1323
104.84241350647062,20785174,4.318551540374756,-1.6526427268981934,1319
104.89241350721568,20785175,4.326071739196777,0.15440917015075684,1361
104.94241350796074,20785176,4.330749034881592,-0.9205700755119324,1336
104.9924135087058,20785177,4.332489490509033,1.9392931461334229,1326
105.04241350945085,20785178,4.333195209503174,-0.1546618640422821,1280
105.09241351019591,20785179,4.332761287689209,1.7998888492584229,1397
105.14241351094097,20785180,4.358071327209473,-0.31089842319488525,1315
105.19241351168603,20785181,4.331191539764404,0.7690234184265137,1337
105.24241351243109,20785182,4.339167594909668,-1.9422826766967773,1335
105.29241351317614,20785183,4.321822643280029,1.2176012992858887,1423
105.3424135139212,20785184,4.325501441955566,-1.9361670017242432,1310
105.39241351466626,20785185,4.326440334320068,1.6556578874588013,1333
105.44241351541132,20785186,4.326528549194336,-1.5119664669036865,1358
105.49241351615638,20785187,4.340487957000732,3.662109293145477e-06,1361
105.54241351690143,20785188,4.317079067230225,-1.7933801412582397,1338
105.59241351764649,20785189,4.321757793426514,0.0,1352
105.64241351839155,20785190,4.3120503425598145,-1.2148425579071045,1358
105.69241351913661,20785191,4.322548866271973,2.441406195430318e-06,1388
105.74241351988167,20785192,4.326112747192383,-1.9364501237869263,1315
105.79241352062672,20785193,4.331757545471191,1.7994823455810547,1385
105.84241352137178,20785194,4.333131790161133,-0.1546618640422821,1340
105.89241352211684,20785195,4.332691669464111,1.0715075731277466,1367
105.9424135228619,20785196,4.333171367645264,-0.1546643078327179,1355
105.99241352360696,20785197,4.332674980163574,1.6580395698547363,1387
106.04241352435201,20785198,4.333161354064941,-0.15465697646141052,1342
106.09241352509707,20785199,4.332842826843262,1.799935221672058,1375
106.14241352584213,20785200,4.333258152008057,-0.9211047291755676,1370
106.19241352658719,20785201,4.332971096038818,1.939520239830017,1363
106.24241352733225,20785202,4.333198547363281,-0.30912595987319946,1300
106.2924135280773,20785203,4.333103179931641,1.8000280857086182,1383
106.34241352882236,20785204,4.333180904388428,-0.1546667516231537,1323
106.39241352956742,20785205,4.333132743835449,1.3684070110321045,1359
106.44241353031248,20785206,4.333187580108643,-0.4632006585597992,1368
106.49241353105754,20785207,4.333174705505371,1.5142797231674194,1343
106.5424135318026,20785208,4.333167552947998,-0.4631945788860321,1352
106.59241353254765,20785209,4.333138465881348,0.6166747808456421,1371
106.64241353329271,20785210,4.334040641784668,-0.30918699502944946,1348
106.69241353403777,20785211,4.3331756591796875,1.5142822265625,1372
106.74241353478283,20785212,4.337724685668945,-0.15482543408870697,1345
106.79241353552788,20785213,4.334408760070801,1.6587035655975342,1355
106.84241353627294,20785214,4.3415021896362305,-0.9228527545928955,1321
106.892413537018,20785215,4.336885929107666,1.941262125968933,1346
106.94241353776306,20785216,4.338858127593994,-0.15486815571784973,1359
106.99241353850812,20785217,4.334636688232422,1.8006834983825684,1372
107.04241353925318,20785218,4.335155010223389,-0.15473265945911407,1379
107.09241353999823,20785219,4.333713054656982,1.9398510456085205,1364
107.14241354074329,20785220,4.333145618438721,-1.9395983219146729,1308
107.19241354148835,20785221,4.333193302154541,0.0,1354
107.24241354223341,20785222,4.333073616027832,-1.800020694732666,1339
107.29241354297847,20785223,4.333217144012451,0.616680920124054,1371
107.34241354372352,20785224,4.315536975860596,-0.4613073766231537,1342
107.39241354446858,20785225,4.323150634765625,1.93511962890625,1377
107.44241354521364,20785226,4.337279319763184,-1.941439151763916,1328
107.4924135459587,20785227,4.356515884399414,1.8097704648971558,1381
107.54241354670376,20785228,4.386293411254883,-1.963381290435791,1359
107.59241354744881,20785229,4.401400089263916,1.684334635734558,1324
107.64241354819387,20785230,4.374390125274658,-1.528692603111267,1385
107.69241354893893,20785231,4.365273952484131,1.8134044408798218,1340
107.74241354968399,20785232,4.345437049865723,-1.9450902938842773,1332
107.79241355042905,20785233,4.340997219085693,1.943111538887024,1362
107.8424135511741,20785234,4.366288661956787,-1.9544310569763184,1338
107.89241355191916,20785235,4.378706932067871,1.8189891576766968,1356
107.94241355266422,20785236,4.376945495605469,-1.959197998046875,1343
107.99241355340928,20785237,4.369231700897217,1.6720397472381592,1376
108.04241355415434,20785238,4.368821144104004,-0.4670080542564392,1326
108.0924135548994,20785239,4.351787090301514,1.9479418992996216,1419
108.14241355564445,20785240,4.3730549812316895,-1.9574511051177979,1338
108.19241355638951,20785241,4.360913276672363,1.9520007371902466,1414
108.24241355713457,20785242,4.355830192565918,-1.94973623752594,1381
108.29241355787963,20785243,4.345623016357422,0.31001585721969604,1398
108.34241355862468,20785244,4.32130241394043,-1.7951208353042603,1349
108.39241355936974,20785245,4.314785003662109,-1.220703097715159e-06,1357
108.4424135601148,20785246,4.311886787414551,-0.6136462092399597,1357
108.49241356085986,20785247,4.316504001617432,-3.662109293145477e-06,1375
108.54241356160492,20785248,4.320638656616211,-1.9339953660964966,1356
108.59241356234998,20785249,4.329560279846191,4.882812390860636e-06,1409
108.64241356309503,20785250,4.3322834968566895,-0.4631005823612213,1363
108.69241356384009,20785251,4.336150169372559,1.9409459829330444,1427
108.74241356458515,20785252,4.350348949432373,-1.373836636543274,1319
108.79241356533021,20785253,4.3578667640686035,1.8103283643722534,1425
108.84241356607527,20785254,4.368183135986328,-1.8146129846572876,1364
108.89241356682032,20785255,4.365793704986572,1.9542028903961182,1438
108.94241356756538,20785256,4.358563423156738,-1.8106151819229126,1353
108.99241356831044,20785257,4.34859561920166,1.8064647912979126,1446
109.0424135690555,20785258,4.33873987197876,-1.9420874118804932,1358
109.09241356980056,20785259,4.334003925323486,-1.220703097715159e-06,1434
109.14241357054561,20785260,4.333267688751221,-0.3091357350349426,1381
109.19241357129067,20785261,4.333159446716309,0.3091198801994324,1357
109.24241357203573,20785262,4.333122253417969,-0.1546594202518463,1375
109.29241357278079,20785263,4.333076000213623,-3.662109293145477e-06,1426
109.34241357352585,20785264,4.332944393157959,-0.3091113269329071,1394
109.3924135742709,20785265,4.332907199859619,0.15465697646141052,1407
109.44241357501596,20785266,4.332846164703369,-0.30910399556159973,1378
109.49241357576102,20785267,4.332836151123047,0.30909788608551025,1414
109.54241357650608,20785268,4.3328142166137695,-0.4631603956222534,1351
109.59241357725114,20785269,4.3328094482421875,0.15465208888053894,1394
109.6424135779962,20785270,4.332832336425781,-0.6166284084320068,1358
109.69241357874125,20785271,4.332861423492432,1.0715441703796387,1362
109.74241357948631,20785272,4.3328423500061035,-0.6166296005249023,1363
109.79241358023137,20785273,4.332822322845459,-2.441406195430318e-06,1433
109.84241358097643,20785274,4.332846164703369,-0.3091052174568176,1367
109.89241358172148,20785275,4.332853317260742,0.4631628394126892,1435
109.94241358246654,20785276,4.332862377166748,-0.6166344881057739,1398
109.9924135832116,20785277,4.332856178283691,0.3091076612472534,1398
110.04241358395666,20785278,4.3328728675842285,-0.4631616175174713,1405
110.09241358470172,20785279,4.332871437072754,0.6166296005249023,1432
110.14241358544677,20785280,4.332867622375488,-0.7693151831626892,1378
110.19241358619183,20785281,4.332862854003906,0.4631628394126892,1431
110.24241358693689,20785282,4.332852840423584,-0.6166369318962097,1353
110.29241358768195,20785283,4.332870960235596,3.662109293145477e-06,1389
110.34241358842701,20785284,4.3328633308410645,-0.4631640613079071,1389
110.39241358917207,20785285,4.332880973815918,2.441406195430318e-06,1367
110.44241358991712,20785286,4.332846164703369,-0.3091076612472534,1403
110.49241359066218,20785287,4.332839012145996,0.15465088188648224,1369
110.54241359140724,20785288,4.332834720611572,-0.4631689488887787,1404
110.5924135921523,20785289,4.332852363586426,0.6166332960128784,1388
110.64241359289736,20785290,4.332819938659668,-0.7693163752555847,1408
110.69241359364241,20785291,4.332834243774414,0.463165283203125,1404
110.74241359438747,20785292,4.332834243774414,-0.4631640613079071,1350
110.79241359513253,20785293,4.3328094482421875,0.15465208888053894,1430
110.84241359587759,20785294,4.332784652709961,-0.6166296005249023,1375
110.89241359662265,20785295,4.332798480987549,1.3683178424835205,1460
110.9424135973677,20785296,4.332794189453125,-0.6166284084320068,1401
110.99241359811276,20785297,4.33278226852417,0.9210205078125,1415
111.04241359885782,20785298,4.332794666290283,-0.4631591737270355,1410
111.09241359960288,20785299,4.332780361175537,0.15465088188648224,1360
111.14241360034794,20785300,4.332797527313232,-0.30910277366638184,1422
111.192413601093,20785301,4.3328142166137695,0.4631603956222534,1386
111.24241360183805,20785302,4.332794189453125,-0.6166296005249023,1426
111.29241360258311,20785303,4.332774639129639,0.616625964641571,1431
111.34241360332817,20785304,4.3328142166137695,-0.4631603956222534,1383
111.39241360407323,20785305,4.332813739776611,1.071541666984558,1459
111.44241360481828,20785306,4.3328351974487305,-1.220703125,1398
111.49241360556334,20785307,4.332851409912109,1.0715404748916626,1446
111.5424136063084,20785308,4.332759380340576,-1.220699429512024,1398
111.59241360705346,20785309,4.3327555656433105,0.6166271567344666,1453
111.64241360779852,20785310,4.33275032043457,-0.769305408000946,1426
111.69241360854357,20785311,4.33276891708374,0.9210034012794495,1383
111.74241360928863,20785312,4.332760810852051,-0.15464599430561066,1410
111.79241361003369,20785313,4.332753658294678,-1.220703097715159e-06,1446
111.84241361077875,20785314,4.332756042480469,-0.4631603956222534,1439
111.8924136115238,20785315,4.332718372344971,0.3090881407260895,1419
111.94241361226887,20785316,4.33276891708374,-0.7693029642105103,1388
111.99241361301392,20785317,4.332777500152588,0.30909544229507446,1401
112.04241361375898,20785318,4.332757949829102,-0.30909788608551025,1404
112.09241361450404,20785319,4.332788944244385,0.769305408000946,1433
112.1424136152491,20785320,4.332773685455322,-1.071533203125,1371
112.19241361599416,20785321,4.33281135559082,1.071533203125,1433
112.24241361673921,20785322,4.3327412605285645,-0.15464843809604645,1391
112.29241361748427,20785323,4.332787990570068,0.769299328327179,1371
112.34241361822933,20785324,4.332738876342773,-0.30910155177116394,1399
112.39241361897439,20785325,4.33279275894165,3.662109293145477e-06,1413
112.44241361971945,20785326,4.332794189453125,-0.46315306425094604,1380
112.4924136204645,20785327,4.332755088806152,0.46315428614616394,1460
112.54241362120956,20785328,4.3327741622924805,-0.46315062046051025,1380
112.59241362195462,20785329,4.332715034484863,0.6166161894798279,1423
112.64241362269968,20785330,4.3327484130859375,-0.7692956328392029,1404
112.69241362344474,20785331,4.332738399505615,0.30909544229507446,1484
112.7424136241898,20785332,4.332756042480469,-1.2206872701644897,1435
112.79241362493485,20785333,4.332754611968994,0.46314939856529236,1491
112.84241362567991,20785334,4.332719326019287,-0.30909666419029236,1434
112.89241362642497,20785335,4.332755088806152,0.46315428614616394,1409
112.94241362717003,20785336,4.332760810852051,-0.15464721620082855,1418
112.99241362791508,20785337,4.332721710205078,0.15464721620082855,1456
113.04241362866014,20785338,4.332738399505615,-0.30909422039985657,1412
113.0924136294052,20785339,4.332714557647705,-1.220703097715159e-06,1405
113.14241363015026,20785340,4.332748889923096,-0.7692968845367432,1403
113.19241363089532,20785341,4.332718849182129,0.30909299850463867,1444
113.24241363164037,20785342,4.332767486572266,-0.7692931890487671,1406
113.29241363238543,20785343,4.332714080810547,1.0715209245681763,1475
113.34241363313049,20785344,4.332735538482666,-0.46315184235572815,1443
113.39241363387555,20785345,4.332734107971191,0.6166161894798279,1481
113.4424136346206,20785346,4.332747936248779,-0.7692907452583313,1451
113.49241363536566,20785347,4.332715034484863,0.6166149973869324,1437
113.54241363611072,20785348,4.332679271697998,-1.2206823825836182,1427
113.59241363685578,20785349,4.332699775695801,0.30909299850463867,1441
113.64241363760084,20785350,4.332699775695801,-0.30909788608551025,1420
113.6924136383459,20785351,4.332732677459717,1.0715209245681763,1433
113.74241363909096,20785352,4.3326802253723145,-0.30909788608551025,1431
113.79241363983601,20785353,4.332699775695801,0.30910155177116394,1478
113.84241364058107,20785354,4.332696437835693,-0.46315062046051025,1453
113.89241364132613,20785355,4.332676887512207,0.46315062046051025,1421
113.94241364207119,20785356,4.332727909088135,-0.920989990234375,1428
113.99241364281625,20785357,4.332714557647705,0.6166137456893921,1468
114.0424136435613,20785358,4.3326826095581055,-0.15464599430561066,1425
114.09241364430636,20785359,4.332695007324219,2.441406195430318e-06,1426
114.14241364505142,20785360,4.3326826095581055,-0.15464355051517487,1411
114.19241364579648,20785361,4.332729339599609,0.7692968845367432,1479
114.24241364654154,20785362,4.332714080810547,-0.6166088581085205,1408
114.2924136472866,20785363,4.332675457000732,-1.220703097715159e-06,1456
114.34241364803165,20785364,4.3326520919799805,-0.7692907452583313,1409
114.39241364877671,20785365,4.33267068862915,0.7692907452583313,1464
114.44241364952177,20785366,4.332693099975586,-1.0715124607086182,1441
114.49241365026683,20785367,4.331737995147705,-4.882812390860636e-06,1418
114.54241365101188,20785368,4.329770565032959,-0.1545385718345642,1411
114.59241365175694,20785369,4.327851295471191,1.220703097715159e-06,1446
114.642413652502,20785370,4.325940132141113,-0.15440185368061066,1367
114.69241365324706,20785371,4.325392723083496,0.154388427734375,1443
114.74241365399212,20785372,4.327001094818115,-0.3086840808391571,1429
114.79241365473717,20785373,4.329062461853027,0.46275755763053894,1464
114.84241365548223,20785374,4.331214427947998,-0.61639404296875,1491
114.89241365622729,20785375,4.332348823547363,0.92091304063797,1455
114.94241365697235,20785376,4.33253288269043,-1.9393212795257568,1427
114.9924136577174,20785377,4.332448482513428,0.15464110672473907,1444
115.04241365846246,20785378,4.328597545623779,-0.15449585020542145,1439
115.09241365920752,20785379,4.324746131896973,-1.220703097715159e-06,1476
115.14241365995258,20785380,4.320838928222656,-0.15421997010707855,1435
115.19241366069764,20785381,4.317714691162109,1.220703097715159e-06,1435
115.2424136614427,20785382,4.3195881843566895,-0.1541772484779358,1428
115.29241366218776,20785383,4.323495864868164,3.662109293145477e-06,1484
115.34241366293281,20785384,4.327861309051514,-0.6159265041351318,1472
115.39241366367787,20785385,4.3314690589904785,0.9207238554954529,1458
115.44241366442293,20785386,4.332273006439209,-1.51397705078125,1479
115.49241366516799,20785387,4.332414627075195,1.9392528533935547,1480
115.54241366591305,20785388,4.3301615715026855,-0.15455444157123566,1459
115.5924136666581,20785389,4.326330661773682,0.1544177234172821,1487
115.64241366740316,20785390,4.322441577911377,-0.15428222715854645,1493
115.69241366814822,20785391,4.31863260269165,0.0,1494
115.74241366889328,20785392,4.318424701690674,-0.3080761730670929,1472
115.79241366963834,20785393,4.321679592132568,-2.441406195430318e-06,1457
115.8424136703834,20785394,4.325963497161865,-0.30861327052116394,1442
115.89241367112845,20785395,4.330338954925537,0.4628954827785492,1461
115.94241367187351,20785396,4.332088947296143,-1.513922095298767,1430
115.99241367261857,20785397,4.332319736480713,1.939235806465149,1477
116.04241367336363,20785398,4.33198881149292,-0.4630663990974426,1416
116.09241367410868,20785399,4.327968597412109,8.544921911379788e-06,1462
116.14241367485374,20785400,4.324122428894043,-0.15433959662914276,1373
116.1924136755988,20785401,4.320418834686279,0.4618322551250458,1419
116.24241367634386,20785402,4.31781005859375,-0.1541125476360321,1418
116.29241367708892,20785403,4.32011604309082,0.15419676899909973,1435
116.34241367783397,20785404,4.324220180511475,-0.30848386883735657,1468
116.39241367857903,20785405,4.328495979309082,-3.662109293145477e-06,1514
116.44241367932409,20785406,4.331695079803467,-1.93893301486969,1416
116.49241368006915,20785407,4.332291603088379,1.939211368560791,1471
116.5424136808142,20785408,4.332436561584473,-1.9392626285552979,1417
116.59241368155926,20785409,4.329853534698486,0.6162047982215881,1460
116.64241368230432,20785410,4.325803279876709,-0.15440185368061066,1452
116.69241368304938,20785411,4.321952819824219,3.662109293145477e-06,1486
116.74241368379444,20785412,4.318258285522461,-0.4616039991378784,1444
116.7924136845395,20785413,4.3187479972839355,0.1541491597890854,1507
116.84241368528455,20785414,4.322360515594482,-0.3083544969558716,1423
116.89241368602961,20785415,4.326627254486084,0.46250486373901367,1481
116.94241368677467,20785416,4.330811500549316,-0.4629541039466858,1410
116.99241368751973,20785417,4.3321404457092285,1.93914794921875,1482
117.04241368826479,20785418,4.332446575164795,-1.7997509241104126,1435
117.09241368900985,20785419,4.331367015838623,1.220703097715159e-06,1499
117.1424136897549,20785420,4.327503204345703,-0.15445555746555328,1427
117.19241369049996,20785421,4.323652267456055,1.220703097715159e-06,1505
117.24241369124502,20785422,4.319803237915039,-0.15419067442417145,1415
117.29241369199008,20785423,4.317887783050537,0.1541162133216858,1472
117.34241369273514,20785424,4.320674419403076,-0.4618615508079529,1455
117.3924136934802,20785425,4.324746131896973,-3.662109293145477e-06,1469
117.44241369422525,20785426,4.329064846038818,-0.6160986423492432,1439
117.49241369497031,20785427,4.331873416900635,1.799526333808899,1516
117.54241369571537,20785428,4.332344055175781,-1.6579296588897705,1439
117.59241369646043,20785429,4.332449436187744,1.9392907619476318,1467
117.64241369720548,20785430,4.329291820526123,-0.3088464140892029,1467
117.69241369795054,20785431,4.325390338897705,0.0,1481
117.7424136986956,20785432,4.32156229019165,-0.15424682199954987,1427
117.79241369944066,20785433,4.318042278289795,0.4615844488143921,1487
117.84241370018572,20785434,4.319119453430176,-0.15415893495082855,1431
117.89241370093077,20785435,4.32275390625,0.1542932093143463,1494
117.94241370167583,20785436,4.327138423919678,-0.30869626998901367,1440
117.99241370242089,20785437,4.331165790557861,1.2202330827713013,1473
118.04241370316595,20785438,4.332240104675293,-1.7996826171875,1461
118.092413703911,20785439,4.332442760467529,1.939276099205017,1491
118.14241370465606,20785440,4.331079483032227,-0.15458740293979645,1437
118.19241370540112,20785441,4.3272881507873535,0.1544543355703354,1460
118.24241370614618,20785442,4.323418617248535,-0.15431639552116394,1447
118.29241370689124,20785443,4.319568634033203,0.1541796773672104,1460
118.3424137076363,20785444,4.318179130554199,-0.46159178018569946,1403
118.39241370838135,20785445,4.320878028869629,0.15422119200229645,1498
118.44241370912641,20785446,4.325021743774414,-0.15437622368335724,1464
118.49241370987147,20785447,4.329370498657227,0.30885618925094604,1448
118.54241371061653,20785448,4.331958293914795,-1.939052700996399,1457
118.59241371136159,20785449,4.332396984100342,1.7997606992721558,1531
118.64241371210665,20785450,4.3325090408325195,-1.514077067375183,1416
118.6924137128517,20785451,4.329140663146973,3.662109293145477e-06,1507
118.74241371359676,20785452,4.325415134429932,-0.3085717558860779,1477
118.79241371434182,20785453,4.321656703948975,0.46196654438972473,1497
118.84241371508688,20785454,4.318140029907227,-0.46158933639526367,1425
118.89241371583194,20785455,4.319178104400635,0.15416502952575684,1477
118.942413716577,20785456,4.322869777679443,-0.30839231610298157,1498
118.99241371732205,20785457,4.327250957489014,0.7683190703392029,1476
119.04241371806711,20785458,4.331214427947998,-0.6163976788520813,1474
119.09241371881217,20785459,4.332291126251221,1.9392101764678955,1474
119.14241371955723,20785460,4.33250617980957,-1.939300537109375,1468
119.19241372030228,20785461,4.33127498626709,0.15459349751472473,1495
119.24241372104734,20785462,4.327425479888916,-0.15445555746555328,1439
119.2924137217924,20785463,4.323593616485596,-1.220703097715159e-06,1479
119.34241372253746,20785464,4.3198347091674805,-0.30817747116088867,1444
119.39241372328252,20785465,4.318046569824219,1.220703097715159e-06,1445
119.44241372402757,20785466,4.320702075958252,-0.15421508252620697,1443
119.49241372477263,20785467,4.3248066902160645,0.15436889231204987,1481
119.54241372551769,20785468,4.3291449546813965,-0.15452025830745697,1411
119.59241372626275,20785469,4.332053184509277,0.7691662311553955,1462
119.6424137270078,20785470,4.332438945770264,-1.799776554107666,1432
119.69241372775286,20785471,4.332581996917725,1.7998205423355103,1466
119.74241372849792,20785472,4.329575061798096,-0.15453368425369263,1465
119.79241372924298,20785473,4.325803279876709,0.15440063178539276,1459
119.84241372998804,20785474,4.322011470794678,-0.15426024794578552,1454
119.8924137307331,20785475,4.318317890167236,0.15412963926792145,1462
119.94241373147815,20785476,4.319005489349365,-0.46169188618659973,1396
119.99241373222321,20785477,4.322441101074219,4.882812390860636e-06,1488
120.04241373296827,20785478,4.3266096115112305,-0.3086608946323395,1459
120.09241373371333,20785479,4.33083963394165,2.441406195430318e-06,1516
120.14241373445839,20785480,4.33223819732666,-1.939208984375,1473
120.19241373520344,20785481,4.332571029663086,1.9393285512924194,1482
120.2424137359485,20785482,4.331935882568359,-0.30903929471969604,1497
120.29241373669356,20785483,4.328144550323486,-2.441406195430318e-06,1465
120.34241373743862,20785484,4.324465751647949,-0.46226927638053894,1459
120.39241373818368,20785485,4.320584774017334,0.15421263873577118,1431
120.44241373892874,20785486,4.31792688369751,-0.1541174352169037,1444
120.4924137396738,20785487,4.320155143737793,0.1542016565799713,1409
120.54241374041885,20785488,4.324150085449219,-0.6153894066810608,1425
120.59241374116391,20785489,4.328222751617432,1.220703097715159e-06,1476
120.64241374190897,20785490,4.331703186035156,-1.2204101085662842,1459
120.69241374265403,20785491,4.332451820373535,1.939296841621399,1462
120.74241374339908,20785492,4.332618236541748,-1.9393566846847534,1448
120.79241374414414,20785493,4.330630302429199,0.1545751988887787,1487
120.8424137448892,20785494,4.3268585205078125,-0.15443846583366394,1417
120.89241374563426,20785495,4.323046684265137,1.220703097715159e-06,1437
120.94241374637932,20785496,4.319314479827881,-0.15416991710662842,1492
120.99241374712437,20785497,4.318546295166016,0.6145946979522705,1455
121.04241374786943,20785498,4.321385860443115,-0.1542395055294037,1470
121.09241374861449,20785499,4.3254547119140625,0.30857786536216736,1422
121.14241374935955,20785500,4.329715728759766,-0.6161901950836182,1480
121.1924137501046,20785501,4.332125663757324,1.9391528367996216,1381
121.24241375084966,20785502,4.332540035247803,-1.939337134361267,1431
121.29241375159472,20785503,4.332672119140625,1.7998669147491455,1461
121.34241375233978,20785504,4.329676628112793,-0.6161877512931824,1457
121.39241375308484,20785505,4.3257246017456055,0.15439818799495697,1495
121.4424137538299,20785506,4.322031021118164,-0.1542626917362213,1425
121.49241375457495,20785507,4.318395614624023,0.15413695573806763,1450
121.54241375532001,20785508,4.319032669067383,-0.30812621116638184,1447
121.59241375606507,20785509,4.322558879852295,0.15428100526332855,1459
121.64241375681013,20785510,4.326779842376709,-0.15442870557308197,1454
121.69241375755519,20785511,4.330898284912109,7.324218586290954e-06,1474
121.74241375830024,20785512,4.332345962524414,-1.9392553567886353,1395
121.7924137590453,20785513,4.332698345184326,1.6580541133880615,1466
121.84241375979036,20785514,4.332330703735352,-0.1546289026737213,1437
121.89241376053542,20785515,4.3287858963012695,0.46271848678588867,1396
121.94241376128048,20785516,4.324965000152588,-0.3085388243198395,1474
121.99241376202554,20785517,4.32105016708374,0.3082824647426605,1447
122.0424137627706,20785518,4.318063735961914,-0.15412108600139618,1481
122.09241376351565,20785519,4.319765567779541,1.220703097715159e-06,1456
122.14241376426071,20785520,4.323554992675781,-0.3084399402141571,1425
122.19241376500577,20785521,4.327589511871338,0.3087414503097534,1484
122.24241376575083,20785522,4.331446647644043,-1.7993969917297363,1440
122.29241376649588,20785523,4.3325700759887695,1.9393261671066284,1447
122.34241376724094,20785524,4.332742691040039,-1.6580761671066284,1448
122.392413767986,20785525,4.330741882324219,0.0,1440
122.44241376873106,20785526,4.324669361114502,-0.1543554663658142,1455
122.49241376947612,20785527,4.318281173706055,2.441406195430318e-06,1463
122.54241377022117,20785528,4.312200546264648,-0.15391112864017487,1445
122.59241377096623,20785529,4.308320045471191,2.441406195430318e-06,1447
122.64241377171129,20785530,4.312041282653809,-0.3076220750808716,1420
122.69241377245635,20785531,4.318376064300537,0.15413086116313934,1482
122.7424137732014,20785532,4.325512886047363,-0.30857419967651367,1462
122.79241377394646,20785533,4.330955982208252,1.7991576194763184,1403
122.84241377469152,20785534,4.332652568817139,-1.2206542491912842,1438
122.89241377543658,20785535,4.332271099090576,1.7997570037841797,1422
122.94241377618164,20785536,4.3328857421875,-1.939486026763916,1427
122.9924137769267,20785537,4.33256196975708,1.9393078088760376,1417
123.04241377767175,20785538,4.3329548835754395,-0.3091186583042145,1419
123.09241377841681,20785539,4.332610130310059,1.9393383264541626,1444
123.14241377916187,20785540,4.3328375816345215,-0.3091174364089966,1489
123.19241377990693,20785541,4.332487106323242,1.7998485565185547,1422
123.24241378065199,20785542,4.332799911499023,-0.15465331077575684,1439
123.29241378139704,20785543,4.332679748535156,1.9394152164459229,1462
123.3424137821421,20785544,4.332914352416992,-0.46318480372428894,1427
123.39241378288716,20785545,4.332813262939453,1.7999498844146729,1406
123.44241378363222,20785546,4.333151340484619,-0.15465819835662842,1422
123.49241378437728,20785547,4.3329362869262695,1.7999889850616455,1402
123.54241378512233,20785548,4.333268642425537,-0.15465575456619263,1397
123.5924137858674,20785549,4.333080768585205,1.7999950647354126,1381
123.64241378661245,20785550,4.333225727081299,-0.4631933569908142,1444
123.69241378735751,20785551,4.329555511474609,0.15452758967876434,1411
123.74241378810257,20785552,4.324299335479736,-0.3085009753704071,1431
123.79241378884763,20785553,4.31876802444458,0.15415282547473907,1452
123.84241378959268,20785554,4.313607215881348,-0.15395262837409973,1426
123.89241379033774,20785555,4.311953067779541,-1.220703097715159e-06,1446
123.9424137910828,20785556,4.316472053527832,-0.6142809987068176,1396
123.99241379182786,20785557,4.323281288146973,-9.765624781721272e-06,1365
124.04241379257292,20785558,4.329157829284668,-1.7984216213226318,1405
124.09241379331797,20785559,4.335390567779541,0.0,1411
124.14241379406303,20785560,4.335219383239746,-1.9405627250671387,1411
124.19241379480809,20785561,4.33574104309082,1.940792202949524,1428
124.24241379555315,20785562,4.33417272567749,-1.9400975704193115,1420
124.2924137962982,20785563,4.334101676940918,-2.441406195430318e-06,1432
124.34241379704326,20785564,4.3333821296691895,-1.8001220226287842,1432
124.39241379778832,20785565,4.332773208618164,0.6166161894798279,1397
124.44241379853338,20785566,4.331858158111572,-0.30904173851013184,1364
124.49241379927844,20785567,4.3308796882629395,0.7689452767372131,1400
124.5424138000235,20785568,4.33040714263916,-0.9204870462417603,1401
124.59241380076855,20785569,4.32908821105957,0.154571533203125,1409
124.64241380151361,20785570,4.3297038078308105,-0.30888670682907104,1421
124.69241380225867,20785571,4.331367015838623,-4.882812390860636e-06,1414
124.74241380300373,20785572,4.332167625427246,-1.5139379501342773,1463
124.79241380374879,20785573,4.335312366485596,-3.662109293145477e-06,1342
124.84241380449384,20785574,4.3346357345581055,-1.940273404121399,1472
124.8924138052389,20785575,4.335494518280029,1.9406310319900513,1412
124.94241380598396,20785576,4.334444046020508,-0.4633263945579529,1445
124.99241380672902,20785577,4.331037998199463,1.6573925018310547,1400
125.04241380747408,20785578,4.329047679901123,-0.15451659262180328,1422
125.09241380821913,20785579,4.327393531799316,0.7683642506599426,1408
125.14241380896419,20785580,4.328382968902588,-0.15448729693889618,1418
125.19241380970925,20785581,4.329442024230957,1.6568065881729126,1425
125.24241381045431,20785582,4.3314595222473145,-0.4630212187767029,1454
125.29241381119937,20785583,4.332404613494873,1.7997362613677979,1314
125.34241381194443,20785584,4.332956790924072,-0.15465819835662842,1390
125.39241381268948,20785585,4.33306884765625,0.769366443157196,1419
125.44241381343454,20785586,4.332992076873779,-0.769366443157196,1393
125.4924138141796,20785587,4.333079814910889,1.9396069049835205,1376
125.54241381492466,20785588,4.333016395568848,-1.6582250595092773,1422
125.59241381566972,20785589,4.333284854888916,0.6166784763336182,1358
125.64241381641477,20785590,4.3332672119140625,-1.3684240579605103,1338
125.69241381715983,20785591,4.333147048950195,0.7693725228309631,1370
