time_s,true_dist_m,radar_dist_m,lidar_dist_m,fused_dist_m,relative_vel_mps,ttc_s,safety_level
0.0024480819702148438,131.60869136874496,999.0,999.0,999.0,0.0,999.0,SAFE
0.012538671493530273,131.60869136874496,15.206235885620117,4.331724166870117,999.0,4105.431640625,999.0,SAFE
0.07430648803710938,131.60867699842788,15.206235885620117,4.331724166870117,999.0,4105.431640625,999.0,SAFE
0.09703397750854492,131.60702441329806,12.780374526977539,4.331739902496338,999.0,0.03404683619737625,999.0,SAFE
0.11147809028625488,131.60203793333187,12.780374526977539,4.332093238830566,999.0,0.16241900746100543,999.0,SAFE
0.13843035697937012,131.5910591401571,11.966495513916016,4.332760334014893,999.0,0.2660323249055016,999.0,SAFE
0.16763043403625488,131.5758208175949,12.725211143493652,4.333622455596924,999.0,0.37963000914690476,999.0,SAFE
0.1991262435913086,131.553800288544,13.091492652893066,4.334146499633789,999.0,0.49198075344591596,999.0,SAFE
0.22335195541381836,131.52548657854217,12.067108154296875,4.334775447845459,999.0,0.6352763755141565,999.0,SAFE
0.24818038940429688,131.49031979747477,12.765198707580566,4.335229873657227,999.0,0.8003318735274729,999.0,SAFE
0.32428956031799316,131.44781625161716,12.184038162231445,4.3357014656066895,999.0,0.9551251638605471,999.0,SAFE
0.35392141342163086,131.39839361214632,14.27744197845459,4.336033344268799,999.0,1.0821003498786672,999.0,SAFE
0.3781437873840332,131.34228889567123,12.961366653442383,4.336329936981201,999.0,1.2806916454894435,999.0,SAFE
0.4093129634857178,131.27894084571486,12.766353607177734,4.336577415466309,999.0,1.394997970653643,999.0,SAFE
0.4359109401702881,131.20831799483787,12.220221519470215,4.336958408355713,999.0,1.591895906256818,999.0,SAFE
0.4584372043609619,131.13030099043925,14.576268196105957,4.336892604827881,999.0,1.7064507975594418,999.0,SAFE
0.4860858917236328,131.04404832825057,13.183670043945312,4.33714485168457,999.0,1.9198096123729689,999.0,SAFE
0.5204355716705322,130.95083629515173,12.331521034240723,4.337224006652832,999.0,2.028702657256183,999.0,SAFE
0.5653705596923828,130.84987898165082,13.900857925415039,4.337302207946777,999.0,2.227976802310888,999.0,SAFE
0.6026301383972168,130.7422268957517,12.536713600158691,4.337238311767578,999.0,2.3364151548980177,999.0,SAFE
0.6191356182098389,130.62716844422718,12.536713600158691,4.3372039794921875,999.0,2.5230358954194485,999.0,SAFE
0.6627025604248047,130.50579548373275,12.856606483459473,4.337203502655029,999.0,2.628940183483318,999.0,SAFE
0.6910688877105713,130.37905376565672,12.856606483459473,4.337116241455078,999.0,2.7504604066952063,999.0,SAFE
0.7250661849975586,130.2465987277446,12.529123306274414,4.33699369430542,999.0,2.8709267312125806,999.0,SAFE
0.7601265907287598,130.1080716152085,12.643683433532715,4.336989402770996,999.0,3.006807343889823,999.0,SAFE
0.7898736000061035,129.96335875833645,13.144187927246094,4.336697101593018,999.0,3.135146552758786,999.0,SAFE
0.814072847366333,129.81234184664456,14.391277313232422,4.336679458618164,999.0,3.2737501391124173,999.0,SAFE
0.8408136367797852,129.65507085676072,13.094633102416992,4.336714267730713,999.0,3.4031411451469893,999.0,SAFE
0.8613255023956299,129.49161800633283,11.642364501953125,4.336679458618164,999.0,3.5402317346965266,999.0,SAFE
0.8966765403747559,129.32199977987779,15.104348182678223,4.336771011352539,999.0,3.6684916683911766,999.0,SAFE
0.9190716743469238,129.14621957931246,12.46131420135498,4.336716651916504,999.0,3.8030345602153126,999.0,SAFE
0.9459841251373291,128.96436694247944,13.163702011108398,4.3367180824279785,999.0,3.9289192066539247,999.0,SAFE
0.980187177658081,128.7765888029753,12.771172523498535,4.336627006530762,999.0,4.0574795087719675,999.0,SAFE
1.0080742835998535,128.58302830526594,15.325044631958008,4.336627006530762,999.0,4.178675139152162,999.0,SAFE
1.0355861186981201,128.38384214269644,16.617570877075195,4.33666467666626,999.0,4.301413382293555,999.0,SAFE
1.0619089603424072,128.1790503802498,14.18766975402832,4.336577415466309,999.0,4.419145737576898,999.0,SAFE
1.0907156467437744,127.96886030931971,11.928680419921875,4.336619853973389,999.0,4.535235555146392,999.0,SAFE
1.111135721206665,127.75333317670547,14.645334243774414,4.336400032043457,999.0,4.648857304251208,999.0,SAFE
1.140038013458252,127.53256636066524,12.900130271911621,4.336382865905762,999.0,4.760665563414248,999.0,SAFE
1.165100336074829,127.30667095429787,13.34134578704834,4.336369037628174,999.0,4.87084989080334,999.0,SAFE
1.1904644966125488,127.07577622137852,11.730148315429688,4.336297988891602,999.0,4.979547972061572,999.0,SAFE
1.2213358879089355,126.83988283200658,12.21646499633789,4.336262226104736,999.0,5.086532225929645,999.0,SAFE
1.2486391067504883,126.60023192078731,13.540602684020996,4.336527347564697,999.0,5.100648227202826,999.0,SAFE
1.2762582302093506,126.36271853451603,11.923558235168457,4.336452484130859,999.0,5.106128692626953,999.0,SAFE
1.3029379844665527,126.12705563044148,12.258255004882812,4.335786819458008,999.0,5.0625481605529785,999.0,SAFE
1.3329973220825195,125.89159952928496,11.580615043640137,4.334897518157959,999.0,5.051881161467293,999.0,SAFE
1.3633387088775635,125.65581137086313,13.172699928283691,4.334465980529785,999.0,5.048822390904231,999.0,SAFE
1.3929328918457031,125.41849987745717,12.92831039428711,4.334259986877441,999.0,5.107726614212805,999.0,SAFE
1.4286293983459473,125.17941337629432,12.827577590942383,4.334164142608643,999.0,5.132822213730759,999.0,SAFE
1.4495034217834473,124.93768344377828,11.686606407165527,4.334216117858887,999.0,5.21265266017419,999.0,SAFE
1.4818384647369385,124.69332703576818,12.477067947387695,4.33435583114624,999.0,5.253838882307355,999.0,SAFE
1.5081570148468018,124.4457588469196,12.914348602294922,4.33451509475708,999.0,5.3448800466676945,999.0,SAFE
1.5372958183288574,124.19513493609621,12.444531440734863,4.334618091583252,999.0,5.394536093416226,999.0,SAFE
1.561849594116211,123.94099233683933,12.40178394317627,4.334799289703369,999.0,5.490991988326128,999.0,SAFE
1.5925402641296387,123.68359464051463,13.232192039489746,4.334967613220215,999.0,5.544766696369075,999.0,SAFE
1.6161506175994873,123.42251818722784,12.854695320129395,4.335078716278076,999.0,5.643412480712011,999.0,SAFE
1.6418342590332031,123.15813725103057,14.318352699279785,4.335142135620117,999.0,5.698948768426478,999.0,SAFE
1.669370412826538,122.89003322168426,15.19633674621582,4.3352131843566895,999.0,5.798044845977276,999.0,SAFE
1.6987578868865967,122.61870868584029,15.705328941345215,4.335247039794922,999.0,5.854089869040397,999.0,SAFE
1.731537103652954,122.34361949581567,16.47174072265625,4.335299491882324,999.0,5.952717746958317,999.0,SAFE
1.7561254501342773,122.0652316245462,12.853860855102539,4.335371971130371,999.0,6.008606435993283,999.0,SAFE
1.7911403179168701,121.7831765760934,12.040083885192871,4.335389614105225,999.0,6.106293358464285,999.0,SAFE
1.8211944103240967,121.49785692005912,14.61341667175293,4.335386753082275,999.0,6.161671543508504,999.0,SAFE
1.8600339889526367,121.20892201317271,12.517444610595703,4.335460186004639,999.0,6.25817130167677,999.0,SAFE
1.8830995559692383,120.91677129292276,13.764690399169922,4.335403919219971,999.0,6.31285728980648,999.0,SAFE
1.9067230224609375,120.62104940251182,12.525988578796387,4.335423469543457,999.0,6.408046867588008,999.0,SAFE
1.9291565418243408,120.32220638900125,12.762032508850098,4.335386753082275,999.0,6.461937701442814,999.0,SAFE
1.9575817584991455,120.01990635204518,15.907136917114258,4.335386753082275,999.0,6.555755707849917,999.0,SAFE
1.987070083618164,119.71452388929343,13.320880889892578,4.335636138916016,999.0,6.6088102921627225,999.0,SAFE
2.018289566040039,119.40571263874429,13.195942878723145,4.335351943969727,999.0,6.701229525090012,999.0,SAFE
2.0550878047943115,119.09386327280329,13.195942878723145,4.335355281829834,999.0,6.753416912239635,999.0,SAFE
2.151958703994751,118.7786496516836,18.354759216308594,4.335352420806885,999.0,6.844428499735945,999.0,SAFE
2.1687614917755127,118.46042261156595,12.7246675491333,4.335352420806885,999.0,6.895739575562618,999.0,SAFE
2.189074993133545,118.13894153818241,12.7246675491333,4.335391044616699,999.0,6.985341376702408,999.0,SAFE
2.226423978805542,117.81455428442987,14.006422996520996,4.3353376388549805,999.0,7.035769532044858,999.0,SAFE
2.24886417388916,117.4869156417692,14.006422996520996,4.335264682769775,999.0,7.123971846006721,999.0,SAFE
2.276158094406128,117.15642188923286,12.490152359008789,4.3352861404418945,999.0,7.173516212724082,999.0,SAFE
2.3040363788604736,116.82280549018932,12.22057819366455,4.335284233093262,999.0,7.260323997410857,999.0,SAFE
2.328099489212036,116.48642573951314,16.554899215698242,4.335284233093262,999.0,7.30898692698457,999.0,SAFE
2.352771520614624,116.14692947496474,12.082768440246582,4.335212230682373,999.0,7.394414586038913,999.0,SAFE
2.386897325515747,115.8047319662437,12.552935600280762,4.3351945877075195,999.0,7.4421981910896475,999.0,SAFE
2.402019500732422,115.45944248495519,12.427802085876465,4.335247039794922,999.0,7.526252406201332,999.0,SAFE
2.431130886077881,115.11147797557693,12.83441162109375,4.335142135620117,999.0,7.57316257270896,999.0,SAFE
2.4624836444854736,114.76047610970889,12.9029541015625,4.3352131843566895,999.0,7.655855768370139,999.0,SAFE
2.492354154586792,114.40683484411919,14.590447425842285,4.335054874420166,999.0,7.701893277707222,999.0,SAFE
2.520350217819214,114.0502293351886,12.66612434387207,4.335247039794922,999.0,7.78323368653141,999.0,SAFE
2.5476908683776855,113.69096304614787,12.175616264343262,4.335002422332764,999.0,7.828406373976629,999.0,SAFE
2.5752575397491455,113.32873701784663,12.302648544311523,4.335312366485596,999.0,7.908405481565466,999.0,SAFE
2.6058237552642822,112.96392432837858,13.662314414978027,4.33486270904541,999.0,7.9527203193950236,999.0,SAFE
2.6375317573547363,112.59617984681363,11.892233848571777,4.335273265838623,999.0,8.031389144656712,999.0,SAFE
2.6604206562042236,112.22589219465767,13.68587589263916,4.334810256958008,999.0,8.074854920730493,999.0,SAFE
2.6883580684661865,111.85268028020276,12.502455711364746,4.3352813720703125,999.0,8.152208693607367,999.0,SAFE
2.7144289016723633,111.47687748692327,11.841025352478027,4.334743022918701,999.0,8.194830144090043,999.0,SAFE
2.7374227046966553,111.0982192762662,13.83841609954834,4.33523416519165,999.0,8.270882580722901,999.0,SAFE
2.7684197425842285,110.7170103573311,13.488937377929688,4.33456563949585,999.0,8.312668841341258,999.0,SAFE
2.8414413928985596,110.33299359681689,13.570862770080566,4.335267066955566,999.0,8.387432791914849,999.0,SAFE
2.8521952629089355,109.94646581992802,12.338494300842285,4.335267066955566,999.0,8.428411910171993,999.0,SAFE
2.879681348800659,109.55716524707951,13.480472564697266,4.335175514221191,999.0,8.501919244525874,999.0,SAFE
2.903059720993042,109.16540906571124,13.480472564697266,4.334373474121094,999.0,8.54207142250969,999.0,SAFE
2.926974296569824,108.77087212577061,14.064654350280762,4.335116863250732,999.0,8.614298008548586,999.0,SAFE
2.955355405807495,108.37387022556841,13.41891098022461,4.334286212921143,999.0,8.653632787525032,999.0,SAFE
2.986990213394165,107.97414169113978,11.911469459533691,4.335097789764404,999.0,8.724606222738263,999.0,SAFE
3.019096612930298,107.57194709752858,13.289312362670898,4.3345255851745605,999.0,8.763141506438524,999.0,SAFE
3.0458896160125732,107.16698717734002,14.416705131530762,4.335058689117432,999.0,8.832881954983222,999.0,SAFE
3.0722060203552246,106.75964110896307,14.403717994689941,4.334112644195557,999.0,8.870632702913477,999.0,SAFE
3.103398323059082,106.349593355513,12.023585319519043,4.335039138793945,999.0,8.939153179695792,999.0,SAFE
3.137838125228882,105.93711729214841,11.994904518127441,4.33393669128418,999.0,8.976128233574194,999.0,SAFE
3.1591227054595947,105.52195170061522,12.97083568572998,4.335189342498779,999.0,9.04344486105874,999.0,SAFE
3.20373797416687,105.10440703733562,12.589887619018555,4.333938121795654,999.0,9.079653619975089,999.0,SAFE
3.22808575630188,104.6842373062863,13.315296173095703,4.334980487823486,999.0,9.145783046420568,999.0,SAFE
3.2530665397644043,104.26165789914461,13.16021728515625,4.333850383758545,999.0,9.181236124817799,999.0,SAFE
3.2770371437072754,103.83636103488008,12.376557350158691,4.334921836853027,999.0,9.24593681540806,999.0,SAFE
3.3031108379364014,103.40853159509894,14.677983283996582,4.333517551422119,999.0,9.28056654440533,999.0,SAFE
3.325249671936035,102.97802928690793,12.496624946594238,4.334902286529541,999.0,9.344330796509682,999.0,SAFE
3.351496696472168,102.54514298183504,12.805560111999512,4.333499908447266,999.0,9.37832463897342,999.0,SAFE
3.3795886039733887,102.10968023246706,13.359500885009766,4.335087776184082,999.0,9.441015838987035,999.0,SAFE
3.404825210571289,101.67187772067673,12.85639762878418,4.333325386047363,999.0,9.474301280986191,999.0,SAFE
3.4331305027008057,101.23157128828993,13.267840385437012,4.334863185882568,999.0,9.535861178447895,999.0,SAFE
3.457449197769165,100.78903888044279,13.33672046661377,4.333343029022217,999.0,9.568425849020928,999.0,SAFE
3.4851536750793457,100.34398028332035,13.045450210571289,4.334910869598389,999.0,9.62885495416972,999.0,SAFE
3.508272647857666,99.8966865991761,12.397347450256348,4.333272933959961,999.0,9.660706942921276,999.0,SAFE
3.5409998893737793,99.44683266941284,13.434287071228027,4.334889888763428,999.0,9.719722598073075,999.0,SAFE
3.5636179447174072,98.99459779267286,11.756441116333008,4.333569049835205,999.0,9.75079043865136,999.0,SAFE
3.5924532413482666,98.53980237332615,12.351713180541992,4.33474588394165,999.0,9.808977260746795,999.0,SAFE
3.619102716445923,98.08282861584314,14.158950805664062,4.333098888397217,999.0,9.839476353589435,999.0,SAFE
3.649068832397461,97.62334922361974,12.282657623291016,4.334871768951416,999.0,9.896681873895503,999.0,SAFE
3.671069383621216,97.16171957005432,13.908125877380371,4.333046913146973,999.0,9.926532293576416,999.0,SAFE
3.697118043899536,96.6976811567403,12.701437950134277,4.334726333618164,999.0,9.98268246599448,999.0,SAFE
3.718731164932251,96.23160287941884,12.284683227539062,4.333131313323975,999.0,10.011866377096922,999.0,SAFE
3.75039005279541,95.7631307777577,11.780242919921875,4.334687232971191,999.0,10.066958290121717,999.0,SAFE
3.7698726654052734,95.2924245234809,11.769244194030762,4.333082675933838,999.0,10.095222083785407,999.0,SAFE
3.800839424133301,94.81927673419126,12.24763011932373,4.334893226623535,999.0,10.149096588313007,999.0,SAFE
3.8321728706359863,94.34396006386883,18.338117599487305,4.332731246948242,999.0,10.176961309384,999.0,SAFE
3.8502509593963623,93.86632370266095,18.338117599487305,4.334628582000732,999.0,10.230023997112852,999.0,SAFE
3.8776464462280273,93.38659956258442,12.632893562316895,4.332643985748291,999.0,10.257324804265416,999.0,SAFE
3.9030683040618896,92.90459781821494,13.80318546295166,4.334754467010498,999.0,10.309431512378714,999.0,SAFE
3.9291927814483643,92.42065809383163,12.933013916015625,4.3326616287231445,999.0,10.33612088269393,999.0,SAFE
3.9614193439483643,91.93443890705436,11.587005615234375,4.334589958190918,999.0,10.387231969261917,999.0,SAFE
3.980071544647217,91.44627934610918,11.587005615234375,4.33267879486084,999.0,10.413303946123166,999.0,SAFE
4.006349325180054,90.95582834162633,13.804855346679688,4.334570407867432,999.0,10.463064371993621,999.0,SAFE
4.03366494178772,90.46327997074604,12.427207946777344,4.332574367523193,999.0,10.488434852003818,999.0,SAFE
4.1105897426605225,89.96843408353442,12.43638801574707,4.334531307220459,999.0,10.53755046303285,999.0,SAFE
4.123657703399658,89.47161702206948,12.43638801574707,4.334531307220459,999.0,10.562467410761263,999.0,SAFE
4.139099836349487,88.97262446470074,11.676342964172363,4.334812164306641,999.0,10.610759108796376,999.0,SAFE
4.1740710735321045,88.47172755026352,12.955205917358398,4.332592964172363,999.0,10.635125038292623,999.0,SAFE
4.198222875595093,87.96874952581487,14.033370018005371,4.334511756896973,999.0,10.682498179933392,999.0,SAFE
4.2255449295043945,87.46393523173617,13.21078109741211,4.332767963409424,999.0,10.706295256697956,999.0,SAFE
4.2528076171875,86.95690716483291,16.427934646606445,4.33447265625,999.0,10.752356401291728,999.0,SAFE
4.279355525970459,86.44790117688159,12.056093215942383,4.332486152648926,999.0,10.775488409881177,999.0,SAFE
4.306134462356567,85.936812542008,12.717630386352539,4.334433555603027,999.0,10.820972167724815,999.0,SAFE
4.337769985198975,85.42381566049409,14.833911895751953,4.332137584686279,999.0,10.843685094519975,999.0,SAFE
4.361835479736328,84.90886106066276,12.799784660339355,4.334578514099121,999.0,10.88840192193862,999.0,SAFE
4.388559103012085,84.39207128393859,11.83721923828125,4.332189559936523,999.0,10.910608433813408,999.0,SAFE
4.415013313293457,83.87329289341497,12.76121711730957,4.335019111633301,999.0,10.9544666352311,999.0,SAFE
4.440072298049927,83.35283404919396,14.626883506774902,4.332242488861084,999.0,10.97614450138019,999.0,SAFE
4.4682958126068115,82.83025913983997,13.867111206054688,4.334859371185303,999.0,11.018727874476413,999.0,SAFE
4.49365496635437,82.30582739114666,11.856602668762207,4.3322954177856445,999.0,11.039779529723642,999.0,SAFE
4.526843786239624,81.77946274708609,12.034605026245117,4.334498882293701,999.0,11.081857013580745,999.0,SAFE
4.545068979263306,81.25129049388731,12.034605026245117,4.331962585449219,999.0,11.102530222639581,999.0,SAFE
4.569109678268433,80.72123876320929,12.223017692565918,4.334335803985596,999.0,11.143902417102902,999.0,SAFE
4.598649978637695,80.1894913707815,12.77896499633789,4.332050323486328,999.0,11.164110030997211,999.0,SAFE
4.620127201080322,79.65591515436769,12.453325271606445,4.3346757888793945,999.0,11.20467913968112,999.0,SAFE
4.648110628128052,79.12068979852431,13.75418472290039,4.332102298736572,999.0,11.224395560362792,999.0,SAFE
4.672131538391113,78.58354567028088,12.516471862792969,4.3344807624816895,999.0,11.263727813046541,999.0,SAFE
4.696939706802368,78.04462329179033,12.22856616973877,4.332635879516602,999.0,11.282859781496438,999.0,SAFE
4.726216554641724,77.50390126500754,12.02082347869873,4.334656238555908,999.0,11.32175081513592,999.0,SAFE
4.753096580505371,76.96152095949375,12.149746894836426,4.331788063049316,999.0,11.34054203768392,999.0,SAFE
4.781012773513794,76.41732680079453,11.946969032287598,4.334238052368164,999.0,11.378796517560387,999.0,SAFE
4.804510593414307,75.87162865509855,12.322186470031738,4.331840515136719,999.0,11.397157421601067,999.0,SAFE
4.828972578048706,75.32409865474558,12.378902435302734,4.334218502044678,999.0,11.43466013220569,999.0,SAFE
4.856212139129639,74.77511495811785,13.73610782623291,4.332103252410889,999.0,11.452565470198834,999.0,SAFE
4.886133909225464,74.22434132391348,12.963703155517578,4.334401607513428,999.0,11.488867478010603,999.0,SAFE
4.91198992729187,73.6719100265,13.984660148620605,4.332344055175781,999.0,11.506227365180834,999.0,SAFE
4.938981294631958,73.1177656922744,14.132538795471191,4.334198951721191,999.0,11.54215341424034,999.0,SAFE
4.9644598960876465,72.56202857296678,12.03148078918457,4.331648349761963,999.0,11.559204309617884,999.0,SAFE
4.990140676498413,72.00463889815241,13.791439056396484,4.3347039222717285,999.0,11.594548583255932,999.0,SAFE
5.016230821609497,71.44579544166172,15.458580017089844,4.3317179679870605,999.0,11.61120840871056,999.0,SAFE
5.042389392852783,70.88532268597194,14.549266815185547,4.334706783294678,999.0,11.645854125975609,999.0,SAFE
5.071037292480469,70.32348760341215,11.586461067199707,4.331735610961914,999.0,11.662094203833945,999.0,SAFE
5.0947136878967285,69.75993589546198,16.08994483947754,4.334140300750732,999.0,11.695572999926904,999.0,SAFE
5.122070789337158,69.19483164793517,11.915903091430664,4.331823825836182,999.0,11.711301011368722,999.0,SAFE
5.148603439331055,68.62808881179373,13.843376159667969,4.334159851074219,999.0,11.74446883789817,999.0,SAFE
5.1843109130859375,68.05992737772026,11.95311450958252,4.331890106201172,999.0,11.759920655358112,999.0,SAFE
5.214061498641968,67.49020575555336,12.616795539855957,4.334323883056641,999.0,11.792561805697414,999.0,SAFE
5.242656707763672,66.91912951605856,14.013492584228516,4.331525802612305,999.0,11.807652325869896,999.0,SAFE
5.268377780914307,66.34652377565241,12.044755935668945,4.33430290222168,999.0,11.839644736918501,999.0,SAFE
5.297743558883667,65.77254335369365,13.212468147277832,4.3317952156066895,999.0,11.854022203753518,999.0,SAFE
5.327575445175171,65.19692551304958,13.954225540161133,4.334082126617432,999.0,11.885104230882805,999.0,SAFE
5.353118896484375,64.6199762430277,14.878497123718262,4.3313775062561035,999.0,11.89940601514845,999.0,SAFE
5.382537841796875,64.04144220307681,15.15506649017334,4.334043025970459,999.0,11.930107939959228,999.0,SAFE
5.405413627624512,63.461673440467514,12.852426528930664,4.331562042236328,999.0,11.944106960973437,999.0,SAFE
5.4304039478302,62.88043574410284,12.454888343811035,4.334256649017334,999.0,11.974247302563946,999.0,SAFE
5.458755254745483,62.29796056613221,12.372872352600098,4.331655025482178,999.0,11.987893912698038,999.0,SAFE
5.486349582672119,61.7140723525732,12.819511413574219,4.33401346206665,999.0,12.017404359708024,999.0,SAFE
5.510643482208252,61.12885888027478,12.84310245513916,4.331490993499756,999.0,12.030354796781374,999.0,SAFE
5.551599502563477,60.54220672787541,12.072907447814941,4.334641456604004,999.0,12.058988337188385,999.0,SAFE
5.574368238449097,59.954233967395005,12.072907447814941,4.3318963050842285,999.0,12.071906153000903,999.0,SAFE
5.602679967880249,59.364844791488224,13.249882698059082,4.334188461303711,999.0,12.100230571584431,999.0,SAFE
5.6406261920928955,58.774279689365834,12.358189582824707,4.333984375,999.0,12.112880763053987,999.0,SAFE
5.671727895736694,58.18237205179469,12.358189582824707,4.333984375,999.0,12.140696175656771,999.0,SAFE
5.706649541854858,57.5892855828314,12.830076217651367,4.331334114074707,999.0,12.153021596809154,999.0,SAFE
5.719344854354858,56.994834777793564,11.947258949279785,4.334157943725586,999.0,12.179776619224542,999.0,SAFE
5.748154640197754,56.399169257257576,11.875258445739746,4.331454753875732,999.0,12.191686474370446,999.0,SAFE
5.772857904434204,55.80216672263544,15.6212797164917,4.334400653839111,999.0,12.218274047864025,999.0,SAFE
5.799802541732788,55.204011490047606,13.89814281463623,4.331132888793945,999.0,12.229977027845617,999.0,SAFE
5.828142166137695,54.604531724863136,13.21684455871582,4.333974361419678,999.0,12.256159086815869,999.0,SAFE
5.854451656341553,54.003931292248694,13.567108154296875,4.331611156463623,999.0,12.267572263115401,999.0,SAFE
5.8810670375823975,53.40213609180978,12.587433815002441,4.334568023681641,999.0,12.293221158307595,999.0,SAFE
5.906980514526367,52.799298221814695,12.414849281311035,4.331246376037598,999.0,12.304301419352587,999.0,SAFE
5.933969259262085,52.19515513395454,14.662741661071777,4.334118843078613,999.0,12.328880593461761,999.0,SAFE
5.961073160171509,51.589897861881624,12.487515449523926,4.33178186416626,999.0,12.339534848879584,999.0,SAFE
5.983541011810303,50.98337565841201,15.695963859558105,4.333896160125732,999.0,12.364004796286826,999.0,SAFE
6.011519908905029,50.375762842458386,11.801069259643555,4.331442832946777,999.0,12.374471515726476,999.0,SAFE
6.038510322570801,49.76705106246397,13.54036808013916,4.333915710449219,999.0,12.398600885024285,999.0,SAFE
6.066683530807495,49.157311888408,14.525273323059082,4.331280708312988,999.0,12.40879405330335,999.0,SAFE
6.098267078399658,48.546397865955754,12.228988647460938,4.333877086639404,999.0,12.432446862209158,999.0,SAFE
6.125551223754883,47.93445856202377,12.520191192626953,4.331385612487793,999.0,12.441985992294459,999.0,SAFE
6.1524999141693115,47.32133030868464,16.393590927124023,4.333867073059082,999.0,12.464857060314623,999.0,SAFE
6.181352615356445,46.707144041103476,11.900744438171387,4.330932140350342,999.0,12.474446532430715,999.0,SAFE
6.206806421279907,46.09184972916303,14.025744438171387,4.334325313568115,999.0,12.49713606552695,999.0,SAFE
6.23243260383606,45.475618108877725,12.090795516967773,4.330984115600586,999.0,12.50650896263674,999.0,SAFE
6.260124921798706,44.858326066869054,14.116250991821289,4.334099292755127,999.0,12.528804922725735,999.0,SAFE
6.285784006118774,44.24007519717179,11.675164222717285,4.331010341644287,999.0,12.537909154221117,999.0,SAFE
6.313035249710083,43.62073384176038,16.258935928344727,4.333818435668945,999.0,12.559222451734618,999.0,SAFE
6.338129281997681,43.000409867101425,15.96635913848877,4.330984592437744,999.0,12.567964399997503,999.0,SAFE
6.366070985794067,42.3789918898495,13.372139930725098,4.333837985992432,999.0,12.589247120305274,999.0,SAFE
6.391331434249878,41.75666561734091,13.732954025268555,4.330809593200684,999.0,12.597847595715194,999.0,SAFE
6.422935485839844,41.13338904965046,12.97220230102539,4.333847522735596,999.0,12.618857959746629,999.0,SAFE
6.446495056152344,40.509219990009825,12.97220230102539,4.331789493560791,999.0,12.627224480226076,999.0,SAFE
6.476709365844727,39.88407886581789,12.740819931030273,4.33376932144165,999.0,12.647820966338548,999.0,SAFE
6.499185562133789,39.258017788404835,13.029698371887207,4.3310017585754395,999.0,12.655566073891437,999.0,SAFE
6.528127670288086,38.63095969599311,13.251129150390625,4.334009647369385,999.0,12.67543042740933,999.0,SAFE
6.551284313201904,38.00308336298912,14.789543151855469,4.330827236175537,999.0,12.683275842744683,999.0,SAFE
6.579910516738892,37.3741946724947,12.242049217224121,4.334069728851318,999.0,12.703034995965469,999.0,SAFE
6.60942530632019,36.7445183490824,11.636419296264648,4.330792427062988,999.0,12.710702551997036,999.0,SAFE
6.635646343231201,36.113865546479,11.801071166992188,4.333788871765137,999.0,12.73013394666676,999.0,SAFE
6.663004159927368,35.4824817702452,12.579268455505371,4.331310272216797,999.0,12.737572966918949,999.0,SAFE
6.69046950340271,34.85014132270249,12.31208324432373,4.333788871765137,999.0,12.756065677222416,999.0,SAFE
6.719120979309082,34.216987543150786,12.620868682861328,4.330853462219238,999.0,12.76317591715551,999.0,SAFE
6.748818635940552,33.582932024313955,11.968728065490723,4.334001541137695,999.0,12.781706161408566,999.0,SAFE
6.774132966995239,32.948082984531325,15.460612297058105,4.33068323135376,999.0,12.788712408102397,999.0,SAFE
6.809300899505615,32.31237469214564,12.647461891174316,4.333755016326904,999.0,12.807038125188226,999.0,SAFE
6.834743499755859,31.67594993173934,12.302017211914062,4.33080530166626,999.0,12.813845517680765,999.0,SAFE
6.864518165588379,31.038667239265603,12.834064483642578,4.333764553070068,999.0,12.831809281948676,999.0,SAFE
6.890125036239624,30.400653847851622,13.902642250061035,4.331521034240723,999.0,12.838019277338667,999.0,SAFE
6.913872003555298,29.761796495821986,11.69810962677002,4.33449125289917,999.0,12.855297241538187,999.0,SAFE
6.941380500793457,29.122284989598526,12.081923484802246,4.33062219619751,999.0,12.861658256967335,999.0,SAFE
6.964803457260132,28.481915328193967,13.31804084777832,4.333977222442627,999.0,12.87889397882614,999.0,SAFE
6.992299795150757,27.840836618790604,12.236804962158203,4.330639362335205,999.0,12.885103331466242,999.0,SAFE
7.021694183349609,27.198952680309777,12.915611267089844,4.333715915679932,999.0,12.902067104673757,999.0,SAFE
7.0494043827056885,26.55641946066106,13.671937942504883,4.330757141113281,999.0,12.908080965249926,999.0,SAFE
7.081532955169678,25.913148019880527,12.485383033752441,4.333735466003418,999.0,12.924139894389675,999.0,SAFE
7.110871076583862,25.26923422322627,12.040019035339355,4.330617904663086,999.0,12.929857857748765,999.0,SAFE
7.138835906982422,24.624567612556607,12.43120288848877,4.333696365356445,999.0,12.946020998472237,999.0,SAFE
7.211437463760376,23.979183626704472,12.021318435668945,4.333705902099609,12.021318435668945,12.95166854384503,0.9281675480632794,CRITICAL
7.226434230804443,23.33386196131665,12.021318435668945,4.333705902099609,12.021318435668945,12.933067686941161,0.929502475874859,CRITICAL
7.261399269104004,22.693299329717487,12.346186637878418,4.331275939941406,12.346186637878418,12.888983726501465,0.9578867426524107,CRITICAL
7.301386117935181,22.062702785066055,13.238699913024902,4.333214282989502,13.238699913024902,12.819159507751465,1.0327276062849324,CRITICAL
7.337553262710571,21.4465207206216,12.411377906799316,4.330215930938721,12.411377906799316,12.617093086242676,0.9836955170230404,CRITICAL
7.379747152328491,20.846999253151967,15.550131797790527,4.330073356628418,15.550131797790527,12.325227737426758,1.2616506671573324,CRITICAL
7.406650066375732,20.26510041473084,13.075507164001465,4.327938079833984,13.075507164001465,12.005393981933594,1.0891360319934722,CRITICAL
7.4361732006073,19.701169306262415,11.665902137756348,4.32705545425415,11.665902137756348,11.63998794555664,1.0022263074773714,CRITICAL
7.477362632751465,19.15528608747634,14.169234275817871,4.325778961181641,14.169234275817871,10.903407096862793,1.2995235480013165,CRITICAL
7.501302003860474,18.627014775437654,14.169234275817871,4.325043678283691,14.169234275817871,10.903407096862793,1.2995235480013165,CRITICAL
7.5312886238098145,18.116612246697635,13.653178215026855,4.324427127838135,13.653178215026855,10.534943580627441,1.2959896852350963,CRITICAL
7.565073490142822,17.623230625959923,13.226768493652344,4.324041366577148,13.226768493652344,10.205201148986816,1.2960811159479706,CRITICAL
7.596451044082642,17.147190550070306,12.129562377929688,4.323729038238525,12.129562377929688,9.880918502807617,1.2275743772689887,CRITICAL
7.63355565071106,16.687603562023423,12.051668167114258,4.323700904846191,12.051668167114258,9.539957046508789,1.263283273536818,CRITICAL
7.674032926559448,16.244747571263243,11.728178024291992,4.323469638824463,4.323469638824463,9.190728187561035,0.4704164404161094,CRITICAL
7.72817850112915,15.817775037185047,11.303787231445312,4.323411464691162,4.323411464691162,8.82133674621582,0.49010842563581086,CRITICAL
7.770949363708496,15.406919185462653,10.462862014770508,4.32345724105835,4.32345724105835,8.142831802368164,0.530952541571713,CRITICAL
7.805234432220459,15.011398239576776,10.042837142944336,4.323497295379639,4.323497295379639,7.864214897155762,0.5497684577443721,CRITICAL
7.873376131057739,14.631400313617597,10.042837142944336,4.3236260414123535,4.3236260414123535,7.864214897155762,0.5497848288677961,CRITICAL
7.898127794265747,14.266079017120669,9.662513732910156,4.323707103729248,4.323707103729248,7.556220054626465,0.5722050274438423,CRITICAL
7.930975914001465,13.915707603693058,9.311803817749023,4.32390832901001,4.32390832901001,7.23842191696167,0.5973551111849214,CRITICAL
7.9731316566467285,13.579353811951878,8.943561553955078,4.323975563049316,4.323975563049316,6.96780252456665,0.6205651706982379,CRITICAL
8.010963678359985,13.25715995322352,8.626516342163086,4.324195384979248,4.324195384979248,6.703343391418457,0.6450803923479488,CRITICAL
8.049860954284668,12.981908408000045,8.314703941345215,4.324316501617432,4.324316501617432,6.438396453857422,0.6716449557912225,CRITICAL
8.080554008483887,12.773167780739339,8.0187349319458,4.320031642913818,4.320031642913818,5.476662635803223,0.7888073321646606,CRITICAL
8.111397743225098,12.631026300525013,7.842653751373291,4.314295291900635,4.314295291900635,4.186648368835449,1.0304890479972866,CRITICAL
8.141913414001465,12.555119225746974,7.69425630569458,4.309057235717773,4.309057235717773,2.818565845489502,1.5288119816726924,CRITICAL
8.173764944076538,12.53950753075842,7.593646049499512,4.305347442626953,4.305347442626953,1.5227718353271484,2.8273096091917167,CRITICAL
8.200177431106567,12.539336158241019,7.576939105987549,4.3025336265563965,4.3025336265563965,0.3173277974128723,13.558640817584628,CRITICAL
8.229218482971191,12.539013192007083,7.6589674949646,4.305800914764404,4.305800914764404,0.006450038868933916,999.0,CRITICAL
8.255535364151001,12.53871239432617,7.656372547149658,4.31143045425415,4.31143045425415,0.008654717355966568,999.0,CRITICAL
8.285315752029419,12.538475711928312,7.5779266357421875,4.316240310668945,4.316240310668945,0.007946308702230453,999.0,CRITICAL
8.308094501495361,12.538282171409262,7.5779266357421875,4.32037878036499,4.32037878036499,0.007946308702230453,999.0,CRITICAL
8.336591958999634,12.53813177276132,7.577548027038574,4.323598861694336,4.323598861694336,0.005941392853856087,999.0,CRITICAL
8.35715365409851,12.538045489135074,7.577565670013428,4.326035976409912,4.326035976409912,0.004707277752459049,999.0,CRITICAL
8.399209260940552,12.537938232355557,7.582598686218262,4.32918119430542,4.32918119430542,0.0027661186177283525,999.0,CRITICAL
8.418421268463135,12.537938232355557,7.582598686218262,4.32918119430542,4.32918119430542,0.0027661186177283525,999.0,CRITICAL
8.442104578018188,12.537938232355557,7.569433212280273,4.329189777374268,4.329189777374268,0.0,999.0,CRITICAL
8.46904706954956,12.537938232355557,7.651762008666992,4.32918119430542,4.32918119430542,0.0,999.0,CRITICAL
8.495740413665771,12.537938232355557,7.633988380432129,4.329193115234375,4.329193115234375,0.0,999.0,CRITICAL
8.523066759109497,12.537938232355557,7.617475509643555,4.32918119430542,4.32918119430542,0.0,999.0,CRITICAL
8.553206443786621,12.537916063696564,7.576085567474365,4.329189777374268,4.329189777374268,0.0025200217270792604,999.0,CRITICAL
8.580314874649048,12.537895090544948,7.578744888305664,4.329373836517334,4.329373836517334,0.0009641441283747554,999.0,CRITICAL
8.611348390579224,12.53628744154959,7.5724945068359375,4.329925537109375,4.329925537109375,0.008226237420684516,999.0,CRITICAL
8.637068510055542,12.533612055161177,7.610998153686523,4.33068323135376,4.33068323135376,0.1011689527127811,42.806445210998476,CRITICAL
8.66677212715149,12.528426782994293,7.608039379119873,4.331403732299805,4.331403732299805,0.17126831758582178,25.29016337262353,CRITICAL
8.686701774597168,12.519581546548514,7.565573692321777,4.332252025604248,4.332252025604248,0.16563944944454062,26.15471157464075,CRITICAL
8.721380710601807,12.50698461092006,7.554585933685303,4.332687854766846,4.332687854766846,0.2840603897377557,15.252699817692918,CRITICAL
8.750224590301514,12.489958881064494,7.5813775062561035,4.333529949188232,4.333529949188232,0.4241028623610023,10.218110590113092,CRITICAL
8.77807092666626,12.468608091811827,7.532325744628906,4.333591938018799,4.333591938018799,0.49020448210208206,8.840375998676313,CRITICAL
8.814404726028442,12.442406913542962,7.482224464416504,4.334593296051025,4.334593296051025,0.6060822218288552,7.1518238614084,CRITICAL
8.837067127227783,12.41237775619756,7.482224464416504,4.334155559539795,4.334155559539795,0.6431347432546154,6.739109657809163,CRITICAL
8.8623046875,12.377807092040701,7.486053943634033,4.335290431976318,4.335290431976318,0.7542941314689671,5.747479996342355,CRITICAL
8.897222518920898,12.338481972315368,7.441360950469971,4.334360599517822,4.334360599517822,0.8639333405262445,5.01700813731491,CRITICAL
8.932065486907959,12.295539366454218,7.471224308013916,4.335599422454834,4.335599422454834,0.9229666553369064,4.697460517544082,CRITICAL
8.955124139785767,12.24800480224167,7.347286701202393,4.334535121917725,4.334535121917725,1.053834869575413,4.113106566367553,CRITICAL
8.98188304901123,12.195715152740595,7.391818523406982,4.335669994354248,4.335669994354248,1.1460454058977252,3.7831572571577237,CRITICAL
9.013515710830688,12.139746458958827,7.289548873901367,4.334805011749268,4.334805011749268,1.2448038297442805,3.482319790612923,CRITICAL
9.04331636428833,12.079748472759423,7.28878927230835,4.335750102996826,4.335750102996826,1.2972522691464539,3.3422567114487274,CRITICAL
9.07203221321106,12.014859578192711,7.236879348754883,4.334548473358154,4.334548473358154,1.4298328393663504,3.031507148261518,CRITICAL
9.09810495376587,11.945969527865529,7.167713642120361,4.335869789123535,4.335869789123535,1.4864014252577893,2.9170247790710757,CRITICAL
9.127117395401001,11.872643066912135,7.113276958465576,4.334591865539551,4.334591865539551,1.6293411210301039,2.660334174098012,CRITICAL
9.158140897750854,11.795605321239865,7.088411331176758,4.335986614227295,4.335986614227295,1.6686807092394855,2.598451932846671,CRITICAL
9.18513822555542,11.713816441143384,7.02271032333374,4.334460735321045,4.334460735321045,1.819015209633302,2.382861183549331,CRITICAL
9.21811032295227,11.628618216807666,6.989711761474609,4.33603572845459,4.33603572845459,1.8554457361208632,2.336924030729046,CRITICAL
9.239843606948853,11.539194006951767,6.963615417480469,4.334463119506836,4.334463119506836,1.9986199841334027,2.1687279992780866,CRITICAL
9.316374778747559,11.446564624479228,11.948237419128418,4.336021900177002,4.336021900177002,2.0346591882856653,2.131080195219518,CRITICAL
9.326919078826904,11.350077423525684,12.196882247924805,4.336021900177002,4.336021900177002,2.1714870088814195,1.996798453061242,CRITICAL
9.346903562545776,11.250783864005038,12.448525428771973,4.336002349853516,4.336002349853516,2.208366052649061,1.963443671239301,CRITICAL
9.38528060913086,11.147793596862433,15.082908630371094,4.334165573120117,4.334165573120117,2.3385759526478935,1.853335389091247,CRITICAL
9.432511329650879,11.042431131649517,13.113686561584473,4.335806846618652,4.335806846618652,2.3725521382224497,1.82748643402505,CRITICAL
9.468981266021729,10.934783898412475,12.738448143005371,4.333973407745361,4.333973407745361,2.4661524182271126,1.7573826239259789,CRITICAL
9.498158693313599,10.825178844420451,13.932872772216797,4.3355937004089355,4.3355937004089355,2.5066980786032556,1.7296034721599778,CRITICAL
9.522423505783081,10.713298075689943,14.850020408630371,4.33348274230957,4.33348274230957,2.6074212382231,1.661980304058098,CRITICAL
9.546295404434204,10.599509880487439,12.154223442077637,4.335447311401367,4.335447311401367,2.6546817760388497,1.6331325850552418,CRITICAL
9.573824167251587,10.483568702606783,11.904733657836914,4.333440780639648,4.333440780639648,2.754987798886399,1.5729437286042718,CRITICAL
9.60018014907837,10.365934815145543,13.231325149536133,4.335359573364258,4.335359573364258,2.8046321388839184,1.5457854573004646,CRITICAL
9.628923416137695,10.246597516255179,12.863274574279785,4.333610534667969,4.333610534667969,2.901860783794915,1.4933902270117452,CRITICAL
9.655808210372925,10.126037131812735,12.97863483428955,4.335338592529297,4.335338592529297,2.952429785609629,1.46839684847378,CRITICAL
9.68106722831726,10.00422340131084,11.85738468170166,4.332923412322998,4.332923412322998,3.04559574909997,1.4226850078850606,CRITICAL
9.704066753387451,9.88167328474011,14.291592597961426,4.335494041442871,4.335494041442871,3.0966188082910477,1.4000735349907436,CRITICAL
9.731067657470703,9.758455721436581,11.63478946685791,4.332766532897949,4.332766532897949,3.1852286412526403,1.3602686089102922,CRITICAL
9.75171160697937,9.635062579922812,13.545267105102539,4.335438251495361,4.335438251495361,3.2364542242449246,1.3395642116664985,CRITICAL
9.777724266052246,9.51161642822437,12.243666648864746,4.332521915435791,4.332521915435791,3.3202837486978076,1.304864958344291,CRITICAL
9.809129476547241,9.388668401140967,11.763176918029785,4.33524227142334,4.33524227142334,3.37292004327463,1.285308342860814,CRITICAL
9.83304476737976,9.266436077824828,12.151800155639648,4.3324875831604,4.3324875831604,3.4426024747195987,1.2584919737249893,CRITICAL
9.859619855880737,9.145571070725731,13.182252883911133,4.335341453552246,4.335341453552246,3.4998065479850555,1.2387374542310727,CRITICAL
9.885606527328491,9.026279660811387,12.345939636230469,4.332311630249023,4.332311630249023,3.5647256105250955,1.2153282197815107,CRITICAL
9.911458730697632,8.908924484340146,12.620400428771973,4.335224151611328,4.335224151611328,3.6222437018703952,1.1968339262686207,CRITICAL
9.932256698608398,8.793997426754965,12.43346118927002,4.332311153411865,4.332311153411865,3.686701632653253,1.1751184622700206,CRITICAL
9.958127737045288,8.681869727159466,14.553990364074707,4.334988594055176,4.334988594055176,3.7429774353682896,1.1581658369331407,CRITICAL
9.984100341796875,8.57308475413058,16.47740364074707,4.331630706787109,4.331630706787109,3.879992961883545,1.1164016917918111,CRITICAL
10.011569023132324,8.468112556515473,12.883623123168945,4.334889888763428,4.334889888763428,3.860519635592928,1.1228773061525026,CRITICAL
10.042255878448486,8.367472638530698,14.642292022705078,4.331421375274658,4.331421375274658,3.9218922530486027,1.1044213088484816,CRITICAL
10.064980745315552,8.271678940512507,12.977937698364258,4.33485221862793,4.33485221862793,3.9747011679656343,1.090610849833179,CRITICAL
10.089683055877686,8.181300642034943,13.640836715698242,4.3311767578125,4.3311767578125,4.03435463329324,1.0735736323400416,CRITICAL
10.118587493896484,8.09692923552702,14.866437911987305,4.334813117980957,4.334813117980957,4.1560492515563965,1.0430129326204725,CRITICAL
10.14627480506897,8.019166865956949,14.21561336517334,4.331246376037598,4.331246376037598,4.231937885284424,1.0234664339234505,CRITICAL
10.170079708099365,7.948457503188163,13.68532657623291,4.337121486663818,4.337121486663818,4.2918243408203125,1.0105542869992783,CRITICAL
10.194451808929443,7.885526802322121,12.344526290893555,4.330774784088135,4.330774784088135,4.249122271281605,1.0192163245944679,CRITICAL
10.221210718154907,7.830801786565006,12.978534698486328,4.335329532623291,4.335329532623291,4.297428896963246,1.0088193746932794,CRITICAL
10.261188268661499,7.777844951972621,12.671623229980469,4.330495357513428,4.330495357513428,4.426794528961182,0.9782462974466646,CRITICAL
10.287197589874268,7.718278029960289,12.063214302062988,4.334913730621338,4.334913730621338,4.422007067150905,0.9803045686705152,CRITICAL
10.310152053833008,7.657400636490761,12.063214302062988,4.334951400756836,4.334951400756836,4.502332755363224,0.9628234153934975,CRITICAL
10.336077690124512,7.597346794585374,11.922220230102539,4.333406925201416,4.333406925201416,4.586186724997142,0.9448823576201243,CRITICAL
10.365336179733276,7.538605412897335,11.714743614196777,4.335263252258301,4.335263252258301,4.670218224001463,0.9282785181168319,CRITICAL
10.396477222442627,7.481238360568205,11.887454986572266,4.330862045288086,4.330862045288086,4.753337255381185,0.9111202956165543,CRITICAL
10.421071767807007,7.425197475341323,11.662467956542969,4.335214614868164,4.335214614868164,4.834956116401962,0.8966399095457166,CRITICAL
10.45219087600708,7.370308807710568,11.457961082458496,4.330442905426025,4.330442905426025,4.914768796776849,0.8811081628633212,CRITICAL
10.486198902130127,7.31632702720152,11.392447471618652,4.3364644050598145,4.3364644050598145,4.992591059270276,0.8685799324596872,CRITICAL
10.516314268112183,7.263025041404363,11.725106239318848,4.330040454864502,4.330040454864502,5.068121736575106,0.8543678861570956,CRITICAL
10.541769027709961,7.210115010897632,11.376692771911621,4.335410118103027,4.335410118103027,5.1367190989722005,0.8440037375161304,CRITICAL
10.568252325057983,7.159244095935754,11.50085163116455,4.3289055824279785,4.3289055824279785,5.064030128150312,0.854834089229472,CRITICAL
10.604326725006104,7.11320970711141,11.445927619934082,4.3349609375,4.3349609375,5.11592665480399,0.8473461857451294,CRITICAL
10.64411473274231,7.069079597869713,11.445927619934082,4.328815460205078,4.328815460205078,5.12679264414739,0.8443515782029412,CRITICAL
10.662125587463379,7.02886206622121,11.608687400817871,4.334335803985596,4.334335803985596,5.0837560307200835,0.8525853282089273,CRITICAL
10.692143201828003,6.9906262605408696,11.590595245361328,4.32790994644165,4.32790994644165,5.069271137600411,0.853753888668561,CRITICAL
10.712124347686768,6.954456127254957,11.844866752624512,4.3338942527771,4.3338942527771,5.0590000016939,0.856670142582721,CRITICAL
10.739649057388306,6.9191963743184175,12.33608627319336,4.326844215393066,4.326844215393066,5.071757480327643,0.8531252198426383,CRITICAL
10.76551866531372,6.8855591890198244,12.176365852355957,4.33413028717041,4.33413028717041,5.084480563308526,0.8524234153724731,CRITICAL
10.79751181602478,6.85269995615079,12.11534309387207,4.326163291931152,4.326163291931152,5.115747766153134,0.8456560975413919,CRITICAL
10.823467254638672,6.821579656302503,11.890077590942383,4.333046913146973,4.333046913146973,5.1431767154881705,0.8424845485278444,CRITICAL
10.897972822189331,138.48634856165285,12.654232025146484,4.326005935668945,999.0,5.293444633483887,999.0,SAFE
11.122071743011475,136.52250728776747,12.459494590759277,4.333915710449219,999.0,5.560290372337248,999.0,SAFE
11.146803855895996,136.27255446677606,12.539868354797363,4.325459957122803,999.0,5.642536232529199,999.0,SAFE
11.173130512237549,136.0196571035008,12.939213752746582,4.333808422088623,999.0,5.716177793546369,999.0,SAFE
11.200608730316162,135.76401526211208,11.895782470703125,4.332096576690674,999.0,5.7964472532641595,999.0,SAFE
11.226939678192139,135.50583256357314,13.86174488067627,4.335339069366455,999.0,5.865866623031351,999.0,SAFE
11.252763986587524,135.24441993662793,13.690251350402832,4.332951068878174,999.0,5.941479158523527,999.0,SAFE
11.279747009277344,134.98001216304303,12.412420272827148,4.335115909576416,999.0,6.012638670649847,999.0,SAFE
11.308084726333618,134.71201284476518,12.157615661621094,4.334201335906982,999.0,6.087800030642471,999.0,SAFE
11.339067935943604,134.44075781128865,13.760029792785645,4.335273265838623,999.0,6.16055242934181,999.0,SAFE
11.36513876914978,134.16578090711366,13.043021202087402,4.33444356918335,999.0,6.235508606248406,999.0,SAFE
11.390933990478516,133.88746945732143,13.543502807617188,4.335516452789307,999.0,6.308413204473026,999.0,SAFE
11.41951847076416,133.60544402634466,11.5607271194458,4.334583282470703,999.0,6.382813898938138,999.0,SAFE
11.456209659576416,133.31995867821826,15.941478729248047,4.335488319396973,999.0,6.455284708422058,999.0,SAFE
11.482431888580322,133.03076602223035,13.010629653930664,4.334550380706787,999.0,6.52892344184515,999.0,SAFE
11.522938013076782,132.73813616151293,11.58830738067627,4.334465026855469,999.0,6.600615435648963,999.0,SAFE
11.55007004737854,132.44180496381549,11.58830738067627,4.334465026855469,999.0,6.6733085690370935,999.0,SAFE
11.581791400909424,132.14218471099514,15.526522636413574,4.335527420043945,999.0,6.744043830881863,999.0,SAFE
11.616266012191772,131.83874911577482,12.788366317749023,4.335536956787109,999.0,6.815517238468073,999.0,SAFE
11.640788078308105,131.5318736844998,12.788366317749023,4.335536956787109,999.0,6.885101880632198,999.0,SAFE
11.670670747756958,131.22128398663452,12.98328971862793,4.334244251251221,999.0,6.955771228560945,999.0,SAFE
11.696674823760986,130.90738724695575,12.46576976776123,4.335536956787109,999.0,7.0243178566000495,999.0,SAFE
11.727065324783325,130.58995933396608,14.022029876708984,4.334076404571533,999.0,7.093919735640717,999.0,SAFE
11.754525661468506,130.26927501719686,12.198298454284668,4.335488319396973,999.0,7.161402869919122,999.0,SAFE
11.780189990997314,129.94507190402948,12.357187271118164,4.33420991897583,999.0,7.229843095438444,999.0,SAFE
11.806528806686401,129.61770125793294,13.167423248291016,4.335982799530029,999.0,7.296245152426878,999.0,SAFE
11.836288213729858,129.28684523730107,12.526603698730469,4.334076404571533,999.0,7.363523371355946,999.0,SAFE
11.86521053314209,128.95286531920928,14.745946884155273,4.335536479949951,999.0,7.428827863417008,999.0,SAFE
11.894067525863647,128.61547845316022,12.651806831359863,4.334138870239258,999.0,7.494967108483981,999.0,SAFE
11.921427726745605,128.2749952846515,13.510318756103516,4.335458278656006,999.0,7.559170486325338,999.0,SAFE
11.948200225830078,127.93115353444698,12.607526779174805,4.334222316741943,999.0,7.624194308999111,999.0,SAFE
11.980042695999146,127.58414797563145,12.719505310058594,4.335351467132568,999.0,7.687106090360672,999.0,SAFE
12.010080814361572,127.23372273390827,12.380716323852539,4.334619045257568,999.0,7.751000287428884,999.0,SAFE
12.033043384552002,126.88019770379029,14.79293441772461,4.335322380065918,999.0,7.81293338085918,999.0,SAFE
12.062163829803467,126.52338486316313,13.640356063842773,4.333840847015381,999.0,7.875873134400645,999.0,SAFE
12.094154357910156,126.1635964830431,12.869521141052246,4.335244178771973,999.0,7.936765864466312,999.0,SAFE
12.124897003173828,125.8006135586572,13.887988090515137,4.33381462097168,999.0,7.998606424321607,999.0,SAFE
12.148154258728027,125.43469042501168,13.477096557617188,4.335292816162109,999.0,8.058459357347203,999.0,SAFE
12.177449703216553,125.0655834758065,11.874587059020996,4.333805561065674,999.0,8.119187972196428,999.0,SAFE
12.212866067886353,124.69359773643544,12.028852462768555,4.335224628448486,999.0,8.177993907894532,999.0,SAFE
12.238518476486206,124.31847487057277,12.473353385925293,4.333832263946533,999.0,8.23763337347688,999.0,SAFE
12.26714563369751,123.94051468690853,12.478199005126953,4.335185527801514,999.0,8.295392103467167,999.0,SAFE
12.31650424003601,123.55944030294059,13.814667701721191,4.333744525909424,999.0,8.353976109697047,999.0,SAFE
12.35372543334961,123.17550718084794,13.814667701721191,4.335185527801514,999.0,8.410503111952048,999.0,SAFE
12.39692997932434,122.78839951587241,12.392362594604492,4.333754539489746,999.0,8.468028164114807,999.0,SAFE
12.417178392410278,122.39846580455315,12.392362594604492,4.335252285003662,999.0,8.523619062260483,999.0,SAFE
12.456169128417969,122.00555576883518,12.641327857971191,4.333789825439453,999.0,8.580248912955721,999.0,SAFE
12.49502682685852,121.6098705457473,13.360207557678223,4.335097789764404,999.0,8.634865986479284,999.0,SAFE
12.522069931030273,121.21124735417214,13.360207557678223,4.333774566650391,999.0,8.69046345118546,999.0,SAFE
12.554658651351929,120.80991270581045,12.39088249206543,4.335097789764404,999.0,8.744106453104562,999.0,SAFE
12.58756136894226,120.4056784962232,12.952079772949219,4.333624362945557,999.0,8.798662283680512,999.0,SAFE
12.617939472198486,119.99885063483688,11.601245880126953,4.335048675537109,999.0,8.851324376657294,999.0,SAFE
12.655970335006714,119.58910740026965,13.712990760803223,4.335019588470459,999.0,8.904864164545847,999.0,SAFE
12.677298545837402,119.1767858924262,13.712990760803223,4.335019588470459,999.0,8.956542261454903,999.0,SAFE
12.722106695175171,118.76152532449989,16.449546813964844,4.333447456359863,999.0,9.00896189895549,999.0,SAFE
12.757245063781738,118.3436154917698,13.550443649291992,4.334980487823486,999.0,9.059544909051594,999.0,SAFE
12.780190229415894,117.92285013202505,13.550443649291992,4.33330774307251,999.0,9.111209104642596,999.0,SAFE
12.817901611328125,117.49951533015748,11.87505054473877,4.335107326507568,999.0,9.160881812525032,999.0,SAFE
12.849092245101929,117.07346933401051,13.60755443572998,4.333554744720459,999.0,9.211627424228546,999.0,SAFE
12.865974187850952,116.64484288907958,13.60755443572998,4.335064888000488,999.0,9.260398405118123,999.0,SAFE
12.913896322250366,116.21352441965072,14.9879789352417,4.333378791809082,999.0,9.31016416398787,999.0,SAFE
12.93919563293457,115.77977200073946,14.9879789352417,4.335047245025635,999.0,9.358024200231577,999.0,SAFE
12.975106000900269,115.34335058193156,16.984540939331055,4.3333964347839355,999.0,9.406830550402718,999.0,SAFE
13.026118993759155,114.90448367972273,12.47292423248291,4.334988594055176,999.0,9.45377257108893,999.0,SAFE
13.056349992752075,114.4629419415202,14.27392292022705,4.333610534667969,999.0,9.501510386333619,999.0,SAFE
13.085488319396973,114.01891895657336,14.27392292022705,4.334824085235596,999.0,9.547414173719293,999.0,SAFE
13.125669956207275,113.57221877125707,13.083121299743652,4.333202362060547,999.0,9.594459911846194,999.0,SAFE
13.15565800666809,113.12314094597015,11.899598121643066,4.334804534912109,999.0,9.639521344165441,999.0,SAFE
13.186075925827026,112.67148870345038,11.899598121643066,4.333436489105225,999.0,9.685710577742796,999.0,SAFE
13.221828937530518,112.21752448321321,12.560479164123535,4.33504581451416,999.0,9.729935774168515,999.0,SAFE
13.284270763397217,111.76101999848902,13.432905197143555,4.332993507385254,999.0,9.7752099300583,999.0,SAFE
13.322586297988892,111.30227420900535,12.713802337646484,4.334870338439941,999.0,9.81858888119719,999.0,SAFE
13.356066465377808,110.84102713726723,13.428176879882812,4.333045959472656,999.0,9.86296652324461,999.0,SAFE
13.386717081069946,110.37754877603939,12.327193260192871,4.334706783294678,999.0,9.905490878882272,999.0,SAFE
13.417523860931396,109.91154192037976,12.172656059265137,4.332941055297852,999.0,9.948861786134358,999.0,SAFE
13.453199625015259,109.44323621561203,16.30563735961914,4.3351311683654785,999.0,9.990402672369326,999.0,SAFE
13.506093263626099,108.97246814362637,12.357339859008789,4.332801342010498,999.0,10.03314715922672,999.0,SAFE
13.524718284606934,108.49944412197327,13.461051940917969,4.334951400756836,999.0,10.073915326536577,999.0,SAFE
13.554772853851318,108.02406517367677,11.751238822937012,4.332748889923096,999.0,10.115871137180097,999.0,SAFE
13.607486724853516,107.54655363309007,13.595264434814453,4.334706783294678,999.0,10.15587294852229,999.0,SAFE
13.63333773612976,107.0666493300055,12.024215698242188,4.332748889923096,999.0,10.196975063538197,999.0,SAFE
13.661353349685669,106.58464083011481,12.936579704284668,4.334609508514404,999.0,10.236196686262804,999.0,SAFE
13.693071365356445,106.10037580820506,12.04310131072998,4.332748889923096,999.0,10.276464517532998,999.0,SAFE
13.721108198165894,105.61388982484972,15.56427001953125,4.3349995613098145,999.0,10.314693049245088,999.0,SAFE
13.746301651000977,105.12508840336181,11.61367130279541,4.332787036895752,999.0,10.354139128128947,999.0,SAFE
13.775729417800903,104.63415679196905,13.23764705657959,4.334570407867432,999.0,10.391680998315103,999.0,SAFE
13.803796529769897,104.14096898031968,12.306113243103027,4.33255672454834,999.0,10.430473848968436,999.0,SAFE
13.83502745628357,103.64572873735075,15.650632858276367,4.334570407867432,999.0,10.467308412435367,999.0,SAFE
13.852981805801392,103.14827892170149,11.724226951599121,4.332979679107666,999.0,10.50532294065964,999.0,SAFE
13.880043745040894,102.64884215329965,14.134406089782715,4.334511756896973,999.0,10.541442030545026,999.0,SAFE
13.912665128707886,102.14727332407841,13.58132553100586,4.33255672454834,999.0,10.578663909181786,999.0,SAFE
13.938070297241211,101.64368807833769,12.828636169433594,4.334674835205078,999.0,10.614050509807175,999.0,SAFE
13.963961124420166,101.13792044705762,12.581007957458496,4.332521915435791,999.0,10.650357181173911,999.0,SAFE
13.987935304641724,100.63014180764122,11.976693153381348,4.334776401519775,999.0,10.684870718060766,999.0,SAFE
14.021372079849243,100.12021156009429,12.13622760772705,4.332364559173584,999.0,10.720665529407427,999.0,SAFE
14.0539710521698,99.60834277974017,12.063061714172363,4.33447265625,999.0,10.754530176061298,999.0,SAFE
14.078968286514282,99.09439427863789,13.841493606567383,4.332312107086182,999.0,10.789647354754734,999.0,SAFE
14.105175256729126,98.57852828574748,12.086149215698242,4.334773540496826,999.0,10.822861386320644,999.0,SAFE
14.138213396072388,98.06066325805428,12.020553588867188,4.332329750061035,999.0,10.857240068735633,999.0,SAFE
14.162123441696167,97.54096669611714,12.31608772277832,4.334575653076172,999.0,10.88978483813594,999.0,SAFE
14.190736293792725,97.01927985111166,11.800860404968262,4.3323469161987305,999.0,10.923438663627191,999.0,SAFE
14.219182252883911,96.49569808665244,11.916823387145996,4.334722995758057,999.0,10.95508681120041,999.0,SAFE
14.265334606170654,95.97006690175678,12.666135787963867,4.332242488861084,999.0,10.988024133422886,999.0,SAFE
14.289555549621582,95.44256669108645,13.326033592224121,4.334537982940674,999.0,11.019109713974423,999.0,SAFE
14.325588703155518,94.91313807387102,12.625161170959473,4.332430839538574,999.0,11.051508341841606,999.0,SAFE
14.357067823410034,94.381886898797,12.937466621398926,4.334355354309082,999.0,11.082005164305682,999.0,SAFE
14.382458448410034,93.84876327959414,12.675211906433105,4.332313060760498,999.0,11.113730447025214,999.0,SAFE
14.414171934127808,93.31387093940269,11.696553230285645,4.334316253662109,999.0,11.14362029400625,999.0,SAFE
14.441126108169556,92.77712514480656,12.61607551574707,4.332499980926514,999.0,11.174663081300679,999.0,SAFE
14.468270778656006,92.2386059852173,11.967665672302246,4.334277153015137,999.0,11.20370967176532,999.0,SAFE
14.495546340942383,91.69816533442496,12.00027084350586,4.332032680511475,999.0,11.234068660973808,999.0,SAFE
14.5267915725708,91.15600256261446,15.41431999206543,4.334820747375488,999.0,11.262608012104954,999.0,SAFE
14.55347728729248,90.61198951446309,11.802254676818848,4.331980228424072,999.0,11.292466186560361,999.0,SAFE
14.583147048950195,90.06632739493729,13.218610763549805,4.334439754486084,999.0,11.320463037629265,999.0,SAFE
14.610890865325928,89.51886323663886,11.775501251220703,4.332139015197754,999.0,11.349692257622003,999.0,SAFE
14.641684770584106,88.96977816157407,12.017465591430664,4.334238052368164,999.0,11.377128116268791,999.0,SAFE
14.667192459106445,88.41893957403946,13.291885375976562,4.332174301147461,999.0,11.405721394174648,999.0,SAFE
14.695069074630737,87.86649375741892,12.034894943237305,4.334400653839111,999.0,11.43257996352485,999.0,SAFE
14.727150678634644,87.3122942194747,14.666393280029297,4.332156658172607,999.0,11.460391341005693,999.0,SAFE
14.756768226623535,86.75642283084457,11.886354446411133,4.334218502044678,999.0,11.486513586237326,999.0,SAFE
14.788155555725098,86.19884046302478,11.951398849487305,4.331840515136719,999.0,11.513973054971139,999.0,SAFE
14.816847085952759,85.63965312279402,12.153040885925293,4.334719181060791,999.0,11.539609806932901,999.0,SAFE
14.852252960205078,85.07879626450146,12.248759269714355,4.331964015960693,999.0,11.566545484931426,999.0,SAFE
14.87361478805542,84.51641595413484,12.011805534362793,4.334179401397705,999.0,11.591686953295248,999.0,SAFE
14.908127784729004,83.95238321334799,13.60362720489502,4.331858158111572,999.0,11.618026744947475,999.0,SAFE
14.936723470687866,83.38685042170931,12.405644416809082,4.334680557250977,999.0,11.642644517827936,999.0,SAFE
14.96477222442627,82.81967839838747,12.49884033203125,4.331822872161865,999.0,11.668229562733178,999.0,SAFE
14.991257190704346,82.2509278509656,11.858978271484375,4.334478378295898,999.0,11.692164856189757,999.0,SAFE
15.019150257110596,81.68061133071745,12.959773063659668,4.331648349761963,999.0,11.717432241824397,999.0,SAFE
15.046851873397827,81.10878647324681,11.867887496948242,4.334101676940918,999.0,11.740922403921342,999.0,SAFE
15.078593730926514,80.5354092187129,11.873069763183594,4.331841468811035,999.0,11.765701794111374,999.0,SAFE
15.10292387008667,79.96057133745255,11.543893814086914,4.334121227264404,999.0,11.788739260028828,999.0,SAFE
15.132126569747925,79.38422800228389,11.964508056640625,4.332216262817383,999.0,11.812966375869639,999.0,SAFE
15.163300275802612,78.8065047910678,12.634167671203613,4.334121227264404,999.0,11.835515780008873,999.0,SAFE
15.188965559005737,78.22725806075525,12.305167198181152,4.331700801849365,999.0,11.859023378921814,999.0,SAFE
15.224653244018555,77.64651938732719,12.13107967376709,4.334475517272949,999.0,11.8809304292584,999.0,SAFE
15.260955095291138,77.06432997550439,12.039583206176758,4.331926345825195,999.0,11.904164052783159,999.0,SAFE
15.289658546447754,76.48077823754457,12.61594295501709,4.334101676940918,999.0,11.925671783394053,999.0,SAFE
15.32421875,75.89575842683081,12.494302749633789,4.331718444824219,999.0,11.948461428020549,999.0,SAFE
15.353383779525757,75.3093911278201,11.76575756072998,4.334043025970459,999.0,11.969552333530698,999.0,SAFE
15.39071249961853,74.72163072080572,12.197257995605469,4.331911563873291,999.0,11.991823824604936,999.0,SAFE
15.433772563934326,74.13254353855729,12.174248695373535,4.334423065185547,999.0,12.012471254255399,999.0,SAFE
15.463932037353516,73.54209563235796,12.174248695373535,4.331578254699707,999.0,12.034054851748222,999.0,SAFE
15.493283033370972,72.95029536284711,15.597914695739746,4.334023475646973,999.0,12.05408880193095,999.0,SAFE
15.522475719451904,72.35708719898837,11.799283981323242,4.331403732299805,999.0,12.075443875704593,999.0,SAFE
15.553376913070679,71.7625995373017,11.941825866699219,4.333984375,999.0,12.095114993511086,999.0,SAFE
15.578180074691772,71.16677518107632,13.195053100585938,4.33159875869751,999.0,12.116048118764684,999.0,SAFE
15.604685544967651,70.56971647749052,15.086076736450195,4.334003925323486,999.0,12.13532909890986,999.0,SAFE
15.637065172195435,69.97136726777129,13.698384284973145,4.331613540649414,999.0,12.155784239503056,999.0,SAFE
15.663073539733887,69.37172319207092,11.85604476928711,4.333964824676514,999.0,12.174403618725504,999.0,SAFE
15.693204641342163,68.77081629880635,13.986419677734375,4.331529140472412,999.0,12.194352643163485,999.0,SAFE
15.725430011749268,68.16868989687887,12.794403076171875,4.334128379821777,999.0,12.21269046955831,999.0,SAFE
15.752026557922363,67.56531466856366,12.13836669921875,4.3313164710998535,999.0,12.232328006311288,999.0,SAFE
15.776283025741577,66.96075978671985,14.022122383117676,4.334129810333252,999.0,12.250326558449084,999.0,SAFE
15.804241180419922,66.35496784312579,12.27294635772705,4.331334114074707,999.0,12.2695335842846,999.0,SAFE
15.834681034088135,65.74801387085895,16.204729080200195,4.333945274353027,999.0,12.28715935163986,999.0,SAFE
15.860458612442017,65.13993224901184,15.169231414794922,4.331386566162109,999.0,12.305915480529785,999.0,SAFE
15.886486291885376,64.53065285558831,15.045894622802734,4.334150791168213,999.0,12.322893664088836,999.0,SAFE
15.921119689941406,63.920211004472094,13.19637680053711,4.331508159637451,999.0,12.341180390626466,999.0,SAFE
15.95810604095459,63.30865059541922,11.66178035736084,4.333925724029541,999.0,12.357908844980871,999.0,SAFE
15.976072788238525,62.695920333604526,12.382582664489746,4.331211566925049,999.0,12.375929135658946,999.0,SAFE
16.00920557975769,62.08209968452532,14.15577507019043,4.333886623382568,999.0,12.392350073743222,999.0,SAFE
16.050522089004517,61.467171264817466,14.48665714263916,4.331625938415527,999.0,12.409976195300048,999.0,SAFE
16.081786394119263,60.85118323202225,13.27517032623291,4.333886623382568,999.0,12.426060855859054,999.0,SAFE
16.111204624176025,60.23411940346357,14.718420028686523,4.3312811851501465,999.0,12.443273905876973,999.0,SAFE
16.13910675048828,59.61600317660388,14.790084838867188,4.334108829498291,999.0,12.458742313762452,999.0,SAFE
16.17228603363037,58.99680229239033,15.368179321289062,4.331387042999268,999.0,12.47551490020115,999.0,SAFE
16.199493408203125,58.37661226972165,13.002373695373535,4.334067344665527,999.0,12.49077500114173,999.0,SAFE
16.226112127304077,57.75538220181572,14.610763549804688,4.331295013427734,999.0,12.507309640499765,999.0,SAFE
16.251482725143433,57.133145523760554,11.950295448303223,4.334305763244629,999.0,12.522291324412677,999.0,SAFE
16.28053903579712,56.509928594343506,12.165810585021973,4.331722736358643,999.0,12.53846437514771,999.0,SAFE
16.30653429031372,55.88573779820158,12.836195945739746,4.334471225738525,999.0,12.553136383630433,999.0,SAFE
16.332815408706665,55.26058783237578,13.459095001220703,4.331193923950195,999.0,12.56871755906142,999.0,SAFE
16.3634512424469,54.63445272494537,12.012307167053223,4.333827972412109,999.0,12.582903637370075,999.0,SAFE
16.393162965774536,54.00739035069958,12.078930854797363,4.331054210662842,999.0,12.598370621678601,999.0,SAFE
16.425113201141357,53.37940451391944,14.393406867980957,4.3342671394348145,999.0,12.612321844300489,999.0,SAFE
16.45172142982483,52.75049066345394,12.45229721069336,4.331160545349121,999.0,12.627498580123671,999.0,SAFE
16.483118057250977,52.12070223990535,12.826873779296875,4.334188938140869,999.0,12.64118004137689,999.0,SAFE
16.51165223121643,51.4900341208835,12.826873779296875,4.331071853637695,999.0,12.65599757968819,999.0,SAFE
16.538066625595093,50.85849412403017,11.718720436096191,4.333847522735596,999.0,12.669377662894886,999.0,SAFE
16.564960956573486,50.22609488634965,13.505109786987305,4.331089496612549,999.0,12.683627629519949,999.0,SAFE
16.59584641456604,49.592859603645174,13.57546615600586,4.333788871765137,999.0,12.696538428079734,999.0,SAFE
16.62706685066223,48.958782429957175,12.492166519165039,4.330966949462891,999.0,12.71071462653968,999.0,SAFE
16.65256953239441,48.323872563829205,11.60733699798584,4.334400177001953,999.0,12.723408276139889,999.0,SAFE
16.68914484977722,47.688186006768866,12.601396560668945,4.3308796882629395,999.0,12.737334461040048,999.0,SAFE
16.716622352600098,47.05171698701315,12.686908721923828,4.333788871765137,999.0,12.749857406076526,999.0,SAFE
16.745282649993896,46.41447662871869,13.651137351989746,4.331054210662842,999.0,12.76352124439444,999.0,SAFE
16.77543544769287,45.77653686294899,11.999343872070312,4.333992958068848,999.0,12.775739857289434,999.0,SAFE
16.800597190856934,45.137848097426634,11.94221019744873,4.331332683563232,999.0,12.78909006751375,999.0,SAFE
16.834068059921265,44.49845291865677,12.58798885345459,4.33418607711792,999.0,12.8012685048703,999.0,SAFE
16.862731218338013,43.858348583181126,13.53664493560791,4.331298828125,999.0,12.81435852318501,999.0,SAFE
16.89154314994812,43.2175638895452,11.732694625854492,4.334264278411865,999.0,12.82641361719352,999.0,SAFE
16.91752004623413,42.57614249134095,13.59897518157959,4.331543445587158,999.0,12.839151042758372,999.0,SAFE
16.949124574661255,41.93406841968206,11.925216674804688,4.333892822265625,999.0,12.851036564480127,999.0,SAFE
16.97772455215454,41.29132408676279,12.752034187316895,4.332137107849121,999.0,12.863404439706313,999.0,SAFE
17.00363326072693,40.64797031496392,11.801661491394043,4.333991050720215,999.0,12.8750576353129,999.0,SAFE
17.03283452987671,40.00397468217324,19.826454162597656,4.332430839538574,999.0,12.887179180044894,999.0,SAFE
17.063340663909912,39.35936834866294,13.27133560180664,4.334136486053467,999.0,12.898641689722519,999.0,SAFE
17.095466136932373,38.714195560657465,12.929312705993652,4.332728385925293,999.0,12.910475818943842,999.0,SAFE
17.127299547195435,38.06841117712881,11.977117538452148,4.333710670471191,999.0,12.921737467884633,999.0,SAFE
17.155781745910645,37.42204478665902,11.87955093383789,4.332541465759277,999.0,12.933284403801393,999.0,SAFE
17.182803630828857,36.77512745991253,13.288588523864746,4.3338942527771,999.0,12.944336315980465,999.0,SAFE
17.215654373168945,36.12761244947146,13.413004875183105,4.3327531814575195,999.0,12.955602772484115,999.0,SAFE
17.250978708267212,35.47956139502522,12.01014232635498,4.333691120147705,999.0,12.966439813159594,999.0,SAFE
17.272257804870605,34.83095774490156,13.058300018310547,4.3327836990356445,999.0,12.97744428713622,999.0,SAFE
17.306644678115845,34.18178776168303,11.540603637695312,4.333730220794678,999.0,12.988059487049995,999.0,SAFE
17.341260194778442,33.53211084433935,11.72813892364502,4.332871437072754,999.0,12.998812265400638,999.0,SAFE
17.368932485580444,32.881852214352406,12.646206855773926,4.333737850189209,999.0,13.009212948150337,999.0,SAFE
17.425467014312744,32.231101974354914,13.84420394897461,4.332993507385254,999.0,13.019715264305052,999.0,SAFE
17.463570833206177,31.579846112321448,12.079238891601562,4.333671569824219,999.0,13.029895832726028,999.0,SAFE
17.496798753738403,30.928083592874284,12.963603019714355,4.3331522941589355,999.0,13.040159374510907,999.0,SAFE
17.53971552848816,30.275754530467946,13.87307071685791,4.333691120147705,999.0,13.05012930213968,999.0,SAFE
17.573227405548096,29.622933956542077,12.30350399017334,4.333150386810303,999.0,13.060154041727612,999.0,SAFE
17.606152057647705,28.969623329554757,11.555694580078125,4.333737850189209,999.0,13.069911916855093,999.0,SAFE
17.63945508003235,28.31582185635157,12.215105056762695,4.333115577697754,999.0,13.079710600402477,999.0,SAFE
17.668142318725586,27.661530623407803,14.406786918640137,4.333698749542236,999.0,13.089262039718978,999.0,SAFE
17.705226182937622,27.00674786959386,12.816437721252441,4.333203315734863,999.0,13.098831453463443,999.0,SAFE
17.741539001464844,26.351582743875746,14.893510818481445,4.333710670471191,14.893510818481445,13.108180974891757,1.1361996639357834,CRITICAL
17.779655933380127,25.696598778681473,12.493587493896484,4.333255290985107,999.0,13.082429068634408,999.0,SAFE
17.807315587997437,25.046300383531584,12.336222648620605,4.333554744720459,999.0,13.055601119995117,999.0,SAFE
17.840424060821533,24.40611698392129,12.25242805480957,4.33271598815918,999.0,12.962742805480957,999.0,SAFE
17.868109703063965,23.78038444891524,12.009596824645996,4.331666469573975,12.009596824645996,12.75772762298584,0.9413586164833992,CRITICAL
17.90227699279785,23.171465724192014,12.739314079284668,4.329965591430664,12.739314079284668,12.480466842651367,1.020740188640116,CRITICAL
17.929067373275757,22.580171291265362,12.516348838806152,4.32839822769165,12.516348838806152,12.11423110961914,1.033193830095227,CRITICAL
17.959728240966797,22.007004133145223,13.732483863830566,4.3270392417907715,13.732483863830566,11.785043716430664,1.1652467478491224,CRITICAL
17.99853491783142,21.45210291356378,11.709905624389648,4.325937271118164,11.709905624389648,11.401379585266113,1.0270604128926855,CRITICAL
18.024019718170166,20.915418852206002,14.582053184509277,4.3250203132629395,14.582053184509277,11.065109252929688,1.3178408681910136,CRITICAL
18.05146312713623,20.396712477800598,13.791879653930664,4.324355125427246,13.791879653930664,10.6954927444458,1.2895039044454335,CRITICAL
18.080076217651367,19.895414523829697,12.444314002990723,4.323846340179443,12.444314002990723,10.335562705993652,1.2040286878404978,CRITICAL
18.110914945602417,19.41107116484464,11.829245567321777,4.323593616485596,11.829245567321777,9.974447250366211,1.1859549978458674,CRITICAL
18.142072200775146,18.943434565031637,11.799650192260742,4.323436260223389,11.799650192260742,9.636408805847168,1.2244862614276975,CRITICAL
18.170183181762695,18.49227929397209,13.036508560180664,4.323359489440918,13.036508560180664,9.315886497497559,1.399384649403204,CRITICAL
18.200079441070557,18.057311637715923,13.495301246643066,4.323362827301025,13.495301246643066,9.018351554870605,1.4964266101773958,CRITICAL
18.235249519348145,17.638261969438176,11.442036628723145,4.323447227478027,11.442036628723145,8.663107872009277,1.3207773466255288,CRITICAL
18.259068250656128,17.234834698961023,12.199877738952637,4.323493957519531,12.199877738952637,8.350854873657227,1.4609136338169586,CRITICAL
18.285131454467773,16.84676184390823,12.229540824890137,4.323613166809082,12.229540824890137,8.014996528625488,1.525832329585227,CRITICAL
18.31506586074829,16.473714381648403,11.845011711120605,4.323674201965332,11.845011711120605,7.757704734802246,1.5268706551800144,CRITICAL
18.343067407608032,16.115411380975655,11.472795486450195,4.323787689208984,4.323787689208984,7.457869529724121,0.5797617767347732,CRITICAL
18.369022369384766,15.771524577753892,11.126233100891113,4.324130058288574,4.324130058288574,7.161365985870361,0.6038135834448682,CRITICAL
18.399073839187622,15.441770719891283,10.819649696350098,4.324120998382568,4.324120998382568,6.871740341186523,0.6292614074000262,CRITICAL
18.425067901611328,15.13047562627488,10.4501314163208,4.324300765991211,4.324300765991211,6.589512348175049,0.6562398759581681,CRITICAL
18.455000162124634,14.87788344658682,10.138761520385742,4.323554515838623,4.323554515838623,6.223971366882324,0.6946616976492218,CRITICAL
18.485048055648804,14.692307372896302,9.88256549835205,4.31835412979126,4.31835412979126,5.064660549163818,0.8526443357599208,CRITICAL
18.513763189315796,14.573915816660644,9.68953800201416,4.312652111053467,4.312652111053467,3.7257137298583984,1.1575371656955984,CRITICAL
18.542085647583008,14.52209740238969,9.620498657226562,4.307703971862793,4.307703971862793,2.378359079360962,1.81120841223867,CRITICAL
18.574105739593506,14.517840456071127,9.5269775390625,4.303828239440918,4.303828239440918,1.0473322868347168,4.10932451289943,CRITICAL
18.599117279052734,14.517581072250115,9.53637409210205,4.303618907928467,4.303618907928467,0.08673498034477234,999.0,CRITICAL
18.631779670715332,14.517260322353765,9.527079582214355,4.307878494262695,4.307878494262695,0.008623600006103516,999.0,CRITICAL
18.659064769744873,14.516985680655935,9.515490531921387,4.313293933868408,4.313293933868408,0.01024655345827341,999.0,CRITICAL
18.68913221359253,14.516772070446944,9.52083969116211,4.317988395690918,4.317988395690918,0.009004496037960052,999.0,CRITICAL
18.725847244262695,14.516588975982394,9.519301414489746,4.321787357330322,4.321787357330322,0.007430424913764,999.0,CRITICAL
18.74222755432129,14.516451655134164,9.552858352661133,4.324571132659912,4.324571132659912,0.005207183305174112,999.0,CRITICAL
18.771595239639282,14.516360107902097,9.520878791809082,4.326820373535156,4.326820373535156,0.003988636191934347,999.0,CRITICAL
18.801686763763428,14.516360107902097,9.545692443847656,4.328457832336426,4.328457832336426,0.003242948092520237,999.0,CRITICAL
18.830139636993408,14.516360107902097,9.514530181884766,4.3284478187561035,4.3284478187561035,0.0,999.0,CRITICAL
18.863929271697998,14.516360107902097,9.572219848632812,4.3284430503845215,4.3284430503845215,0.0,999.0,CRITICAL
18.8851637840271,14.516360107902097,9.541895866394043,4.3284478187561035,4.3284478187561035,0.0,999.0,CRITICAL
18.91748833656311,14.516360107902097,9.516318321228027,4.3284430503845215,4.3284430503845215,0.0,999.0,CRITICAL
18.943860054016113,14.516299076414091,9.515380859375,4.328449249267578,4.328449249267578,0.0025200735054383165,999.0,CRITICAL
18.983154296875,14.516253302798107,9.514810562133789,4.329277038574219,4.329277038574219,0.0024579947348684072,999.0,CRITICAL
19.010218381881714,14.514577951056724,9.51684856414795,4.329887390136719,4.329887390136719,0.008239106071622248,999.0,CRITICAL
19.041656970977783,14.511790461069427,9.518598556518555,4.330625057220459,4.330625057220459,0.10396675023603623,41.653942701763974,CRITICAL
19.07086730003357,14.506426094273838,9.536782264709473,4.331409931182861,4.331409931182861,0.16153308757295534,26.8143820951024,CRITICAL
19.098132371902466,14.497208651919795,9.512751579284668,4.332117557525635,4.332117557525635,0.1998355229872385,21.678415792983333,CRITICAL
19.12702250480652,14.483265527679382,9.504093170166016,4.333085536956787,4.333085536956787,0.32014942270791513,13.534572389062312,CRITICAL
19.155510425567627,14.464541426995908,9.500505447387695,4.333426475524902,4.333426475524902,0.408923549815411,10.597155574632522,CRITICAL
19.18385910987854,14.442283707066906,9.470682144165039,4.33424711227417,4.33424711227417,0.47725964505879154,9.081528591717099,CRITICAL
19.211498737335205,14.41496950206018,9.448448181152344,4.333867073059082,4.333867073059082,0.5645185556957423,7.677102956727077,CRITICAL
19.243702173233032,14.382875956345691,9.433629989624023,4.33493185043335,4.33493185043335,0.7234280183804078,5.992208955547898,CRITICAL
19.26994299888611,14.345867465068265,9.388235092163086,4.334286212921143,4.334286212921143,0.8082782255660351,5.3623691395198145,CRITICAL
19.301815271377563,14.304138370007841,9.364538192749023,4.335536003112793,4.335536003112793,0.8831078076715266,4.909407396752858,CRITICAL
19.337464809417725,14.257955108380093,9.318902015686035,4.334547996520996,4.334547996520996,0.9588236247194538,4.520693780140492,CRITICAL
19.372379541397095,14.20749852467059,9.278942108154297,4.335695743560791,4.335695743560791,1.0811601926507122,4.010225101731538,CRITICAL
19.40143847465515,14.153413531348725,9.212977409362793,4.33456563949585,4.33456563949585,1.1161550646572254,3.8834797930402334,CRITICAL
19.436530828475952,14.094317001269632,9.177506446838379,4.335691452026367,4.335691452026367,1.2677500066881844,3.4199892953286124,CRITICAL
19.460729598999023,14.031047754340833,9.101191520690918,4.334547996520996,4.334547996520996,1.305989544325508,3.3189760326600615,CRITICAL
19.491575956344604,13.962425755300902,9.066985130310059,4.335750102996826,4.335750102996826,1.4653495622904364,2.958850375755917,CRITICAL
19.51814889907837,13.889778532637804,8.991975784301758,4.334895610809326,4.334895610809326,1.5008519330501051,2.8882899874071777,CRITICAL
19.550870418548584,13.812140203312856,8.852174758911133,4.335886478424072,4.335886478424072,1.6519071949000403,2.6247760720519437,CRITICAL
19.575711727142334,13.730734349696254,8.852174758911133,4.334603786468506,4.334603786468506,1.685639218681701,2.571489639318251,CRITICAL
19.608020067214966,13.644522302781892,8.745902061462402,4.3359479904174805,4.3359479904174805,1.8327644455772893,2.365796652636248,CRITICAL
19.638110399246216,13.554694859170496,8.66930866241455,4.33435583114624,4.33435583114624,1.8674289941897206,2.321028453896809,CRITICAL
19.662495374679565,13.460219474857984,8.582967758178711,4.335849285125732,4.335849285125732,2.0093690149240033,2.157816335836013,CRITICAL
19.69194793701172,13.3622903538799,8.484130859375,4.334516525268555,4.334516525268555,2.0448885835489503,2.119683468399977,CRITICAL
19.7155020236969,13.259984305430395,8.407240867614746,4.33579158782959,4.33579158782959,2.18109549364862,1.9878962660990653,CRITICAL
19.74504327774048,13.154347321628462,8.32133674621582,4.334041595458984,4.334041595458984,2.217883104914989,1.9541343661685484,CRITICAL
19.774366855621338,13.044644204641521,8.19649600982666,4.335752964019775,4.335752964019775,2.3475823633005466,1.8469013193317705,CRITICAL
19.80185317993164,12.931984421578438,8.103058815002441,4.33402681350708,4.33402681350708,2.3792233226763804,1.8216141260046779,CRITICAL
19.833065032958984,12.816542236848704,8.000588417053223,4.335814476013184,4.335814476013184,2.473483072201252,1.752918596752137,CRITICAL
19.86363410949707,12.698690072417559,7.948028564453125,4.333657264709473,4.333657264709473,2.5145790803093804,1.7234125976170465,CRITICAL
19.89051389694214,12.5778021114326,7.874919891357422,4.335776329040527,4.335776329040527,2.615394052353926,1.6577908499632055,CRITICAL
19.917991638183594,12.454343983695685,7.815262794494629,4.3336567878723145,4.3336567878723145,2.6628478796076642,1.6274518800190803,CRITICAL
19.943406343460083,12.32794935463513,13.75577449798584,4.33532190322876,4.33532190322876,2.7630274460184507,1.569047715930582,CRITICAL
19.972068786621094,12.199150981725914,12.419059753417969,4.333203315734863,4.333203315734863,2.812744912865513,1.540560360064919,CRITICAL
20.005064010620117,12.067708848329115,13.047454833984375,4.335460662841797,4.335460662841797,2.9097687419223686,1.4899674329367942,CRITICAL
20.029080867767334,11.93413350931072,11.628437995910645,4.333011150360107,4.333011150360107,2.9603713259750917,1.4636715037539736,CRITICAL
20.056070804595947,11.798256380247107,12.446114540100098,4.335601329803467,4.335601329803467,3.0532969095832527,1.4199737065188451,CRITICAL
20.081976652145386,11.660611012989957,12.836540222167969,4.3328537940979,4.3328537940979,3.1043343818440494,1.395743261241104,CRITICAL
20.111125946044922,11.521075135123779,11.971675872802734,4.335463047027588,4.335463047027588,3.192689585475941,1.3579344095180148,CRITICAL
20.138970851898193,11.380193489999652,13.090360641479492,4.332785129547119,4.332785129547119,3.243933059009607,1.335657996244209,CRITICAL
20.167507648468018,11.237937088049906,14.000606536865234,4.335224151611328,4.335224151611328,3.348548412322998,1.294657749506402,CRITICAL
20.194156646728516,11.094759898533956,12.845107078552246,4.332381725311279,4.332381725311279,3.380526653725373,1.2815700537479724,CRITICAL
20.228555917739868,10.950855098413736,12.197165489196777,4.335182189941406,4.335182189941406,3.5025126934051514,1.2377348976076747,CRITICAL
20.254687786102295,10.806667036525901,11.78612995147705,4.332605361938477,4.332605361938477,3.5696535110473633,1.2137327470383135,CRITICAL
20.28722047805786,10.662365451953068,12.67513656616211,4.335693359375,4.335693359375,3.5988762378692627,1.2047353320329721,CRITICAL
20.310336351394653,10.518254382583834,10.953420639038086,4.331910610198975,4.331910610198975,3.6905016899108887,1.1737999259129384,CRITICAL
20.345972299575806,10.374672800753396,10.655386924743652,4.335026264190674,4.335026264190674,3.7542262077331543,1.1547056635162678,CRITICAL
20.370553255081177,10.231843159857805,10.268290519714355,4.3317179679870605,4.3317179679870605,3.8158507347106934,1.1351906217357526,CRITICAL
20.398414373397827,10.09020680919332,10.381178855895996,4.334950923919678,4.334950923919678,3.8606514930725098,1.1228547647199554,CRITICAL
20.431068420410156,9.950145412108036,9.22905445098877,4.332257270812988,4.332257270812988,3.942728281021118,1.0987968132795058,CRITICAL
20.459465265274048,9.812059922786874,8.684370994567871,4.334912300109863,4.334912300109863,4.011665344238281,1.0805767500860566,CRITICAL
20.491946697235107,9.676406328528179,8.579412460327148,4.331785202026367,4.331785202026367,4.062137126922607,1.0663808401042432,CRITICAL
20.515048027038574,9.543615395948812,8.02738094329834,4.335132122039795,4.335132122039795,4.125979900360107,1.0506915270385668,CRITICAL
20.53945302963257,9.414113541977663,8.099297523498535,4.331071853637695,4.331071853637695,4.163226127624512,1.0403162645669104,CRITICAL
20.570200443267822,9.288450591195035,7.367234706878662,4.335607528686523,4.335607528686523,4.238431930541992,1.0229272522803274,CRITICAL
20.597349405288696,9.167136300810222,6.935257911682129,4.330827236175537,4.330827236175537,4.298854351043701,1.0074375362645336,CRITICAL
20.627672910690308,9.050751623999192,6.644710063934326,4.334736347198486,4.334736347198486,4.350870132446289,0.9962918255988644,CRITICAL
20.649522066116333,8.939834230928454,6.261149883270264,4.330565452575684,4.330565452575684,4.4089202880859375,0.9822281124650882,CRITICAL
20.683616876602173,8.828350345406637,5.991472244262695,4.334697246551514,4.334697246551514,4.458329200744629,0.9722694425139207,CRITICAL
20.710570096969604,8.70902895081904,5.6108832359313965,4.332870960235596,4.332870960235596,4.432600498199463,0.9775008963689875,CRITICAL
20.739799737930298,8.586153303266803,5.587742805480957,4.332958221435547,4.332958221435547,4.507574860069559,0.9612615111108067,CRITICAL
20.765272617340088,8.461498126361228,5.481882095336914,4.334863185882568,4.334863185882568,4.5913264573398616,0.9441417913014437,CRITICAL
20.789128065109253,8.335459468731454,5.188470840454102,4.331106662750244,4.331106662750244,4.675272379288426,0.9263859538830626,CRITICAL
20.814422369003296,8.208029783458906,5.302283763885498,4.33577299118042,4.33577299118042,4.758310586473752,0.9112000808659986,CRITICAL
20.84034299850464,8.079099015198956,4.979706764221191,4.330722332000732,4.330722332000732,4.839852226123371,0.8948046613128844,CRITICAL
20.8684139251709,7.948514852725415,4.897546768188477,4.335631370544434,4.335631370544434,4.919589885662168,0.8812993504154393,CRITICAL
20.89464569091797,7.816129947487754,4.819189548492432,4.330058574676514,4.330058574676514,4.997336640992873,0.8664732608080243,CRITICAL
20.917232513427734,7.681691996727306,4.782963275909424,4.336109161376953,4.336109161376953,5.072793198239658,0.8547774356111448,CRITICAL
20.943161725997925,7.545035621792028,4.737030982971191,4.330141544342041,4.330141544342041,5.142779402533076,0.8419846945426493,CRITICAL
20.96845245361328,7.409320418676888,4.798794269561768,4.335586071014404,4.335586071014404,5.067162677456228,0.8556240142641162,CRITICAL
20.995078563690186,7.273921349691125,5.094276428222656,4.329282283782959,4.329282283782959,5.137094332476811,0.8427492281800534,CRITICAL
21.02331042289734,7.13605568704717,4.931862831115723,4.334453105926514,4.334453105926514,5.109015684731458,0.8483929925837257,CRITICAL
21.049835443496704,6.999319998248029,5.274298667907715,4.327770709991455,4.327770709991455,5.061054780561947,0.8551124019864743,CRITICAL
21.080729961395264,6.8566570440982835,5.038941383361816,4.335329532623291,4.335329532623291,5.2442898284830575,0.8266761896104646,CRITICAL
21.103132486343384,6.710687260533553,5.433865070343018,4.326999664306641,4.326999664306641,5.216178843590003,0.8295343764188517,CRITICAL
21.1289701461792,6.564858546431011,5.6791911125183105,4.333749771118164,4.333749771118164,5.190569710490273,0.8349275730483969,CRITICAL
21.155457735061646,6.4194682416955064,5.904041767120361,4.324258804321289,4.324258804321289,5.171516928608271,0.8361683552460127,CRITICAL
21.1850848197937,6.2731255755721635,6.928179740905762,4.332949161529541,4.332949161529541,5.18335113415969,0.8359358741826752,CRITICAL
21.22058892250061,6.126717354908797,7.399325370788574,4.3239617347717285,4.3239617347717285,5.19484524437183,0.8323562168586968,CRITICAL
21.241143465042114,5.97962666880445,7.5317888259887695,4.332675457000732,4.332675457000732,5.230393981566215,0.828365028001836,CRITICAL
21.268720865249634,5.833131628164964,8.143983840942383,4.324934482574463,4.324934482574463,5.26087119649706,0.8220947293775622,CRITICAL
21.297777891159058,5.687090247949094,9.271659851074219,4.334270000457764,4.334270000457764,5.310882450172593,0.8161110777959149,CRITICAL
21.32591938972473,5.543176458445275,10.852103233337402,4.3253068923950195,4.3253068923950195,5.352623956805905,0.8080722515347555,CRITICAL
21.353752613067627,5.401627074827529,12.086719512939453,4.334503173828125,4.334503173828125,5.410578866288582,0.8011163465031242,CRITICAL
21.37961745262146,5.264368634142284,12.560394287109375,4.327171802520752,4.327171802520752,5.49923038482666,0.7868686160994777,CRITICAL
21.405192136764526,5.1320519189772975,13.726961135864258,4.334266662597656,4.334266662597656,5.519653720209145,0.7852424956892816,CRITICAL
21.43346095085144,5.006948754579927,13.656912803649902,4.328154563903809,4.328154563903809,5.570227530602514,0.7770157574578728,CRITICAL
21.46290111541748,4.889874833936768,12.45399284362793,4.334987640380859,4.334987640380859,5.631408659174242,0.7697874373436997,CRITICAL
21.487868070602417,4.783523307612139,12.29066276550293,4.330108642578125,4.330108642578125,5.682551791884255,0.7620007350856579,CRITICAL
21.518569469451904,4.6888929944709234,13.517470359802246,4.335377216339111,4.335377216339111,5.741640746837601,0.7550763636207932,CRITICAL
21.546576261520386,4.6086504109334205,14.262613296508789,4.332010269165039,4.332010269165039,5.792252306471159,0.7478973704797487,CRITICAL
21.57298183441162,4.54387200513858,12.691118240356445,4.3350653648376465,4.3350653648376465,5.848322362823008,0.7412493867292729,CRITICAL
21.601235389709473,4.497110592607863,12.81648063659668,4.332731246948242,4.332731246948242,5.898064551774747,0.7346022087270152,CRITICAL
21.630674123764038,4.469085557070878,11.665258407592773,4.334804534912109,4.334804534912109,5.951094715775684,0.7284045611677175,CRITICAL
21.663520336151123,149.89754576882802,13.7849702835083,4.334321022033691,999.0,6.271511554718018,999.0,SAFE
21.971821546554565,147.1176811110771,12.335244178771973,4.334874629974365,999.0,6.44084146366292,999.0,SAFE
21.999600172042847,146.7964831667899,12.325872421264648,4.334586143493652,999.0,6.485461981876536,999.0,SAFE
22.03257131576538,146.47235635690808,12.14231014251709,4.333517551422119,999.0,6.533151873935037,999.0,SAFE
22.057600736618042,146.14496497627752,15.71558666229248,4.335066795349121,999.0,6.594149630654383,999.0,SAFE
22.085124492645264,145.81422980196825,12.984886169433594,4.330932140350342,999.0,6.657018367599676,999.0,SAFE
22.11612105369568,145.4799609900565,13.013314247131348,4.335477352142334,999.0,6.727163331936203,999.0,SAFE
22.142505645751953,145.142169761569,14.005682945251465,4.331686019897461,999.0,6.793447941212044,999.0,SAFE
22.174126625061035,144.80082779333716,13.501968383789062,4.335577487945557,999.0,6.86428536593886,999.0,SAFE
22.20274519920349,144.45601495302031,12.859490394592285,4.332609176635742,999.0,6.931340314527025,999.0,SAFE
22.231741666793823,144.10769195996193,13.69882869720459,4.335380554199219,999.0,7.001232811548328,999.0,SAFE
22.259085655212402,143.7559699113222,12.27932357788086,4.333759307861328,999.0,7.068319269228774,999.0,SAFE
22.289527654647827,143.40075031865237,14.155269622802734,4.335519313812256,999.0,7.13708826824851,999.0,SAFE
22.318485021591187,143.04216194908759,11.95138168334961,4.333989143371582,999.0,7.203781975954514,999.0,SAFE
22.348068475723267,142.6801962994384,11.673352241516113,4.335538864135742,999.0,7.271439839735748,999.0,SAFE
22.375703811645508,142.31486238408286,13.04859733581543,4.334268569946289,999.0,7.3374422329347375,999.0,SAFE
22.40307068824768,141.9462119097984,12.057984352111816,4.335455417633057,999.0,7.404009288559535,999.0,SAFE
22.432520389556885,141.5742685507245,12.153512001037598,4.334478378295898,999.0,7.469133340746593,999.0,SAFE
22.45767855644226,141.19902395903796,12.205265045166016,4.335380554199219,999.0,7.534612779840249,999.0,SAFE
22.488776206970215,140.82054664444289,11.628016471862793,4.334530830383301,999.0,7.598763247136958,999.0,SAFE
22.518022775650024,140.43878309500153,16.882911682128906,4.335400104522705,999.0,7.663154276952818,999.0,SAFE
22.57618236541748,140.05390839653487,14.16070556640625,4.334619998931885,999.0,7.726286884825775,999.0,SAFE
22.604131937026978,139.66582283800818,13.15379524230957,4.335361003875732,999.0,7.789583462614162,999.0,SAFE
22.63926601409912,139.27458158255465,15.222757339477539,4.334548473358154,999.0,7.851680166865438,999.0,SAFE
22.663607835769653,138.88021979088282,12.244709968566895,4.335360527038574,999.0,7.913882747210015,999.0,SAFE
22.69847059249878,138.48282356883814,11.850255012512207,4.334655284881592,999.0,7.974931775875434,999.0,SAFE
22.734496593475342,138.0823073003749,14.388237953186035,4.335363388061523,999.0,8.036045292097402,999.0,SAFE
22.764374256134033,137.6787860164224,11.654744148254395,4.334530830383301,999.0,8.096060575565149,999.0,SAFE
22.80106234550476,137.27226593243412,12.166104316711426,4.335282802581787,999.0,8.15610014185273,999.0,SAFE
22.839585542678833,136.8627254973617,12.895692825317383,4.334547996520996,999.0,8.215091351669907,999.0,SAFE
22.86657691001892,136.45024715762162,11.79396915435791,4.335263252258301,999.0,8.274050782065094,999.0,SAFE
22.904189586639404,136.03482371590252,12.235601425170898,4.334600448608398,999.0,8.33202444561168,999.0,SAFE
22.947319984436035,135.61653854249568,11.700268745422363,4.335201740264893,999.0,8.389915943457966,999.0,SAFE
22.973172903060913,135.1953539918882,12.20455265045166,4.3346357345581055,999.0,8.446881459081604,999.0,SAFE
23.02496647834778,134.77135241912393,16.48615837097168,4.335204601287842,999.0,8.503719960253573,999.0,SAFE
23.03692936897278,134.3445277214728,11.91069221496582,4.334600448608398,999.0,8.559682439021671,999.0,SAFE
23.0789155960083,133.91490085869594,13.116908073425293,4.335224628448486,999.0,8.615482284432977,999.0,SAFE
23.11107301712036,133.48251155528044,12.06399154663086,4.3346734046936035,999.0,8.670450470652202,999.0,SAFE
23.134363174438477,133.04736578924883,13.789460182189941,4.335087776184082,999.0,8.725227605756753,999.0,SAFE
23.16409707069397,132.6095039572243,12.424560546875,4.334618091583252,999.0,8.779209453227722,999.0,SAFE
23.189711809158325,132.16893074221224,12.575770378112793,4.335141658782959,999.0,8.832977699652602,999.0,SAFE
23.219321727752686,131.72571710132135,14.799683570861816,4.334740161895752,999.0,8.885983768277697,999.0,SAFE
23.247531175613403,131.27985336691154,12.451258659362793,4.335029125213623,999.0,8.938755821455919,999.0,SAFE
23.275115728378296,130.83134918686815,16.719928741455078,4.334712028503418,999.0,8.99079960796655,999.0,SAFE
23.308143854141235,130.38025496797556,12.813319206237793,4.335028648376465,999.0,9.042588855301364,999.0,SAFE
23.338561534881592,129.92662709654473,15.653361320495605,4.334600448608398,999.0,9.09367868397539,999.0,SAFE
23.366780281066895,129.4704100684916,12.628279685974121,4.3349690437316895,999.0,9.144498587231007,999.0,SAFE
23.393759965896606,129.0116889691188,12.252311706542969,4.334583282470703,999.0,9.194648570782567,999.0,SAFE
23.421943426132202,128.5504845638543,14.150468826293945,4.334906578063965,999.0,9.244512379621188,999.0,SAFE
23.443732738494873,128.08674587371834,13.264241218566895,4.334698677062988,999.0,9.2937325295521,999.0,SAFE
23.48238492012024,127.62058518392087,12.489768028259277,4.3348798751831055,999.0,9.342651775378311,999.0,SAFE
23.50711488723755,127.15199670613964,12.022430419921875,4.334618091583252,999.0,9.390953225799832,999.0,SAFE
23.543309926986694,126.6810319739806,13.36663818359375,4.334845066070557,999.0,9.438945388319356,999.0,SAFE
23.572867155075073,126.20766996684348,12.718146324157715,4.334600448608398,999.0,9.486340589177527,999.0,SAFE
23.601109266281128,125.731931377343,12.680951118469238,4.334830284118652,999.0,9.533416307008492,999.0,SAFE
23.631232261657715,125.25387210221366,15.74034595489502,4.334513187408447,999.0,9.579916156716203,999.0,SAFE
23.660069227218628,124.77349695328833,12.408339500427246,4.334799289703369,999.0,9.626091347054395,999.0,SAFE
23.68801736831665,124.29084569130632,11.664600372314453,4.334513187408447,999.0,9.671708729484301,999.0,SAFE
23.71521544456482,123.80589379806158,12.285908699035645,4.334722995758057,999.0,9.716994221190442,999.0,SAFE
23.743794918060303,123.31869750862194,15.076738357543945,4.334478378295898,999.0,9.761742799675712,999.0,SAFE
23.776809215545654,122.82929181937033,12.839536666870117,4.334705829620361,999.0,9.806153833623759,999.0,SAFE
23.807490587234497,122.33768691122295,12.431103706359863,4.334482669830322,999.0,9.850041635329676,999.0,SAFE
23.848074913024902,121.84387318436045,12.394514083862305,4.33451509475708,999.0,9.893591527127974,999.0,SAFE
23.865241765975952,121.347906310255,12.394514083862305,4.33451509475708,999.0,9.93663387642271,999.0,SAFE
23.8926842212677,120.84979044694532,11.673398971557617,4.334673881530762,999.0,9.979334556197818,999.0,SAFE
23.922796726226807,120.349551658635,12.47987174987793,4.33444356918335,999.0,10.02154407268506,999.0,SAFE
23.947811365127563,119.84722431344139,13.500228881835938,4.334600448608398,999.0,10.063411264395866,999.0,SAFE
23.981877326965332,119.34279107847286,11.960566520690918,4.334450721740723,999.0,10.10480076416142,999.0,SAFE
24.01214575767517,118.83633089910316,13.512393951416016,4.334674835205078,999.0,10.14584518725117,999.0,SAFE
24.04538059234619,118.327808831206,13.359882354736328,4.334212779998779,999.0,10.186425279412365,999.0,SAFE
24.072086811065674,117.81729032764005,13.359882354736328,4.334212779998779,999.0,10.226661463831304,999.0,SAFE
24.09814977645874,117.3047706772708,11.765848159790039,4.334461688995361,999.0,10.266445741502586,999.0,SAFE
24.12988543510437,116.79028510086059,12.51481819152832,4.334513187408447,999.0,10.305884051605652,999.0,SAFE
24.160564184188843,116.27383007127497,14.509780883789062,4.3343963623046875,999.0,10.34488254362465,999.0,SAFE
24.186039924621582,115.75544050184017,12.734715461730957,4.334537506103516,999.0,10.383540883435536,999.0,SAFE
24.215170860290527,115.235110822168,12.200091361999512,4.334375858306885,999.0,10.421769530754172,999.0,SAFE
24.248714923858643,114.71289119852814,13.004029273986816,4.334461688995361,999.0,10.459657074566595,999.0,SAFE
24.282673358917236,114.18877782748086,12.386629104614258,4.33437442779541,999.0,10.497128835442156,999.0,SAFE
24.31107187271118,113.66280473157204,12.03907299041748,4.334443092346191,999.0,10.534257757212707,999.0,SAFE
24.336973190307617,113.13501359833373,12.233171463012695,4.334321022033691,999.0,10.570980708843157,999.0,SAFE
24.364080667495728,112.6053791603312,11.947189331054688,4.334373474121094,999.0,10.607367393080876,999.0,SAFE
24.392700672149658,112.0739261056961,12.440427780151367,4.334408760070801,999.0,10.64335596443601,999.0,SAFE
24.419037580490112,111.54069077252385,12.296850204467773,4.334373474121094,999.0,10.679010475469278,999.0,SAFE
24.452375888824463,111.00566763409935,13.778849601745605,4.334392070770264,999.0,10.71427665040655,999.0,SAFE
24.469158411026,110.46892266265485,12.035971641540527,4.33435583114624,999.0,10.749212495057474,999.0,SAFE
24.496493816375732,109.93040543866032,12.438721656799316,4.334286212921143,999.0,10.783768780220381,999.0,SAFE
24.523961782455444,109.3901968929825,13.4315185546875,4.334408760070801,999.0,10.817999026552943,999.0,SAFE
24.553070545196533,108.84826187266249,12.864624977111816,4.334324359893799,999.0,10.851854912589017,999.0,SAFE
24.596396446228027,108.30466575294886,13.229025840759277,4.334360599517822,999.0,10.88539002110232,999.0,SAFE
24.612832069396973,107.75940477286149,14.29019832611084,4.334268569946289,999.0,10.918558879516926,999.0,SAFE
24.644484281539917,107.21248240006112,12.760163307189941,4.3343048095703125,999.0,10.951412276940921,999.0,SAFE
24.67495369911194,106.66394094372085,14.19124698638916,4.33423376083374,999.0,10.98390840847654,999.0,SAFE
24.706068515777588,106.11378444165031,12.624922752380371,4.334324359893799,999.0,11.016089613720524,999.0,SAFE
24.730939149856567,105.56203851009083,16.419126510620117,4.334309101104736,999.0,11.047921957984833,999.0,SAFE
24.756800889968872,105.00869278694542,12.050956726074219,4.334272384643555,999.0,11.079445321798191,999.0,SAFE
24.781139612197876,104.45377318424046,16.18120765686035,4.33423376083374,999.0,11.110625690987888,999.0,SAFE
24.809022665023804,103.89731510509189,12.73741340637207,4.3342366218566895,999.0,11.141501561220624,999.0,SAFE
24.8347487449646,103.33931337861506,12.86495590209961,4.334259986877441,999.0,11.172041729652396,999.0,SAFE
24.86596941947937,102.77980340046354,13.305713653564453,4.3342695236206055,999.0,11.202282689217894,999.0,SAFE
24.89310908317566,102.21879584009798,13.012125015258789,4.334251403808594,999.0,11.23219472905941,999.0,SAFE
24.919565200805664,101.65631082618397,12.617830276489258,4.334255218505859,999.0,11.261812074169752,999.0,SAFE
24.951171159744263,101.09235874913155,12.302116394042969,4.334183692932129,999.0,11.291108699739603,999.0,SAFE
24.98099637031555,100.5269436144117,12.957120895385742,4.334201335906982,999.0,11.320110423543003,999.0,SAFE
25.007073640823364,99.96006227724017,11.61613655090332,4.334167957305908,999.0,11.3488007866374,999.0,SAFE
25.03487539291382,99.3917786259649,12.528470993041992,4.334163188934326,999.0,11.377202892355918,999.0,SAFE
25.065141439437866,98.82208980659958,13.420948028564453,4.334146499633789,999.0,11.405297572103876,999.0,SAFE
25.09194779396057,98.25098341234002,11.991849899291992,4.334164142608643,999.0,11.433108489042993,999.0,SAFE
25.128831386566162,97.67851734165194,12.410672187805176,4.334170818328857,999.0,11.460620876455328,999.0,SAFE
25.15261197090149,97.10466477883897,12.410672187805176,4.334161758422852,999.0,11.48785198758727,999.0,SAFE
25.180939197540283,96.5294827735735,13.24662971496582,4.334142684936523,999.0,11.514788901791167,999.0,SAFE
25.207079887390137,95.9529445050323,13.082859992980957,4.334179878234863,999.0,11.541453619213733,999.0,SAFE
25.23764681816101,95.37507736463097,13.284433364868164,4.334080696105957,999.0,11.567828108085555,999.0,SAFE
25.28858494758606,94.7958994484217,11.6780366897583,4.332231044769287,999.0,11.593931540738145,999.0,SAFE
25.302077054977417,94.21542346170158,11.6780366897583,4.334094047546387,999.0,11.619758102115542,999.0,SAFE
25.326542854309082,93.63368133843468,12.812742233276367,4.3340959548950195,999.0,11.645314499475571,999.0,SAFE
25.35922408103943,93.05064143026081,13.44256591796875,4.334079742431641,999.0,11.670598446737111,999.0,SAFE
25.387084484100342,92.46636590193867,13.26783561706543,4.333597183227539,999.0,11.69561641770023,999.0,SAFE
25.42239260673523,91.88083751837087,12.228211402893066,4.334094047546387,999.0,11.720366928732,999.0,SAFE
25.449073791503906,91.29408962057072,12.609926223754883,4.3340253829956055,999.0,11.744859280355893,999.0,SAFE
25.48691177368164,90.7061199513007,14.831815719604492,4.3340630531311035,999.0,11.769087513487142,999.0,SAFE
25.52270007133484,90.11693104671606,12.466134071350098,4.334067344665527,999.0,11.793064350631708,999.0,SAFE
25.554274082183838,89.52656558406225,11.76128101348877,4.334037780761719,999.0,11.816781712027836,999.0,SAFE
25.592103719711304,88.93502693889918,12.412514686584473,4.334059238433838,999.0,11.84025316294587,999.0,SAFE
25.615128755569458,88.34231201929583,12.412514686584473,4.3340253829956055,999.0,11.863468386685833,999.0,SAFE
25.64506721496582,87.74843889086141,12.528905868530273,4.333980560302734,999.0,11.886442464215568,999.0,SAFE
25.67520833015442,87.15345024292833,13.576704025268555,4.3340253829956055,999.0,11.909165091246862,999.0,SAFE
25.70107126235962,86.55731864182,13.339529991149902,4.334043979644775,999.0,11.93165095239577,999.0,SAFE
25.73239541053772,85.960071804385,14.714789390563965,4.333954334259033,999.0,11.953892150453772,999.0,SAFE
25.760083198547363,85.36171280622487,13.063346862792969,4.3339715003967285,999.0,11.975899162744174,999.0,SAFE
25.786335945129395,84.762253831847,13.434032440185547,4.334059238433838,999.0,11.997667580786144,999.0,SAFE
25.81531524658203,84.16171265157467,12.234097480773926,4.333973407745361,999.0,12.019207606155076,999.0,SAFE
25.842403173446655,83.5601175510211,12.270922660827637,4.33393669128418,999.0,12.04050925060888,999.0,SAFE
25.870331287384033,82.95747103656397,11.689040184020996,4.333954811096191,999.0,12.061589730665899,999.0,SAFE
25.899071216583252,82.35377004754565,12.497373580932617,4.333957672119141,999.0,12.082437814110063,999.0,SAFE
25.927661180496216,81.74903262275247,13.838580131530762,4.333919525146484,999.0,12.103066313466567,999.0,SAFE
25.95739245414734,81.14327179863837,13.43283462524414,4.333903789520264,999.0,12.123469009063237,999.0,SAFE
25.985072374343872,80.53650394469922,12.478023529052734,4.333884239196777,999.0,12.143655933222226,999.0,SAFE
26.010185956954956,79.92869716158494,13.41000747680664,4.333919525146484,999.0,12.163622238595776,999.0,SAFE
26.036400079727173,79.31992995503492,12.184191703796387,4.333901882171631,999.0,12.183376721220721,999.0,SAFE
26.067102670669556,78.71017042618803,15.449785232543945,4.333921432495117,999.0,12.202909213964308,999.0,SAFE
26.098156213760376,78.09945019543544,12.712692260742188,4.333955764770508,999.0,12.222225701682977,999.0,SAFE
26.126827239990234,77.48775262674594,12.914152145385742,4.333955764770508,999.0,12.241320719990764,999.0,SAFE
26.154983520507812,76.87512514641604,12.492138862609863,4.333920001983643,999.0,12.260211785831396,999.0,SAFE
26.183377027511597,76.26155084661289,12.491900444030762,4.333866596221924,999.0,12.278888285922474,999.0,SAFE
26.209321975708008,75.64706216506747,16.963382720947266,4.333867073059082,999.0,12.29736576859378,999.0,SAFE
26.236233472824097,75.03164137635818,12.81863021850586,4.333919525146484,999.0,12.315635557783416,999.0,SAFE
26.27107310295105,74.41532200831384,13.330134391784668,4.333831787109375,999.0,12.333713431521643,999.0,SAFE
26.29517436027527,73.79810077952068,14.082399368286133,4.333916187286377,999.0,12.351586951195223,999.0,SAFE
26.324167013168335,73.17999595251011,12.151911735534668,4.333869934082031,999.0,12.369271073923649,999.0,SAFE
26.351871967315674,72.56100507249103,12.804427146911621,4.333888530731201,999.0,12.38675564750965,999.0,SAFE
26.380341291427612,71.94114557609473,12.105843544006348,4.333832740783691,999.0,12.404054772702588,999.0,SAFE
26.4088613986969,71.32043027482374,12.042176246643066,4.333825588226318,999.0,12.421162936953678,999.0,SAFE
26.4370698928833,70.69886188395542,12.81108283996582,4.333895683288574,999.0,12.438085378349559,999.0,SAFE
26.46175217628479,70.07645322094433,12.831497192382812,4.333798885345459,999.0,12.454820767765549,999.0,SAFE
26.49339199066162,69.45322170985669,13.215463638305664,4.33381462097168,999.0,12.471373291530742,999.0,SAFE
26.517056465148926,68.82916491837307,11.907285690307617,4.333827495574951,999.0,12.487745668423532,999.0,SAFE
26.547862768173218,68.20430026533776,11.872745513916016,4.33381462097168,999.0,12.503935890197125,999.0,SAFE
26.57046604156494,67.57861087567211,17.409494400024414,4.333796977996826,999.0,12.519952341052212,999.0,SAFE
26.601128578186035,66.95214306485904,12.522138595581055,4.333800315856934,999.0,12.535791349321643,999.0,SAFE
26.62847375869751,66.32488077273678,13.930686950683594,4.333807468414307,999.0,12.551457404830701,999.0,SAFE
26.657714366912842,65.69684113505373,11.850704193115234,4.333779335021973,999.0,12.566953785083593,999.0,SAFE
26.68454670906067,65.0680378048156,12.868866920471191,4.333747386932373,999.0,12.582276704225826,999.0,SAFE
26.714335918426514,64.43847238448751,12.768027305603027,4.333762168884277,999.0,12.597432253345309,999.0,SAFE
26.745083808898926,63.808154718918054,13.16845703125,4.333815097808838,999.0,12.612411834435635,999.0,SAFE
26.772549390792847,63.1770864041563,12.928729057312012,4.333744525909424,999.0,12.62722685671973,999.0,SAFE
26.801271200180054,62.54526939794998,12.336026191711426,4.333779335021973,999.0,12.641873926895466,999.0,SAFE
26.829716205596924,61.91274422898861,12.2891206741333,4.333762168884277,999.0,12.65635890285052,999.0,SAFE
26.85548186302185,61.279507991290444,13.804471015930176,4.333765983581543,999.0,12.670682917040184,999.0,SAFE
26.88312005996704,60.64554096237043,12.37078857421875,4.333744525909424,999.0,12.684848622560141,999.0,SAFE
26.910862684249878,60.01088602203511,11.78654670715332,4.3337860107421875,999.0,12.698856249525498,999.0,SAFE
26.94038224220276,59.37553053771421,13.56969928741455,4.333732604980469,999.0,12.71271316496782,999.0,SAFE
26.97016978263855,58.739479519644604,12.425860404968262,4.333747386932373,999.0,12.726411220225613,999.0,SAFE
26.99649405479431,58.10275846875785,13.822925567626953,4.333744525909424,999.0,12.739961163041263,999.0,SAFE
27.026129484176636,57.465349520312486,12.971510887145996,4.333730697631836,999.0,12.753359890141354,999.0,SAFE
27.05539631843567,56.827293421014005,14.18763542175293,4.3336920738220215,999.0,12.766610501838585,999.0,SAFE
27.07762575149536,56.18856468979563,14.107110023498535,4.333709716796875,999.0,12.779714700038365,999.0,SAFE
27.10610580444336,55.54919643134947,14.166666030883789,4.333711624145508,999.0,12.792673436728718,999.0,SAFE
27.13506841659546,54.90919343729996,17.221067428588867,4.3336920738220215,999.0,12.805487037889272,999.0,SAFE
27.163913249969482,54.26853590987574,13.178400993347168,4.333709716796875,999.0,12.818161478406822,999.0,SAFE
27.1882164478302,53.62725917040574,12.216975212097168,4.333729267120361,999.0,12.830693911161768,999.0,SAFE
27.213639497756958,52.98535052141877,11.547966003417969,4.333710193634033,999.0,12.843088333846708,999.0,SAFE
27.244808197021484,52.34283029810185,16.709259033203125,4.333677768707275,999.0,12.85534545909723,999.0,SAFE
27.274892807006836,51.6996934176693,11.788069725036621,4.333693981170654,999.0,12.86746721293356,999.0,SAFE
27.303524494171143,51.05596811200875,11.88205623626709,4.33366060256958,999.0,12.879451952910136,999.0,SAFE
27.33052897453308,50.41163326708823,12.389988899230957,4.333674430847168,999.0,12.891305636505086,999.0,SAFE
27.357978582382202,49.76671763565422,11.999940872192383,4.333665370941162,999.0,12.903020524887888,999.0,SAFE
27.38793182373047,49.12121535106529,12.993050575256348,4.333675861358643,999.0,12.914618453261578,999.0,SAFE
27.41373610496521,48.475141166391715,13.285087585449219,4.333674907684326,999.0,12.926065044198552,999.0,SAFE
27.443122386932373,47.828496074754064,12.496377944946289,4.333705902099609,999.0,12.937417474906159,999.0,SAFE
27.46996808052063,47.18129358850761,12.540539741516113,4.333622455596924,999.0,12.948603477301386,999.0,SAFE
27.51569437980652,46.5335285555596,13.258708000183105,4.3336968421936035,999.0,12.959709574687345,999.0,SAFE
27.537068367004395,45.885213999434804,13.258708000183105,4.333554744720459,999.0,12.970650570787468,999.0,SAFE
27.563973903656006,45.23635976524532,13.676602363586426,4.333701133728027,999.0,12.981506035433954,999.0,SAFE
27.59106993675232,44.58696289450261,12.530680656433105,4.333622455596924,999.0,12.992205199261944,999.0,SAFE
27.621078491210938,43.93703322712101,13.480661392211914,4.333679676055908,999.0,13.0028189629336,999.0,SAFE
27.664321184158325,43.28657740715084,11.650860786437988,4.33358097076416,999.0,13.013284208948908,999.0,SAFE
27.70639729499817,42.63560379387497,13.235493659973145,4.333684921264648,999.0,13.023659053473184,999.0,SAFE
27.761126041412354,41.9841183076535,14.24773120880127,4.333535194396973,999.0,13.033896065419048,999.0,SAFE
27.789459466934204,41.33212265290364,13.378219604492188,4.333622455596924,999.0,13.044039972696874,999.0,SAFE
27.822952270507812,40.67962396865665,12.172151565551758,4.3335700035095215,999.0,13.054048905979306,999.0,SAFE
27.87114429473877,40.02661486538252,13.672465324401855,4.333653926849365,999.0,13.063965025405476,999.0,SAFE
27.919477224349976,39.373124648313976,17.711463928222656,4.333587169647217,999.0,13.073754372472422,999.0,SAFE
27.950172424316406,38.71913950890135,12.775334358215332,4.333671569824219,999.0,13.08345210609935,999.0,SAFE
27.983752965927124,38.064673256034986,15.767021179199219,4.3335700035095215,999.0,13.093021020541615,999.0,SAFE
28.011580228805542,37.40974355552127,12.793257713317871,4.333678722381592,999.0,13.10250109648628,999.0,SAFE
28.04593515396118,36.75434775724413,12.37005615234375,4.333552837371826,999.0,13.11186170489104,999.0,SAFE
28.080589294433594,36.098472045710665,12.969369888305664,4.33364725112915,999.0,13.1211323163776,999.0,SAFE
28.107943534851074,35.442137867238976,13.171733856201172,4.3335723876953125,999.0,13.130283009759488,999.0,SAFE
28.141612768173218,34.78535405112116,12.371734619140625,4.333665370941162,999.0,13.139343426796197,999.0,SAFE
28.171937942504883,34.12811987805607,12.633370399475098,4.3335700035095215,999.0,13.148294078863062,999.0,SAFE
28.200523138046265,33.470443694954064,13.701824188232422,4.333649158477783,999.0,13.157153228885084,999.0,SAFE
28.224565267562866,32.812316916375984,12.141459465026855,4.333554744720459,999.0,13.165900909324668,999.0,SAFE
28.248868465423584,32.153765054458866,12.794331550598145,4.33359956741333,999.0,13.174562628064232,999.0,SAFE
28.27919578552246,31.494777615069797,13.786849975585938,4.33356237411499,999.0,13.183119793631855,999.0,SAFE
28.30707335472107,30.8353634200425,13.606770515441895,4.333605766296387,999.0,13.191591416294129,999.0,SAFE
28.336127996444702,30.175528906854115,12.093340873718262,4.333587169647217,999.0,13.199955764862732,999.0,SAFE
28.368873119354248,29.515283134087422,12.764050483703613,4.333596706390381,999.0,13.208233974748888,999.0,SAFE
28.39312767982483,28.854632540215285,12.430788040161133,4.333585739135742,999.0,13.21641448409115,999.0,SAFE
28.422226190567017,28.19356305653462,11.867399215698242,4.33357572555542,999.0,13.224508762361747,999.0,SAFE
28.448366165161133,27.532096143484416,14.233875274658203,4.333552360534668,999.0,13.232507364725286,999.0,SAFE
28.47408413887024,26.8702329898321,14.476850509643555,4.333583354949951,999.0,13.240417640560462,999.0,SAFE
28.504072427749634,26.207972407939245,13.00541877746582,4.3335700035095215,999.0,13.24823687620936,999.0,SAFE
28.539135694503784,25.54533108063705,11.708338737487793,4.3335700035095215,999.0,13.25597426284273,999.0,SAFE
28.559643507003784,24.882300192259493,13.243020057678223,4.333517551422119,13.243020057678223,13.263622855591795,0.9984466688974886,CRITICAL
28.588300943374634,24.219582811241583,12.43503189086914,4.333535194396973,12.43503189086914,13.235818678092643,0.9394985072930222,CRITICAL
28.61169123649597,23.561663701693977,13.154781341552734,4.333499908447266,13.154781341552734,13.170854568481445,0.9987796367467928,CRITICAL
28.639708042144775,22.91405348830158,11.713162422180176,4.332815170288086,11.713162422180176,13.107885360717773,0.8935966481124897,CRITICAL
28.668122053146362,22.281083643095258,13.181032180786133,4.331601619720459,13.181032180786133,12.84072494506836,1.0265021824837446,CRITICAL
28.695711612701416,21.665002375072575,13.151567459106445,4.330000400543213,13.151567459106445,12.590210914611816,1.0445867466638812,CRITICAL
28.7270724773407,21.066736154749304,12.649274826049805,4.328351974487305,12.649274826049805,12.263672828674316,1.0314426194144624,CRITICAL
28.75087285041809,20.486705294948184,12.056893348693848,4.326974868774414,12.056893348693848,11.910988807678223,1.0122495741849384,CRITICAL
28.793811321258545,19.925056911342267,11.460572242736816,4.325742244720459,11.460572242736816,11.553878784179688,0.9919242236147888,CRITICAL
28.817935466766357,19.38173972457138,13.147764205932617,4.324974536895752,13.147764205932617,11.136448860168457,1.1806065264626677,CRITICAL
28.84636616706848,18.856591634649405,13.46094799041748,4.324257850646973,13.46094799041748,10.823710441589355,1.243653741760748,CRITICAL
28.87308096885681,18.34918395092879,13.858696937561035,4.323771953582764,13.858696937561035,10.49919319152832,1.3199773244236956,CRITICAL
28.908281326293945,17.858879682669635,13.387089729309082,4.323476314544678,13.387089729309082,10.14096450805664,1.3201002447719354,CRITICAL
28.93225383758545,17.385347621032366,12.092361450195312,4.323339939117432,12.092361450195312,9.760272979736328,1.2389368079459173,CRITICAL
28.958393096923828,16.928366098175054,12.441913604736328,4.323281288146973,12.441913604736328,9.463537216186523,1.314721263361818,CRITICAL
28.98581051826477,16.48767138647653,11.963140487670898,4.323261737823486,11.963140487670898,9.132472038269043,1.3099564321182828,CRITICAL
29.008314847946167,16.06298601599839,11.491629600524902,4.323359966278076,4.323359966278076,8.806509971618652,0.49092773189507155,CRITICAL
29.035805702209473,15.65404719150599,11.069555282592773,4.323418140411377,4.323418140411377,8.488054275512695,0.5093532628418819,CRITICAL
29.064753770828247,15.260551038711666,10.655927658081055,4.323559761047363,4.323559761047363,8.17162036895752,0.5290945450025762,CRITICAL
29.089590549468994,14.882199193873369,10.261387825012207,4.323671340942383,4.323671340942383,7.865211009979248,0.5497209592287583,CRITICAL
29.116944789886475,14.518702813985366,9.879400253295898,4.323710918426514,4.323710918426514,7.562994956970215,0.5716929527292215,CRITICAL
29.138967514038086,14.169736589067645,9.521736145019531,4.323850631713867,4.323850631713867,7.264281272888184,0.5952207065345035,CRITICAL
29.170071601867676,13.83498856384083,9.213851928710938,4.324062347412109,4.324062347412109,6.968080520629883,0.6205528674087758,CRITICAL
29.192546129226685,13.51412579004271,8.845792770385742,4.324201583862305,4.324201583862305,6.690148830413818,0.6463535705221123,CRITICAL
29.21742296218872,13.235087766571018,8.531624794006348,4.324375629425049,4.324375629425049,6.406727313995361,0.67497419782149,CRITICAL
29.242893934249878,13.02326242882805,8.236937522888184,4.3208417892456055,4.3208417892456055,5.586366653442383,0.7734619041847268,CRITICAL
29.269202709197998,12.87863117164081,8.031041145324707,4.314897060394287,4.314897060394287,4.247302532196045,1.0159146959007164,CRITICAL
29.294928789138794,12.800885013527239,7.87350606918335,4.309579372406006,4.309579372406006,2.90686297416687,1.4825533266290838,CRITICAL
29.318965196609497,12.784348318042618,7.807315349578857,4.305303573608398,4.305303573608398,1.5662391185760498,2.7488162711212167,CRITICAL
29.34552264213562,12.78417619458413,7.783873558044434,4.302857398986816,4.302857398986816,0.33834460377693176,12.717381483121452,CRITICAL
29.374889850616455,12.783882471491696,7.786439418792725,4.30593729019165,4.30593729019165,0.0064529553055763245,999.0,CRITICAL
29.397647619247437,12.783611635913308,7.791665077209473,4.311302661895752,4.311302661895752,0.011496550403535366,999.0,CRITICAL
29.425877809524536,12.783390389948112,7.793363094329834,4.31746244430542,4.31746244430542,0.010863489471375942,999.0,CRITICAL
29.4513418674469,12.783222548181563,7.7901763916015625,4.320371627807617,4.320371627807617,0.008647402748465538,999.0,CRITICAL
29.476301193237305,12.783100481442334,7.791421890258789,4.323632717132568,4.323632717132568,0.007135540246963501,999.0,CRITICAL
29.507137298583984,12.782993673045565,7.787044525146484,4.326074600219727,4.326074600219727,0.005223059561103582,999.0,CRITICAL
29.530300617218018,12.782909752162427,7.787452697753906,4.327851295471191,4.327851295471191,0.003480020444840193,999.0,CRITICAL
29.55622911453247,12.782909752162427,7.835545063018799,4.329257965087891,4.329257965087891,0.002558214357122779,999.0,CRITICAL
29.58956241607666,12.782909752162427,7.7838921546936035,4.329218864440918,4.329218864440918,0.0,999.0,CRITICAL
29.621750354766846,12.782909752162427,7.788631439208984,4.329257965087891,4.329257965087891,0.0,999.0,CRITICAL
29.643341302871704,12.782909752162427,7.797427654266357,4.329218864440918,4.329218864440918,0.0,999.0,CRITICAL
29.680265188217163,12.78288686464885,7.789589881896973,4.329257965087891,4.329257965087891,0.002519202322443343,999.0,CRITICAL
29.698734283447266,12.782844904207296,7.80328369140625,4.329310417175293,4.329310417175293,0.0007172052282840014,999.0,CRITICAL
29.73008966445923,12.781191089763519,7.784145832061768,4.3299784660339355,4.3299784660339355,0.008240343052693413,999.0,CRITICAL
29.75718855857849,12.77853646662227,7.79086446762085,4.330648422241211,4.330648422241211,0.09745591879634215,999.0,CRITICAL
29.787089586257935,12.773469194403008,7.816681861877441,4.33140230178833,4.33140230178833,0.15381087853489717,28.16057188572397,CRITICAL
29.814799547195435,12.764586848334476,7.801900863647461,4.332226276397705,4.332226276397705,0.16957809756975634,25.547086200891208,CRITICAL
29.834068298339844,12.750985973439175,7.831389427185059,4.332659721374512,4.332659721374512,0.33728395412934126,12.84573330076956,CRITICAL
29.8590669631958,12.733306527570024,7.754865646362305,4.3336615562438965,4.3336615562438965,0.36334073869531064,11.927265772082903,CRITICAL
29.883018732070923,12.71173704698639,7.750489234924316,4.3336615562438965,4.3336615562438965,0.4607056088649973,9.40657433479133,CRITICAL
29.909929513931274,12.685486795753215,7.712734222412109,4.33452033996582,4.33452033996582,0.566740862640601,7.648152137416212,CRITICAL
29.936172246932983,12.654383135971674,7.714077472686768,4.33413028717041,4.33413028717041,0.6928064798635802,6.2559032184916035,CRITICAL
29.965126752853394,12.619248255460521,7.693102836608887,4.335116863250732,4.335116863250732,0.7730870357630747,5.60754050023845,CRITICAL
30.040741205215454,12.579200739779502,7.633142471313477,4.334356307983398,4.334356307983398,0.8589972585047255,5.045832527484783,CRITICAL
30.05107069015503,12.534818604179096,7.633142471313477,4.334356307983398,4.334356307983398,0.9518092710779948,4.553807616387701,CRITICAL
30.067991018295288,12.485275495590445,7.539087295532227,4.334495544433594,4.334495544433594,1.057222627779211,4.099889115633651,CRITICAL
30.09329342842102,12.431442994729126,7.52632999420166,4.335663795471191,4.335663795471191,1.121524963698844,3.8658647250899887,CRITICAL
30.120526552200317,12.3729632956288,7.437601566314697,4.334618091583252,4.334618091583252,1.2380172210234355,3.501258316907692,CRITICAL
30.148959159851074,12.311044649496411,7.379105567932129,4.335741996765137,4.335741996765137,1.2680230585965775,3.4192927071561687,CRITICAL
30.183067560195923,12.244934715345996,7.328139305114746,4.334637641906738,4.334637641906738,1.4111171602465873,3.0717772868337008,CRITICAL
30.206737279891968,12.174217637830846,7.2671942710876465,4.335663795471191,4.335663795471191,1.4606895701929472,2.968230816420822,CRITICAL
30.250276803970337,12.098135499594914,7.145831108093262,4.336123943328857,4.336123943328857,1.622006184544305,2.6733091307830437,CRITICAL
30.284510135650635,12.017930018909764,7.035737991333008,4.33444356918335,4.33444356918335,1.6615025843057487,2.608749219005565,CRITICAL
30.306222438812256,11.932685610358604,7.035737991333008,4.33444356918335,4.33444356918335,1.8121190315442848,2.391919898048609,CRITICAL
30.33467721939087,11.843680478945062,6.960451602935791,4.335966110229492,4.335966110229492,1.8485845379465957,2.345560087311925,CRITICAL
30.375136613845825,11.74996505679006,6.898046493530273,4.334582328796387,4.334582328796387,1.9919948766984497,2.1760007415182527,CRITICAL
30.406070709228516,11.652723282689438,6.780132293701172,4.335859298706055,4.335859298706055,2.0280187091653845,2.1379779580487424,CRITICAL
30.43733835220337,11.55107327553212,6.684551239013672,4.334717273712158,4.334717273712158,2.1650820050960897,2.002103044369341,CRITICAL
30.47307324409485,11.44609202348315,6.678450107574463,4.335741996765137,4.335741996765137,2.2019045838294122,1.969087138746353,CRITICAL
30.50014090538025,11.336978195663596,6.502876281738281,4.334024429321289,4.334024429321289,2.33239556081502,1.8581858506911366,CRITICAL
30.524255514144897,11.22482373992491,6.394030570983887,4.335702896118164,4.335702896118164,2.3675630343736582,1.8312935424188947,CRITICAL
30.549336194992065,11.10979455980031,6.37421178817749,4.333832263946533,4.333832263946533,2.4614171458408904,1.7607061327534437,CRITICAL
30.574524641036987,10.992382682536249,6.265324592590332,4.3358235359191895,4.3358235359191895,2.5014637794738905,1.7333145382705093,CRITICAL
30.601077795028687,10.871954884610258,6.17024564743042,4.333499908447266,4.333499908447266,2.6020536756460184,1.6654152637229425,CRITICAL
30.627241849899292,10.749011993188212,12.720441818237305,4.335416793823242,4.335416793823242,2.649135038394106,1.6365405051043955,CRITICAL
30.652915954589844,10.62312677166906,6.0885748863220215,4.3333964347839355,4.3333964347839355,2.7494995555352095,1.5760673341663476,CRITICAL
30.67924165725708,10.494865468328937,6.06895112991333,4.33534049987793,4.33534049987793,2.799083595368777,1.5488428095005689,CRITICAL
30.70351243019104,10.363951194354556,12.90231704711914,4.333273410797119,4.333273410797119,2.896442443845384,1.496067501705356,CRITICAL
30.73232626914978,10.23094268425786,11.978437423706055,4.335155963897705,4.335155963897705,2.946985301283857,1.4710477049237707,CRITICAL
30.759127378463745,10.095661407665162,13.049919128417969,4.332906246185303,4.332906246185303,3.040308188542297,1.4251536283440902,CRITICAL
30.784950017929077,9.958658397579663,11.928074836730957,4.335155963897705,4.335155963897705,3.0913202445303813,1.4023639160543464,CRITICAL
30.807878255844116,9.819848980079328,12.680739402770996,4.332731246948242,4.332731246948242,3.1801047009765,1.3624492443968308,CRITICAL
30.834829330444336,9.679739963253393,12.248297691345215,4.335421562194824,4.335421562194824,3.231319101169985,1.3416878452595629,CRITICAL
30.863068342208862,9.538341685930659,12.642163276672363,4.332521915435791,4.332521915435791,3.315338311922648,1.306811404391262,CRITICAL
30.88961625099182,9.396157373738552,12.335701942443848,4.335261821746826,4.335261821746826,3.3677672436486294,1.2872807139278473,CRITICAL
30.93026375770569,9.253373084604334,14.006497383117676,4.334921836853027,4.334921836853027,3.4381294298758087,1.2608373027450606,CRITICAL
30.945778846740723,9.110473298542349,14.006497383117676,4.334921836853027,4.334921836853027,3.495266147586142,1.2402265389280178,CRITICAL
30.973844528198242,8.967718708541105,12.499076843261719,4.332085132598877,4.332085132598877,3.560162670152944,1.2168222449264576,CRITICAL
30.99782109260559,8.825396153279078,13.2102632522583,4.335063934326172,4.335063934326172,3.6177040245461916,1.198291486786282,CRITICAL
31.028494596481323,8.683866380381875,11.955448150634766,4.332311153411865,4.332311153411865,3.682200056913658,1.1765550720900038,CRITICAL
31.05981469154358,8.5434927277421,12.509617805480957,4.334726333618164,4.334726333618164,3.7385391534469035,1.1594706262796741,CRITICAL
31.08712601661682,8.404716696805036,11.928071975708008,4.331630706787109,4.331630706787109,3.801613377659254,1.1394190509331068,CRITICAL
31.113128185272217,8.267971558612887,15.517579078674316,4.3349480628967285,4.3349480628967285,3.856207080301071,1.1241481519603143,CRITICAL
31.153876066207886,8.133745146962475,11.555670738220215,4.331876277923584,4.331876277923584,3.9176402298508455,1.105736112498648,CRITICAL
31.18811535835266,8.002534736673551,13.20466136932373,4.334609508514404,4.334609508514404,3.970512425181799,1.0917002755169403,CRITICAL
31.218202829360962,7.874915412013951,14.789810180664062,4.3310980796813965,4.3310980796813965,4.030229505881254,1.0746529629047403,CRITICAL
31.247626066207886,7.751423074264325,14.090641021728516,4.334609508514404,4.334609508514404,4.081471506305888,1.0620212591996334,CRITICAL
31.27255940437317,7.632688645183691,15.159144401550293,4.330888748168945,4.330888748168945,4.139413826514462,1.0462565304362699,CRITICAL
31.312230110168457,7.519326523062231,11.626811027526855,4.33483362197876,4.33483362197876,4.18914327006819,1.0347780781219733,CRITICAL
31.33913826942444,7.411971197683645,13.775665283203125,4.331583023071289,4.331583023071289,4.245249279013199,1.0203365546718044,CRITICAL
31.37025785446167,7.311310545629471,12.040425300598145,4.334753513336182,4.334753513336182,4.293603136389503,1.0095841128393812,CRITICAL
31.40437626838684,7.211316105077838,15.018238067626953,4.330469131469727,4.330469131469727,4.45049524307251,0.9730308415025021,CRITICAL
31.43114948272705,7.104483686915003,12.655879020690918,4.334636688232422,4.334636688232422,4.418337237322938,0.981056097668717,CRITICAL
31.455414533615112,6.99541314635111,11.879509925842285,4.335355281829834,4.335355281829834,4.498734021501877,0.9636833965086248,CRITICAL
31.489118099212646,6.886058138467167,12.023518562316895,4.331909656524658,4.331909656524658,4.582656559250511,0.9452835054331756,CRITICAL
31.526773691177368,6.776932049632031,13.033844947814941,4.335615158081055,4.335615158081055,4.666745725862814,0.9290446518337919,CRITICAL
31.545863389968872,6.668197642712451,13.033844947814941,4.3309149742126465,4.3309149742126465,4.749919952979652,0.911786938955853,CRITICAL
31.577073335647583,6.559865756975167,13.177461624145508,4.335575580596924,4.335575580596924,4.831590154508035,0.8973392696712255,CRITICAL
31.608813047409058,6.451895611873365,12.28238296508789,4.330381870269775,4.330381870269775,4.911452792622929,0.881690622533127,CRITICAL
31.641602516174316,6.344269396224966,11.92210865020752,4.335613250732422,4.335613250732422,4.989324083457682,0.8689780776332676,CRITICAL
31.664745807647705,6.236896662210706,12.39438533782959,4.329735279083252,4.329735279083252,5.0649017031880055,0.8548508012224567,CRITICAL
31.69507884979248,6.129591777524713,12.212936401367188,4.335926055908203,4.335926055908203,5.136112493170736,0.8442038724178051,CRITICAL
31.727165937423706,6.025201872846955,12.568544387817383,4.329331398010254,4.329331398010254,5.127991676330566,0.8442547631255499,CRITICAL
31.753681659698486,5.923330543256211,11.587489128112793,4.336084365844727,4.336084365844727,5.133480386989789,0.8446675625437334,CRITICAL
31.780608415603638,5.821285962777671,12.710577964782715,4.328466415405273,4.328466415405273,5.113221717720703,0.8465242961016668,CRITICAL
31.81135845184326,5.7220977001248645,13.354514122009277,4.334713935852051,4.334713935852051,5.1507744789123535,0.841565468183219,CRITICAL
31.840163707733154,5.621537035936207,12.26396656036377,4.326005935668945,4.326005935668945,5.200671845800478,0.8318167467463223,CRITICAL
31.872704029083252,5.520170971478336,13.217058181762695,4.335690498352051,4.335690498352051,5.194801796631257,0.8346209668988092,CRITICAL
31.899222373962402,5.42170481622497,13.57576847076416,4.3249053955078125,4.3249053955078125,5.240517616271973,0.8252821023020407,CRITICAL
31.923901796340942,5.326036030775483,11.77833366394043,4.334050178527832,4.334050178527832,5.197813034057617,0.8338218689533167,CRITICAL
31.953188180923462,5.232853292325727,12.788932800292969,4.324450969696045,4.324450969696045,5.32206916809082,0.8125506890485135,CRITICAL
31.975560903549194,5.142619562036436,13.663658142089844,4.333500862121582,4.333500862121582,5.237679481506348,0.8273703798452506,CRITICAL
32.01282048225403,5.055813054878179,13.823494911193848,4.324538230895996,4.324538230895996,5.22230656675304,0.8280896909475711,CRITICAL
32.02736473083496,4.973376175513349,13.775850296020508,4.33612060546875,4.33612060546875,5.356307029724121,0.8095354843189569,CRITICAL
32.05312442779541,4.8960859192255395,12.050253868103027,4.3257927894592285,4.3257927894592285,5.323418617248535,0.8125967729539669,CRITICAL
32.078007221221924,4.825271113874851,12.112491607666016,4.334991455078125,4.334991455078125,5.3600921630859375,0.8087531563230367,CRITICAL
32.10343837738037,4.7620509265667685,12.710158348083496,4.3263726234436035,4.3263726234436035,5.404879477467521,0.8004568171186573,CRITICAL
32.13148236274719,4.70795985537979,12.98906135559082,4.334206581115723,4.334206581115723,5.4579127117879525,0.7941143088922512,CRITICAL
32.16107106208801,4.664296140617776,14.386401176452637,4.3286333084106445,4.3286333084106445,5.514128941948062,0.785007632933843,CRITICAL
32.18751907348633,4.632550697018133,13.749853134155273,4.334909915924072,4.334909915924072,5.569262431913454,0.7783633773628279,CRITICAL
32.214866399765015,999.0,12.322916030883789,4.335349082946777,999.0,5.638681888580322,999.0,SAFE
32.23880958557129,999.0,12.322916030883789,4.335349082946777,999.0,5.675928144700657,999.0,SAFE
32.26973080635071,999.0,14.073070526123047,4.330577373504639,999.0,5.741879938827814,999.0,SAFE
32.30280661582947,999.0,13.063661575317383,4.331439018249512,999.0,5.811468543197695,999.0,SAFE
32.32315444946289,999.0,13.063661575317383,4.331439018249512,999.0,5.88362220781548,999.0,SAFE
32.34178709983826,999.0,11.94962215423584,4.335107326507568,999.0,5.9555647894973855,999.0,SAFE
32.371997356414795,999.0,13.120616912841797,4.333832740783691,999.0,6.02817710834459,999.0,SAFE
32.39136791229248,999.0,12.851750373840332,4.335224151611328,999.0,6.100814483400316,999.0,SAFE
32.418660163879395,999.0,13.80972957611084,4.33531379699707,999.0,6.173777102770227,999.0,SAFE
32.443068504333496,999.0,12.045072555541992,4.334425926208496,999.0,6.247034183665905,999.0,SAFE
32.46917128562927,999.0,12.574918746948242,4.335390567779541,999.0,6.32020854177441,999.0,SAFE
32.50774788856506,999.0,13.849605560302734,4.33413028717041,999.0,6.393614268108662,999.0,SAFE
32.52756643295288,999.0,12.12531852722168,4.335429668426514,999.0,6.466559449958991,999.0,SAFE
32.556257486343384,999.0,12.764527320861816,4.333832263946533,999.0,6.539598748220194,999.0,SAFE
32.58606672286987,999.0,14.008902549743652,4.335546970367432,999.0,6.611938366827176,999.0,SAFE
32.61641240119934,999.0,12.649561882019043,4.33381462097168,999.0,6.68423766350741,999.0,SAFE
32.64510488510132,999.0,11.692536354064941,4.335653781890869,999.0,6.755725575074842,999.0,SAFE
32.67312812805176,999.0,12.230531692504883,4.333954334259033,999.0,6.827081263869092,999.0,SAFE
32.70707368850708,999.0,12.050835609436035,4.33573055267334,999.0,6.897581430603986,999.0,SAFE
32.73251271247864,999.0,12.58450698852539,4.3341498374938965,999.0,6.967882408336544,999.0,SAFE
32.77830958366394,999.0,13.10175895690918,4.335935115814209,999.0,7.03733070198847,999.0,SAFE
32.82376790046692,999.0,12.307906150817871,4.3342366218566895,999.0,7.106542749424227,999.0,SAFE
32.85406851768494,999.0,12.21523380279541,4.335572719573975,999.0,7.174903054622288,999.0,SAFE
32.88310885429382,999.0,12.478385925292969,4.3342695236206055,999.0,7.242947602945217,999.0,SAFE
32.91377091407776,999.0,15.206788063049316,4.335575580596924,999.0,7.310143563669098,999.0,SAFE
32.94406843185425,999.0,12.647066116333008,4.334181308746338,999.0,7.377008784127136,999.0,SAFE
32.972678661346436,999.0,13.472333908081055,4.335429668426514,999.0,7.443024059705253,999.0,SAFE
33.002954959869385,999.0,14.672402381896973,4.33411169052124,999.0,7.508725178286045,999.0,SAFE
33.034850120544434,999.0,14.69930648803711,4.335805892944336,999.0,7.573561723088375,999.0,SAFE
33.065075397491455,999.0,14.188295364379883,4.334094524383545,999.0,7.638111155463869,999.0,SAFE
33.09074401855469,999.0,11.90709114074707,4.335351467132568,999.0,7.701780074272329,999.0,SAFE
33.13489866256714,999.0,12.400190353393555,4.333744525909424,999.0,7.765197400539343,999.0,SAFE
33.14978528022766,999.0,12.400190353393555,4.335312366485596,999.0,7.827707653643119,999.0,SAFE
33.1768102645874,999.0,12.812475204467773,4.333535194396973,999.0,7.8900054422321695,999.0,SAFE
33.20537853240967,999.0,13.751194953918457,4.335312366485596,999.0,7.951371360158248,999.0,SAFE
33.233712911605835,999.0,11.803983688354492,4.333499908447266,999.0,8.012555392255187,999.0,SAFE
33.25351095199585,999.0,13.527619361877441,4.335419654846191,999.0,8.072785604779948,999.0,SAFE
33.28131294250488,999.0,12.56261157989502,4.333203315734863,999.0,8.132865823359195,999.0,SAFE
33.31308960914612,999.0,15.112092971801758,4.335195064544678,999.0,8.191968464556831,999.0,SAFE
33.33510971069336,999.0,13.99445629119873,4.3329758644104,999.0,8.250955093275852,999.0,SAFE
33.359758615493774,999.0,13.1764497756958,4.335155963897705,999.0,8.308942519492941,999.0,SAFE
33.39206671714783,999.0,11.968972206115723,4.33296012878418,999.0,8.366842718662697,999.0,SAFE
33.417606830596924,999.0,13.245583534240723,4.33534049987793,999.0,8.423724224212114,999.0,SAFE
33.4410674571991,999.0,13.245583534240723,4.332956790924072,999.0,8.480551384942181,999.0,SAFE
33.47104001045227,999.0,12.454695701599121,4.335155963897705,999.0,8.536337912496263,999.0,SAFE
33.48984241485596,999.0,13.751934051513672,4.3323469161987305,999.0,8.59209588097798,999.0,SAFE
33.51400184631348,999.0,12.82053279876709,4.335502624511719,999.0,8.646797833328062,999.0,SAFE
33.5400390625,999.0,11.953719139099121,4.332137584686279,999.0,8.70019659350908,999.0,SAFE
33.56867837905884,999.0,13.868719100952148,4.335039138793945,999.0,8.753204682728404,999.0,SAFE
33.59516716003418,999.0,13.246602058410645,4.332064628601074,999.0,8.806786072109961,999.0,SAFE
33.62227821350098,999.0,12.785731315612793,4.335039138793945,999.0,8.859429280804338,999.0,SAFE
33.64195108413696,999.0,12.785731315612793,4.331333637237549,999.0,8.91123510649788,999.0,SAFE
33.67328405380249,999.0,13.634941101074219,4.3349609375,999.0,8.962496256316793,999.0,SAFE
33.69606637954712,999.0,12.469891548156738,4.331263065338135,999.0,9.014294527272122,999.0,SAFE
33.72291278839111,999.0,11.869210243225098,4.334921836853027,999.0,9.065047430736273,999.0,SAFE
33.748454332351685,999.0,12.946660041809082,4.331369400024414,999.0,9.114880652852422,999.0,SAFE
33.77508807182312,999.0,14.172805786132812,4.334921836853027,999.0,9.164147072679057,999.0,SAFE
33.799641132354736,999.0,13.986221313476562,4.330704689025879,999.0,9.2139740099104,999.0,SAFE
33.82810354232788,999.0,14.112727165222168,4.33549690246582,999.0,9.262744801240189,999.0,SAFE
33.85235953330994,999.0,11.633756637573242,4.330687522888184,999.0,9.310569090405492,999.0,SAFE
33.879501819610596,999.0,12.253491401672363,4.334843635559082,999.0,9.357852104209735,999.0,SAFE
33.905927658081055,999.0,12.79462718963623,4.330390453338623,999.0,9.40575141680487,999.0,SAFE
33.933162450790405,999.0,14.000184059143066,4.335104465484619,999.0,9.45134200794329,999.0,SAFE
33.95653033256531,999.0,12.599565505981445,4.330874443054199,999.0,9.497976831164406,999.0,SAFE
33.984177112579346,999.0,11.7293062210083,4.335144519805908,999.0,9.542982110070499,999.0,SAFE
34.01806926727295,999.0,11.952218055725098,4.329936504364014,999.0,9.588942924264684,999.0,SAFE
34.044066429138184,999.0,12.749102592468262,4.334687232971191,999.0,9.633963105785488,999.0,SAFE
34.07241439819336,999.0,11.780692100524902,4.3314313888549805,999.0,9.679384793754387,999.0,SAFE
34.096986293792725,999.0,13.80415153503418,4.335460662841797,999.0,9.72230648521334,999.0,SAFE
34.12251830101013,999.0,11.970699310302734,4.32991886138916,999.0,9.766192558918164,999.0,SAFE
34.14643931388855,999.0,11.806946754455566,4.334609508514404,999.0,9.809233922681406,999.0,SAFE
34.17432975769043,999.0,12.81303882598877,4.3307271003723145,999.0,9.851398127649723,999.0,SAFE
34.2001211643219,999.0,13.426033973693848,4.333749771118164,999.0,9.893156998791643,999.0,SAFE
34.22571301460266,999.0,11.881579399108887,4.328521251678467,999.0,9.935724712754565,999.0,SAFE
34.25212121009827,999.0,14.089818000793457,4.333693504333496,999.0,9.9758526291693,999.0,SAFE
34.28113150596619,999.0,13.930181503295898,4.327193737030029,999.0,10.017036380454996,999.0,SAFE
34.30707144737244,999.0,12.704179763793945,4.332109451293945,999.0,10.057403669572945,999.0,SAFE
34.334256649017334,999.0,12.642300605773926,4.327158451080322,999.0,10.09831603849252,999.0,SAFE
34.368149757385254,999.0,13.491843223571777,4.332695007324219,999.0,10.136739577295293,999.0,SAFE
34.3919939994812,999.0,12.060164451599121,4.328627109527588,999.0,10.176246551144294,999.0,SAFE
34.41690945625305,999.0,12.267488479614258,4.333554744720459,999.0,10.21497882279715,999.0,SAFE
34.44313716888428,999.0,14.290267944335938,4.328573703765869,999.0,10.25276162155869,999.0,SAFE
34.4718074798584,999.0,12.227675437927246,4.334453105926514,999.0,10.290055372453159,999.0,SAFE
34.497310638427734,999.0,16.044677734375,4.328975677490234,999.0,10.328351984424662,999.0,SAFE
34.525405168533325,999.0,12.809052467346191,4.334570407867432,999.0,10.364147252395869,999.0,SAFE
34.54961681365967,999.0,12.451550483703613,4.3296637535095215,999.0,10.40129624296984,999.0,SAFE
34.5745792388916,999.0,12.209783554077148,4.335780620574951,999.0,10.437638392356158,999.0,SAFE
34.600679874420166,999.0,12.409356117248535,4.329994201660156,999.0,10.473149609429756,999.0,SAFE
34.62694549560547,999.0,12.73482894897461,4.334910869598389,999.0,10.508282075550133,999.0,SAFE
34.65546011924744,999.0,11.811148643493652,4.329080581665039,999.0,10.544362956817785,999.0,SAFE
34.68029570579529,999.0,11.96815013885498,4.3347907066345215,999.0,10.579384160162117,999.0,SAFE
34.70939350128174,999.0,11.781961441040039,4.329050064086914,999.0,10.61340842494367,999.0,SAFE
34.744340658187866,999.0,13.013853073120117,4.334414005279541,999.0,10.646986586388453,999.0,SAFE
34.7739360332489,999.0,11.757707595825195,4.328922271728516,999.0,10.68148648254001,999.0,SAFE
34.81992316246033,999.0,13.553476333618164,4.334872245788574,999.0,10.713371376956806,999.0,SAFE
34.84709191322327,999.0,13.312164306640625,4.328736305236816,999.0,10.746716440428836,999.0,SAFE
34.880072355270386,999.0,12.523762702941895,4.334713459014893,999.0,10.779292625775744,999.0,SAFE
34.91527795791626,999.0,14.309593200683594,4.328329086303711,999.0,10.811061260588724,999.0,SAFE
34.95399332046509,999.0,12.68930435180664,4.334335803985596,999.0,10.842514435703526,999.0,SAFE
34.97671175003052,999.0,12.48900318145752,4.327979564666748,999.0,10.87503420572496,999.0,SAFE
35.00310158729553,999.0,12.605613708496094,4.33534574508667,999.0,10.904898690270006,999.0,SAFE
35.0292592048645,999.0,12.212393760681152,4.327979564666748,999.0,10.936296144880972,999.0,SAFE
35.05879211425781,999.0,12.111504554748535,4.334296703338623,999.0,10.966893232600153,999.0,SAFE
35.08760690689087,999.0,13.202646255493164,4.328014373779297,999.0,10.996679017103222,999.0,SAFE
35.112359046936035,999.0,11.668354034423828,4.334873199462891,999.0,11.026140616792508,999.0,SAFE
35.140361070632935,999.0,12.134671211242676,4.328756332397461,999.0,11.056698948710515,999.0,SAFE
35.17102885246277,999.0,13.29650592803955,4.334296703338623,999.0,11.084564410592883,999.0,SAFE
35.19606280326843,999.0,13.847452163696289,4.327796459197998,999.0,11.114019800551945,999.0,SAFE
35.22534418106079,999.0,12.753854751586914,4.334140300750732,999.0,11.142674260918982,999.0,SAFE
35.25507164001465,999.0,11.762083053588867,4.327700138092041,999.0,11.170530134733552,999.0,SAFE
35.28049945831299,999.0,11.80998706817627,4.336994171142578,999.0,11.198080988210576,999.0,SAFE
35.30837273597717,999.0,12.710640907287598,4.328546047210693,999.0,11.226782348270039,999.0,SAFE
35.338128089904785,999.0,11.364449501037598,4.333788871765137,999.0,11.252750755341191,999.0,SAFE
35.366379499435425,999.0,10.653128623962402,4.327482223510742,999.0,11.280449013027189,999.0,SAFE
35.39680814743042,999.0,11.2674560546875,4.333266735076904,999.0,11.307142905047783,999.0,SAFE
35.41942310333252,999.0,10.914915084838867,4.327088832855225,999.0,11.33313809569391,999.0,SAFE
35.44788837432861,999.0,11.97549057006836,4.3333258628845215,999.0,11.358690679721862,999.0,SAFE
35.47413110733032,999.0,12.701504707336426,4.325749397277832,999.0,11.385486871886348,999.0,SAFE
35.514066219329834,999.0,10.554194450378418,4.3183369636535645,999.0,11.40948812774961,999.0,SAFE
35.54406714439392,999.0,11.523700714111328,4.304904460906982,999.0,11.435154130464534,999.0,SAFE
35.569212913513184,999.0,11.147683143615723,4.292931079864502,999.0,11.460034030977367,999.0,SAFE
35.599095821380615,999.0,10.780787467956543,4.266232967376709,999.0,11.483959810280458,999.0,SAFE
35.62901258468628,999.0,11.052743911743164,4.251314640045166,999.0,11.500380165918935,999.0,SAFE
35.65941405296326,999.0,11.875466346740723,4.268203258514404,999.0,11.52034086348443,999.0,SAFE
35.68366098403931,999.0,11.343511581420898,4.266495227813721,999.0,11.53560390341127,999.0,SAFE
35.71324419975281,999.0,11.1513032913208,4.301724910736084,999.0,11.557661220802537,999.0,SAFE
35.74489760398865,999.0,12.402081489562988,4.295408248901367,999.0,11.572502698888762,999.0,SAFE
35.77587556838989,999.0,13.748101234436035,4.33784294128418,999.0,11.58939171304891,999.0,SAFE
35.807005167007446,999.0,13.83148193359375,4.350876331329346,999.0,11.60836067709535,999.0,SAFE
35.83528995513916,999.0,15.241398811340332,4.359546661376953,999.0,11.626925822990387,999.0,SAFE
35.86524224281311,999.0,18.45123291015625,4.344610691070557,999.0,11.646026981534062,999.0,SAFE
35.89709663391113,999.0,14.29770565032959,4.3519134521484375,999.0,11.663731651487609,999.0,SAFE
35.92706894874573,999.0,13.429851531982422,4.34061861038208,999.0,11.677430974615692,999.0,SAFE
35.9575719833374,999.0,15.491168975830078,4.332766056060791,999.0,11.697896521990515,999.0,SAFE
35.99340534210205,999.0,13.07801342010498,4.334687232971191,999.0,11.713831303343884,999.0,SAFE
36.01808047294617,999.0,13.07801342010498,4.326510429382324,999.0,11.731123633204605,999.0,SAFE
36.04698610305786,999.0,13.379024505615234,4.334414005279541,999.0,11.745647262202366,999.0,SAFE
36.073140382766724,999.0,14.437506675720215,4.325883388519287,999.0,11.762424438164958,999.0,SAFE
36.10456705093384,999.0,12.105325698852539,4.334374904632568,999.0,11.77856760458242,999.0,SAFE
36.149195194244385,999.0,12.580714225769043,4.326780319213867,999.0,11.794127952239577,999.0,SAFE
36.17776274681091,999.0,12.535567283630371,4.335343837738037,999.0,11.809533822041436,999.0,SAFE
36.20635771751404,999.0,12.094544410705566,4.326263427734375,999.0,11.82636300194007,999.0,SAFE
36.241077184677124,999.0,14.079631805419922,4.333906173706055,999.0,11.840333166286246,999.0,SAFE
36.2661337852478,999.0,12.880196571350098,4.326416492462158,999.0,11.85625515256942,999.0,SAFE
36.291672706604004,999.0,14.277421951293945,4.333945274353027,999.0,11.87140139590082,999.0,SAFE
36.32375693321228,999.0,15.225682258605957,4.326525688171387,999.0,11.885817743768955,999.0,SAFE
36.35554575920105,999.0,14.032646179199219,4.334023475646973,999.0,11.900050849447934,999.0,SAFE
36.389981269836426,999.0,14.819581031799316,4.326259136199951,999.0,11.9157214436274,999.0,SAFE
36.41686654090881,999.0,13.2550048828125,4.333945274353027,999.0,11.928493636486566,999.0,SAFE
36.44738173484802,999.0,14.552373886108398,4.327925205230713,999.0,11.943302768102635,999.0,SAFE
36.48186802864075,999.0,13.720080375671387,4.333984375,999.0,11.955407016543708,999.0,SAFE
36.511635303497314,999.0,12.08512020111084,4.326661586761475,999.0,11.969860840822665,999.0,SAFE
36.54087209701538,999.0,13.635163307189941,4.334558010101318,999.0,11.98362020391059,999.0,SAFE
36.56825876235962,999.0,12.94412612915039,4.326193332672119,999.0,11.996781344160578,999.0,SAFE
36.6216197013855,999.0,12.481735229492188,4.333984375,999.0,12.00975981787985,999.0,SAFE
36.648953676223755,999.0,14.462577819824219,4.326115131378174,999.0,12.02422103054052,999.0,SAFE
36.68087601661682,999.0,12.653573036193848,4.3351850509643555,999.0,12.035746985728174,999.0,SAFE
36.71077084541321,999.0,14.638153076171875,4.326638221740723,999.0,12.049324864146573,999.0,SAFE
36.73935317993164,999.0,13.382643699645996,4.337812423706055,999.0,12.06206028353557,999.0,SAFE
36.770530462265015,999.0,11.435524940490723,4.3343024253845215,999.0,12.07348049499538,999.0,SAFE
36.80307674407959,999.0,11.797629356384277,4.343359470367432,999.0,12.08513628612293,999.0,SAFE
36.837034463882446,999.0,11.896379470825195,4.339223384857178,999.0,12.098013603487557,999.0,SAFE
36.88896918296814,999.0,12.826355934143066,4.3463239669799805,999.0,12.11182324162994,999.0,SAFE
36.92074394226074,999.0,11.001751899719238,4.334915637969971,999.0,12.127267259823483,999.0,SAFE
36.94810509681702,999.0,11.758768081665039,4.335184097290039,999.0,12.140674644529826,999.0,SAFE
36.97994685173035,999.0,13.066848754882812,4.314774990081787,999.0,12.15542839499342,999.0,SAFE
37.01090431213379,999.0,13.114151000976562,4.309967041015625,999.0,12.16951717263021,999.0,SAFE
37.04704427719116,999.0,11.213266372680664,4.298063278198242,999.0,12.183783574930409,999.0,SAFE
37.07807016372681,999.0,11.000112533569336,4.291757583618164,999.0,12.193460407660957,999.0,SAFE
37.10812783241272,999.0,12.902667045593262,4.291179180145264,999.0,12.204577634256443,999.0,SAFE
37.136682987213135,999.0,11.457979202270508,4.305468559265137,999.0,12.21608224086467,999.0,SAFE
37.168212890625,999.0,13.762155532836914,4.3119096755981445,999.0,12.22799427413839,999.0,SAFE
37.2035768032074,999.0,11.829360008239746,4.32269287109375,999.0,12.239336124940547,999.0,SAFE
37.237069606781006,999.0,12.168065071105957,4.327805042266846,999.0,12.248913091031561,999.0,SAFE
37.28266191482544,999.0,14.473794937133789,4.334531307220459,999.0,12.26042896669837,999.0,SAFE
37.31927752494812,999.0,11.562870025634766,4.331015586853027,999.0,12.271510691921227,999.0,SAFE
37.3550751209259,999.0,12.647275924682617,4.330760478973389,999.0,12.2821335677836,999.0,SAFE
37.390376806259155,999.0,11.806402206420898,4.326897144317627,999.0,12.292845572768185,999.0,SAFE
37.43519115447998,999.0,12.316370964050293,4.3252787590026855,999.0,12.30315376210367,999.0,SAFE
37.459057569503784,999.0,11.931233406066895,4.321835994720459,999.0,12.312642141278461,999.0,SAFE
37.49323129653931,999.0,11.437344551086426,4.321601390838623,999.0,12.32162878618933,999.0,SAFE
37.52447748184204,999.0,12.501532554626465,4.323168754577637,999.0,12.330846095921874,999.0,SAFE
37.560343503952026,999.0,11.66045093536377,4.326679706573486,999.0,12.339898426457474,999.0,SAFE
37.58607292175293,999.0,12.032032012939453,4.328686237335205,999.0,12.349073122685265,999.0,SAFE
37.6130735874176,999.0,16.965221405029297,4.332096099853516,999.0,12.357629444727763,999.0,SAFE
37.64477825164795,999.0,12.466053009033203,4.3303680419921875,999.0,12.366358936484076,999.0,SAFE
37.675822496414185,999.0,11.608452796936035,4.328137397766113,999.0,12.374913243393669,999.0,SAFE
37.70812273025513,999.0,11.217683792114258,4.325157165527344,999.0,12.38349414380936,999.0,SAFE
37.73660326004028,999.0,12.540596961975098,4.322656154632568,999.0,12.39109820939277,999.0,SAFE
37.76936388015747,999.0,12.44475269317627,4.321201801300049,999.0,12.398395559593022,999.0,SAFE
37.801082611083984,999.0,11.855955123901367,4.323476314544678,999.0,12.40564918474465,999.0,SAFE
37.83418846130371,999.0,11.548840522766113,4.326060771942139,999.0,12.413037569625722,999.0,SAFE
37.86643409729004,999.0,12.001021385192871,4.329527378082275,999.0,12.420310153977947,999.0,SAFE
37.91530466079712,999.0,13.687016487121582,4.33161735534668,999.0,12.427254201485546,999.0,SAFE
37.95027756690979,999.0,11.528691291809082,4.330703258514404,999.0,12.43413669637451,999.0,SAFE
37.99385333061218,999.0,11.872272491455078,4.328136444091797,999.0,12.441074470421839,999.0,SAFE
38.02938485145569,999.0,11.183930397033691,4.325390338897705,999.0,12.447854275902742,999.0,SAFE
38.06511998176575,999.0,13.106110572814941,4.322596073150635,999.0,12.453951790328325,999.0,SAFE
38.10241627693176,999.0,11.53696060180664,4.321346759796143,999.0,12.459473020978152,999.0,SAFE
38.13565278053284,999.0,12.678515434265137,4.323223114013672,999.0,12.46513390769042,999.0,SAFE
38.17262291908264,999.0,13.589761734008789,4.326135635375977,999.0,12.470787203068301,999.0,SAFE
38.21398115158081,999.0,11.962376594543457,4.3290252685546875,999.0,12.476498315863688,999.0,SAFE
38.248066902160645,999.0,12.219966888427734,4.331777095794678,999.0,12.481802898642547,999.0,SAFE
38.2776153087616,999.0,11.457703590393066,4.3307671546936035,999.0,12.487148584873026,999.0,SAFE
38.312058448791504,999.0,13.02938461303711,4.328261852264404,999.0,12.492433798210634,999.0,SAFE
38.33815789222717,999.0,11.87044620513916,4.325473785400391,999.0,12.49769157013097,999.0,SAFE
38.37172198295593,999.0,11.714815139770508,4.3227152824401855,999.0,12.502185522512697,999.0,SAFE
38.40412092208862,999.0,11.069826126098633,4.321268558502197,999.0,12.506233498292096,999.0,SAFE
38.43506622314453,999.0,13.14480209350586,4.323124885559082,999.0,12.510325970491916,999.0,SAFE
38.464104890823364,999.0,12.55807876586914,4.326037406921387,999.0,12.514512667579517,999.0,SAFE
38.489675521850586,999.0,13.646002769470215,4.329160213470459,999.0,12.518684542319365,999.0,SAFE
38.53417491912842,999.0,12.45124626159668,4.331783771514893,999.0,12.52256457074781,999.0,SAFE
38.55857968330383,999.0,12.45124626159668,4.331120014190674,999.0,12.526417895215825,999.0,SAFE
38.59043216705322,999.0,11.789349555969238,4.328206539154053,999.0,12.530297453142175,999.0,SAFE
38.62037110328674,999.0,11.12276554107666,4.325409889221191,999.0,12.534096993828928,999.0,SAFE
38.65350699424744,999.0,13.36589527130127,4.322697162628174,999.0,12.5371435039939,999.0,SAFE
38.682523012161255,999.0,11.786466598510742,4.321361541748047,999.0,12.539774341120784,999.0,SAFE
38.715571880340576,999.0,12.530523300170898,4.323145389556885,999.0,12.542521713893382,999.0,SAFE
38.746100664138794,999.0,13.255643844604492,4.326113224029541,999.0,12.54532284027929,999.0,SAFE
38.780648946762085,999.0,13.134357452392578,4.329221248626709,999.0,12.548171777243397,999.0,SAFE
38.81106376647949,999.0,11.867440223693848,4.331930160522461,999.0,12.550605596893346,999.0,SAFE
38.84221315383911,999.0,11.611563682556152,4.330721378326416,999.0,12.553174687293513,999.0,SAFE
38.87214493751526,999.0,11.879399299621582,4.328085899353027,999.0,12.555740264258032,999.0,SAFE
38.90406799316406,999.0,15.040009498596191,4.3253493309021,999.0,12.558277426835346,999.0,SAFE
38.9402756690979,999.0,11.703038215637207,4.322519302368164,999.0,12.560021024505511,999.0,SAFE
38.967092752456665,999.0,13.760624885559082,4.3213276863098145,999.0,12.561420827394489,999.0,SAFE
38.99937176704407,999.0,13.84244441986084,4.323320388793945,999.0,12.56291119421666,999.0,SAFE
39.031070709228516,999.0,14.33208179473877,4.326296329498291,999.0,12.564500765804107,999.0,SAFE
39.06014680862427,999.0,12.60442066192627,4.329331874847412,999.0,12.566120518424482,999.0,SAFE
39.09068322181702,999.0,11.562540054321289,4.331783771514893,999.0,12.567368512324022,999.0,SAFE
39.12100625038147,999.0,13.294656753540039,4.330507755279541,999.0,12.568735592482021,999.0,SAFE
39.15185856819153,999.0,11.302103042602539,4.327982425689697,999.0,12.57012808118186,999.0,SAFE
39.18552207946777,999.0,12.23021411895752,4.325158596038818,999.0,12.571484021237588,999.0,SAFE
39.210824489593506,999.0,11.400765419006348,4.322363376617432,999.0,12.572060202971999,999.0,SAFE
39.24319243431091,999.0,11.94078254699707,4.321346759796143,999.0,12.572307372519226,999.0,SAFE
39.27631115913391,999.0,13.28046703338623,4.323477268218994,999.0,12.572680314158484,999.0,SAFE
39.3070867061615,999.0,13.040022850036621,4.326350212097168,999.0,12.573144663237041,999.0,SAFE
39.339417695999146,999.0,12.296188354492188,4.329477310180664,999.0,12.57366849864323,999.0,SAFE
39.37039613723755,999.0,12.582372665405273,4.331929683685303,999.0,12.573831476199608,999.0,SAFE
39.39924097061157,999.0,13.66993522644043,4.33110237121582,999.0,12.57412835157678,999.0,SAFE
39.43096423149109,999.0,11.970651626586914,4.327816009521484,999.0,12.574449711755975,999.0,SAFE
39.461788177490234,999.0,11.344605445861816,4.325176239013672,999.0,12.574752422131594,999.0,SAFE
39.50439977645874,999.0,12.707450866699219,4.322187423706055,999.0,12.574257162402287,999.0,SAFE
39.53307795524597,999.0,12.707450866699219,4.321557521820068,999.0,12.573482406524045,999.0,SAFE
39.56551218032837,999.0,13.605937004089355,4.323692321777344,999.0,12.572835976189547,999.0,SAFE
39.596938133239746,999.0,11.205915451049805,4.326545715332031,999.0,12.572299010202789,999.0,SAFE
39.637768030166626,999.0,11.69506549835205,4.329628944396973,999.0,12.571823284497594,999.0,SAFE
39.67006993293762,999.0,12.406027793884277,4.331857204437256,999.0,12.5710118474401,999.0,SAFE
39.702351331710815,999.0,11.514389038085938,4.330297946929932,999.0,12.570330874332571,999.0,SAFE
39.735241174697876,999.0,12.533618927001953,4.327746868133545,999.0,12.569686999470614,999.0,SAFE
39.766600370407104,999.0,11.832983016967773,4.324923515319824,999.0,12.569029244449089,999.0,SAFE
39.79413986206055,999.0,14.800055503845215,4.322089672088623,999.0,12.56743158919551,999.0,SAFE
39.82908391952515,999.0,11.547390937805176,4.3217034339904785,999.0,12.565732525244538,999.0,SAFE
39.855074644088745,999.0,13.569337844848633,4.32382869720459,999.0,12.564177438046606,999.0,SAFE
39.88957858085632,999.0,11.750489234924316,4.3267998695373535,999.0,12.562734119537124,999.0,SAFE
39.91848134994507,999.0,11.578597068786621,4.329840660095215,999.0,12.561259092813899,999.0,SAFE
39.94816327095032,999.0,12.771759033203125,4.33181619644165,999.0,12.559573762108087,999.0,SAFE
39.98108696937561,999.0,12.017274856567383,4.330141544342041,999.0,12.558018333777257,999.0,SAFE
40.00991916656494,999.0,11.731097221374512,4.327523231506348,999.0,12.556503825806299,999.0,SAFE
40.04507350921631,999.0,12.128768920898438,4.324767112731934,999.0,12.55498529063242,999.0,SAFE
40.07227444648743,999.0,12.280841827392578,4.322049617767334,999.0,12.552515438869479,999.0,SAFE
40.1045777797699,999.0,12.977066040039062,4.3216962814331055,999.0,12.549974895626725,999.0,SAFE
40.13261437416077,999.0,13.593755722045898,4.323946952819824,999.0,12.54758492332255,999.0,SAFE
40.16566276550293,999.0,12.25153636932373,4.326878547668457,999.0,12.545317701766924,999.0,SAFE
40.19636940956116,999.0,11.562493324279785,4.330035209655762,999.0,12.543027530800854,999.0,SAFE
40.22210097312927,999.0,11.992427825927734,4.331803321838379,999.0,12.540533254200032,999.0,SAFE
40.25340557098389,999.0,12.82817268371582,4.330136775970459,999.0,12.538174564154886,999.0,SAFE
40.28493285179138,999.0,13.697728157043457,4.327627658843994,999.0,12.535862443839143,999.0,SAFE
40.317153453826904,999.0,13.057295799255371,4.324709892272949,999.0,12.533555432047264,999.0,SAFE
40.35077095031738,999.0,14.032550811767578,4.321855068206787,999.0,12.530293097631809,999.0,SAFE
40.38109350204468,999.0,12.459589958190918,4.321738243103027,999.0,12.526994366566827,999.0,SAFE
40.416524171829224,999.0,11.93571949005127,4.324005126953125,999.0,12.523851761819499,999.0,SAFE
40.445085287094116,999.0,11.93029499053955,4.327002048492432,999.0,12.520838905897676,999.0,SAFE
40.47726631164551,999.0,13.05917739868164,4.330129146575928,999.0,12.517813289937566,999.0,SAFE
40.51007437705994,999.0,12.203989028930664,4.33181619644165,999.0,12.514587488283992,999.0,SAFE
40.536582946777344,999.0,11.674488067626953,4.330102443695068,999.0,12.51150432912536,999.0,SAFE
40.57421922683716,999.0,12.293472290039062,4.327441215515137,999.0,12.50847928129576,999.0,SAFE
40.60012221336365,999.0,11.113143920898438,4.324779510498047,999.0,12.50546170504992,999.0,SAFE
40.633272647857666,999.0,12.297101974487305,4.321952819824219,999.0,12.501490235888033,999.0,SAFE
40.664875984191895,999.0,11.75904369354248,4.321738243103027,999.0,12.49748952776939,999.0,SAFE
40.69877862930298,999.0,13.737642288208008,4.324103355407715,999.0,12.493658985370145,999.0,SAFE
40.73300218582153,999.0,12.86691665649414,4.327015399932861,999.0,12.489966941641248,999.0,SAFE
40.760571241378784,999.0,11.239882469177246,4.330078125,999.0,12.486271184664597,999.0,SAFE
40.791452407836914,999.0,12.66089916229248,4.331842422485352,999.0,12.482378134173304,999.0,SAFE
40.82333469390869,999.0,12.513215065002441,4.330156326293945,999.0,12.478635434890181,999.0,SAFE
40.85511040687561,999.0,14.480500221252441,4.327510356903076,999.0,12.474953539670492,999.0,SAFE
40.882145166397095,999.0,11.955049514770508,4.324688911437988,999.0,12.471295394077952,999.0,SAFE
40.91906952857971,999.0,11.243281364440918,4.321933269500732,999.0,12.466689431070911,999.0,SAFE
40.945332050323486,999.0,11.57559871673584,4.321882247924805,999.0,12.462055528130065,999.0,SAFE
40.9789080619812,999.0,12.076021194458008,4.324065685272217,999.0,12.457603685524955,999.0,SAFE
41.008078813552856,999.0,13.258764266967773,4.3270344734191895,999.0,12.453294815646737,999.0,SAFE
41.0385844707489,999.0,13.45760440826416,4.330121994018555,999.0,12.448991876818546,999.0,SAFE
41.06602430343628,999.0,13.599851608276367,4.331933498382568,999.0,12.44448264644516,999.0,SAFE
41.09814786911011,999.0,11.719467163085938,4.330338478088379,999.0,12.440141283328304,999.0,SAFE
41.12679743766785,999.0,13.20017147064209,4.327597618103027,999.0,12.435869094414663,999.0,SAFE
41.158021211624146,999.0,12.07260799407959,4.324924945831299,999.0,12.431627423681489,999.0,SAFE
41.18807291984558,999.0,12.404130935668945,4.322129249572754,999.0,12.426450420302663,999.0,SAFE
41.21716117858887,999.0,11.481595993041992,4.32175350189209,999.0,12.42122294926945,999.0,SAFE
41.24878430366516,999.0,11.771864891052246,4.324005126953125,999.0,12.41618879829072,999.0,SAFE
41.28019046783447,999.0,11.949722290039062,4.327198505401611,999.0,12.411317697944702,999.0,SAFE
41.309118032455444,999.0,11.817903518676758,4.329973220825195,999.0,12.406450785641473,999.0,SAFE
41.3459153175354,999.0,11.187295913696289,4.331979274749756,999.0,12.401381727122647,999.0,SAFE
41.36595392227173,999.0,11.187295913696289,4.330370903015137,999.0,12.396482558770415,999.0,SAFE
41.4051718711853,999.0,11.55436897277832,4.327776908874512,999.0,12.391666356298973,999.0,SAFE
41.42712163925171,999.0,11.415802955627441,4.3250017166137695,999.0,12.386885422274718,999.0,SAFE
41.45973491668701,999.0,11.294556617736816,4.322265625,999.0,12.381333038092636,999.0,SAFE
41.49610257148743,999.0,12.028298377990723,4.321523189544678,999.0,12.375570660409064,999.0,SAFE
41.53025698661804,999.0,11.919903755187988,4.323848724365234,999.0,12.37000833425006,999.0,SAFE
41.55473780632019,999.0,11.949376106262207,4.326707363128662,999.0,12.3646138488991,999.0,SAFE
41.58507585525513,999.0,14.374625205993652,4.329781532287598,999.0,12.359336209258664,999.0,SAFE
41.61506915092468,999.0,13.333514213562012,4.3323469161987305,999.0,12.353737426453492,999.0,SAFE
41.64782786369324,999.0,14.692112922668457,4.332311153411865,999.0,12.348324210511915,999.0,SAFE
41.67517447471619,999.0,12.535576820373535,4.331177234649658,999.0,12.343009435410302,999.0,SAFE
41.702911376953125,999.0,11.911081314086914,4.3297624588012695,999.0,12.337739826097984,999.0,SAFE
41.73443126678467,999.0,11.52143383026123,4.32839822769165,999.0,12.332131766585832,999.0,SAFE
41.762104511260986,999.0,13.097917556762695,4.327796459197998,999.0,12.326397966190754,999.0,SAFE
41.79812026023865,999.0,14.526082038879395,4.328808307647705,999.0,12.320783431286888,999.0,SAFE
41.82713198661804,999.0,11.770170211791992,4.330299377441406,999.0,12.315279482433816,999.0,SAFE
41.86092233657837,999.0,12.052773475646973,4.331777095794678,999.0,12.309853583274275,999.0,SAFE
41.8904185295105,999.0,13.5017671585083,4.333204746246338,999.0,12.304334323772942,999.0,SAFE
41.921828746795654,999.0,13.644925117492676,4.333998203277588,999.0,12.298891936320878,999.0,SAFE
41.949535846710205,999.0,13.17660140991211,4.33397912979126,999.0,12.293537563230824,999.0,SAFE
41.991809129714966,999.0,12.06983470916748,4.334072113037109,999.0,12.28823532804744,999.0,SAFE
42.01225233078003,999.0,12.06983470916748,4.3340325355529785,999.0,12.282972940412495,999.0,SAFE
42.048078775405884,999.0,12.305365562438965,4.334033966064453,999.0,12.277750201845327,999.0,SAFE
42.094632625579834,999.0,13.102993965148926,4.334067344665527,999.0,12.27257085857578,999.0,SAFE
42.11636710166931,999.0,12.039029121398926,4.334072589874268,999.0,12.267439989017966,999.0,SAFE
42.150227546691895,999.0,12.746588706970215,4.33399772644043,999.0,12.262359356570878,999.0,SAFE
42.19514513015747,999.0,12.923148155212402,4.334078311920166,999.0,12.257329015566167,999.0,SAFE
42.22531819343567,999.0,12.766889572143555,4.334039211273193,999.0,12.252353077399595,999.0,SAFE
42.255958557128906,999.0,13.790558815002441,4.334083080291748,999.0,12.24742722553059,999.0,SAFE
42.288278102874756,999.0,11.629080772399902,4.334048748016357,999.0,12.242553535078946,999.0,SAFE
42.32209897041321,999.0,13.901598930358887,4.33408784866333,999.0,12.237729675175064,999.0,SAFE
42.35177159309387,999.0,14.945890426635742,4.334021091461182,999.0,12.232954730057882,999.0,SAFE
42.38116121292114,999.0,13.452387809753418,4.3340535163879395,999.0,12.22823035201771,999.0,SAFE
42.41230511665344,999.0,13.926738739013672,4.33405065536499,999.0,12.223560106912219,999.0,SAFE
42.4387731552124,999.0,12.088748931884766,4.334059715270996,999.0,12.218939741224336,999.0,SAFE
42.4724006652832,999.0,11.944319725036621,4.334064483642578,999.0,12.214363900990051,999.0,SAFE
42.504998445510864,999.0,12.59990119934082,4.334051132202148,999.0,12.209838854334038,999.0,SAFE
42.53084349632263,999.0,11.67387866973877,4.334068775177002,999.0,12.205362169473787,999.0,SAFE
42.56341624259949,999.0,12.320290565490723,4.3340229988098145,999.0,12.200936115806908,999.0,SAFE
42.592987298965454,999.0,16.2462158203125,4.33404016494751,999.0,12.19655307634489,999.0,SAFE
42.6205313205719,999.0,12.22247314453125,4.334087371826172,999.0,12.192218431946033,999.0,SAFE
42.65241026878357,999.0,13.40353775024414,4.33406925201416,999.0,12.187926002636111,999.0,SAFE
42.67969059944153,999.0,13.616697311401367,4.334051609039307,999.0,12.183684752194925,999.0,SAFE
42.71106314659119,999.0,13.402360916137695,4.3340044021606445,999.0,12.179485918936422,999.0,SAFE
42.73878359794617,999.0,13.092041015625,4.334018707275391,999.0,12.175332028137248,999.0,SAFE
42.77009344100952,999.0,12.398881912231445,4.33407735824585,999.0,12.1712219745375,999.0,SAFE
42.8056058883667,999.0,12.838848114013672,4.334082126617432,999.0,12.167153790653948,999.0,SAFE
42.83426880836487,999.0,12.25084400177002,4.334089279174805,999.0,12.163127409019268,999.0,SAFE
42.86884832382202,999.0,14.054377555847168,4.334092617034912,999.0,12.159145888412727,999.0,SAFE
42.89712452888489,999.0,13.019070625305176,4.334024429321289,999.0,12.15520233764278,999.0,SAFE
42.92392611503601,999.0,11.869959831237793,4.334038257598877,999.0,12.15130281341995,999.0,SAFE
42.95014238357544,999.0,12.203775405883789,4.334041118621826,999.0,12.147444156356338,999.0,SAFE
42.99117612838745,999.0,16.78717041015625,4.334097385406494,999.0,12.143631043940303,999.0,SAFE
43.0443377494812,999.0,12.35733413696289,4.334097385406494,999.0,12.139854552990325,999.0,SAFE
43.065516233444214,999.0,12.35733413696289,4.334089279174805,999.0,12.136122922069063,999.0,SAFE
43.09603238105774,999.0,15.255367279052734,4.33400297164917,999.0,12.132426588741595,999.0,SAFE
43.14222311973572,999.0,13.672554969787598,4.334023475646973,999.0,12.128767940533471,999.0,SAFE
43.176929235458374,999.0,11.91419506072998,4.334019660949707,999.0,12.12515194591235,999.0,SAFE
43.210521936416626,999.0,12.045788764953613,4.334056377410889,999.0,12.121567796784385,999.0,SAFE
43.24060273170471,999.0,12.661514282226562,4.334078311920166,999.0,12.11802590913493,999.0,SAFE
43.27926850318909,999.0,12.916765213012695,4.334054946899414,999.0,12.114516254411425,999.0,SAFE
43.31161189079285,999.0,11.673754692077637,4.3340163230896,999.0,12.11104380220553,999.0,SAFE
43.35479164123535,999.0,12.722465515136719,4.334039211273193,999.0,12.107610244020785,999.0,SAFE
43.395119428634644,999.0,11.860937118530273,4.334072589874268,999.0,12.104221283514978,999.0,SAFE
43.42786359786987,999.0,12.554056167602539,4.3340277671813965,999.0,12.100861767124684,999.0,SAFE
43.47407245635986,999.0,12.76101016998291,4.334108829498291,999.0,12.097537581243772,999.0,SAFE
43.501598596572876,999.0,11.796344757080078,4.334109306335449,999.0,12.094246689627287,999.0,SAFE
43.53694677352905,999.0,12.494433403015137,4.334066390991211,999.0,12.090992923083595,999.0,SAFE
43.565789222717285,999.0,12.635704040527344,4.334118843078613,999.0,12.087773835723345,999.0,SAFE
43.603278160095215,999.0,14.399703979492188,4.334039211273193,999.0,12.08458698829349,999.0,SAFE
43.628132820129395,999.0,12.158317565917969,4.334179401397705,999.0,12.081434950995714,999.0,SAFE
43.65747785568237,999.0,12.158317565917969,4.3340678215026855,999.0,12.078312342176966,999.0,SAFE
43.685900926589966,999.0,12.119937896728516,4.334088325500488,999.0,12.075225164050897,999.0,SAFE
43.71157956123352,999.0,12.279969215393066,4.33413553237915,999.0,12.072168794971471,999.0,SAFE
43.74066638946533,999.0,12.103449821472168,4.334079265594482,999.0,12.069142993630143,999.0,SAFE
43.767422676086426,999.0,13.25400447845459,4.334038257598877,999.0,12.066155876238742,999.0,SAFE
43.79866290092468,999.0,12.172321319580078,4.334084510803223,999.0,12.063199730704866,999.0,SAFE
43.83351445198059,999.0,14.06177806854248,4.3340606689453125,999.0,12.060275012277529,999.0,SAFE
43.8613166809082,999.0,12.270569801330566,4.334750175476074,999.0,12.057377199870704,999.0,SAFE
43.89715242385864,999.0,13.247629165649414,4.3356242179870605,999.0,12.054510028690533,999.0,SAFE
43.92252492904663,999.0,12.501404762268066,4.3365254402160645,999.0,12.05167259767838,999.0,SAFE
43.94973850250244,999.0,13.709762573242188,4.3375935554504395,999.0,12.048995157902018,999.0,SAFE
43.9821674823761,999.0,17.14582061767578,4.338494300842285,999.0,12.046673359061794,999.0,SAFE
44.00707125663757,999.0,18.48392677307129,4.338116645812988,999.0,12.044299569398653,999.0,SAFE
44.03413009643555,999.0,16.239948272705078,4.33750057220459,999.0,12.041886889156432,999.0,SAFE
44.06341218948364,999.0,15.468207359313965,4.336196422576904,999.0,12.039462447964631,999.0,SAFE
44.090190410614014,999.0,13.561735153198242,4.335182189941406,999.0,12.037120759978288,999.0,SAFE
44.12534165382385,999.0,13.2578706741333,4.335614204406738,999.0,12.034890077913722,999.0,SAFE
44.15447974205017,999.0,12.697216987609863,4.337582588195801,999.0,12.03262870180221,999.0,SAFE
44.184372663497925,999.0,14.12850284576416,4.340224266052246,999.0,12.030378366971814,999.0,SAFE
44.21522331237793,999.0,12.651877403259277,4.342438220977783,999.0,12.028760916023865,999.0,SAFE
44.24995517730713,999.0,13.88586139678955,4.343155860900879,999.0,12.027442944613515,999.0,SAFE
44.279075145721436,999.0,14.968908309936523,4.341919422149658,999.0,12.02599363393523,999.0,SAFE
44.318074226379395,999.0,12.356884956359863,4.339888095855713,999.0,12.024454474249547,999.0,SAFE
44.35308122634888,999.0,13.792489051818848,4.3375725746154785,999.0,12.022886492356616,999.0,SAFE
44.39406991004944,999.0,16.445890426635742,4.336614608764648,999.0,12.021610895193556,999.0,SAFE
44.417760610580444,999.0,16.445890426635742,4.336614608764648,999.0,12.020336463793765,999.0,SAFE
44.44340443611145,999.0,13.078353881835938,4.3382487297058105,999.0,12.018993318316946,999.0,SAFE
44.48718333244324,999.0,13.14198112487793,4.340482234954834,999.0,12.01777445395869,999.0,SAFE
44.51960277557373,999.0,12.453387260437012,4.343836307525635,999.0,12.017313338440008,999.0,SAFE
44.54704666137695,999.0,13.956466674804688,4.343461990356445,999.0,12.01686228618281,999.0,SAFE
44.5745792388916,999.0,16.365520477294922,4.341220378875732,999.0,12.016281161275638,999.0,SAFE
44.60485816001892,999.0,14.9888277053833,4.339025497436523,999.0,12.015636433821767,999.0,SAFE
44.637068033218384,999.0,16.462980270385742,4.336853504180908,999.0,12.015046125417648,999.0,SAFE
44.66538095474243,999.0,12.958291053771973,4.336038112640381,999.0,12.01472751918924,999.0,SAFE
44.69706749916077,999.0,14.379570960998535,4.337211608886719,999.0,12.014305636019671,999.0,SAFE
44.72707724571228,999.0,12.825175285339355,4.339059829711914,999.0,12.013845870183268,999.0,SAFE
44.75306844711304,999.0,13.196613311767578,4.341254711151123,999.0,12.013667920291804,999.0,SAFE
44.776458978652954,999.0,18.80946922302246,4.342979431152344,999.0,12.01415032460986,999.0,SAFE
44.80815649032593,999.0,13.103108406066895,4.342123031616211,999.0,12.014507706488383,999.0,SAFE
44.83708930015564,999.0,12.864381790161133,4.340652942657471,999.0,12.014747492382254,999.0,SAFE
44.86250376701355,999.0,12.117216110229492,4.33820104598999,999.0,12.014929224192358,999.0,SAFE
44.89216637611389,999.0,15.03619384765625,4.336190223693848,999.0,12.015232651525388,999.0,SAFE
44.91907572746277,999.0,16.242782592773438,4.335887432098389,999.0,12.015719141542093,999.0,SAFE
44.9441978931427,999.0,17.764127731323242,4.337901592254639,999.0,12.016091738216595,999.0,SAFE
44.974200963974,999.0,13.186216354370117,4.340026378631592,999.0,12.016438604837854,999.0,SAFE
45.00512647628784,999.0,12.22921371459961,4.342273712158203,999.0,12.01741246909658,999.0,SAFE
45.036075592041016,999.0,14.374051094055176,4.342854976654053,999.0,12.0186532129548,999.0,SAFE
45.0675745010376,999.0,13.477255821228027,4.3415069580078125,999.0,12.019745998022143,999.0,SAFE
45.092663526535034,999.0,15.33320140838623,4.3394880294799805,999.0,12.02073287387672,999.0,SAFE
45.12078261375427,999.0,15.309415817260742,4.337451457977295,999.0,12.021667703334682,999.0,SAFE
45.15104293823242,999.0,13.12044906616211,4.335475921630859,999.0,12.022872766806383,999.0,SAFE
45.176079988479614,999.0,12.458925247192383,4.336376190185547,999.0,12.024054369001393,999.0,SAFE
45.208144664764404,999.0,15.297779083251953,4.33839750289917,999.0,12.02514933408247,999.0,SAFE
45.24337840080261,999.0,13.049159049987793,4.341156959533691,999.0,12.026338453235457,999.0,SAFE
45.28339719772339,999.0,12.842879295349121,4.342715263366699,999.0,12.028274723725769,999.0,SAFE
45.32226800918579,999.0,12.566214561462402,4.340961456298828,999.0,12.030173835095297,999.0,SAFE
45.339237213134766,999.0,12.566214561462402,4.340961456298828,999.0,12.031925123847316,999.0,SAFE
45.3788640499115,999.0,14.325300216674805,4.33875036239624,999.0,12.033589541901389,999.0,SAFE
45.40480923652649,999.0,13.459359169006348,4.336881637573242,999.0,12.035281399191941,999.0,SAFE
45.43713021278381,999.0,13.884222030639648,4.335880279541016,999.0,12.037224309465802,999.0,SAFE
45.4611873626709,999.0,13.632835388183594,4.337009906768799,999.0,12.039035313804073,999.0,SAFE
45.49544668197632,999.0,12.474441528320312,4.339160919189453,999.0,12.040786650951626,999.0,SAFE
45.52306628227234,999.0,14.497478485107422,4.341766834259033,999.0,12.042929833611513,999.0,SAFE
45.55507183074951,999.0,14.20737075805664,4.342926979064941,999.0,12.045566684634379,999.0,SAFE
45.58060145378113,999.0,12.640848159790039,4.342379093170166,999.0,12.048058434536648,999.0,SAFE
45.61381912231445,999.0,15.228922843933105,4.340129375457764,999.0,12.050417734086567,999.0,SAFE
45.64468955993652,999.0,14.264008522033691,4.338091850280762,999.0,12.052700136692003,999.0,SAFE
45.67524337768555,999.0,13.418280601501465,4.336004734039307,999.0,12.055160584747687,999.0,SAFE
45.702269315719604,999.0,14.450074195861816,4.3365912437438965,999.0,12.057683257002218,999.0,SAFE
45.733668088912964,999.0,13.90020751953125,4.3377861976623535,999.0,12.060082645862899,999.0,SAFE
45.76051950454712,999.0,15.521315574645996,4.33991813659668,999.0,12.062436742668543,999.0,SAFE
45.788496017456055,999.0,12.977798461914062,4.342134475708008,999.0,12.065433151168117,999.0,SAFE
45.82106947898865,999.0,14.094585418701172,4.342787265777588,999.0,12.068625252409198,999.0,SAFE
45.8490149974823,999.0,13.61322021484375,4.341493606567383,999.0,12.071655838224594,999.0,SAFE
45.87894582748413,999.0,13.592374801635742,4.33969259262085,999.0,12.074567829510352,999.0,SAFE
45.904953479766846,999.0,15.47882080078125,4.337411403656006,999.0,12.07740447641605,999.0,SAFE
45.93409276008606,999.0,13.730866432189941,4.335427761077881,999.0,12.080566970825322,999.0,SAFE
45.96106839179993,999.0,12.636162757873535,4.336718559265137,999.0,12.083592953969456,999.0,SAFE
45.98595595359802,999.0,12.856681823730469,4.33995246887207,999.0,12.086530431790292,999.0,SAFE
46.01042866706848,999.0,15.333723068237305,4.340732097625732,999.0,12.089529174989359,999.0,SAFE
46.043063163757324,999.0,13.804011344909668,4.343014717102051,999.0,12.093332051120546,999.0,SAFE
46.07051968574524,999.0,15.364519119262695,4.342525959014893,999.0,12.09700695110697,999.0,SAFE
46.10027265548706,999.0,12.889168739318848,4.340564727783203,999.0,12.100523841044833,999.0,SAFE
46.128907918930054,999.0,12.666849136352539,4.338506698608398,999.0,12.10393842361891,999.0,SAFE
46.159342527389526,999.0,12.048511505126953,4.3364715576171875,999.0,12.107422462351739,999.0,SAFE
46.19065594673157,999.0,13.232592582702637,4.335655212402344,999.0,12.111066545440144,999.0,SAFE
46.220733880996704,999.0,14.988879203796387,4.337516784667969,999.0,12.114559123498031,999.0,SAFE
46.24948596954346,999.0,12.816341400146484,4.340256214141846,999.0,12.117985328401394,999.0,SAFE
46.28001832962036,999.0,13.96699047088623,4.3419084548950195,999.0,12.121847260184815,999.0,SAFE
46.30579090118408,999.0,12.214897155761719,4.343071460723877,999.0,12.126115690534858,999.0,SAFE
46.333643198013306,999.0,14.413217544555664,4.341660976409912,999.0,12.130213930458572,999.0,SAFE
46.36749243736267,999.0,18.029205322265625,4.339742660522461,999.0,12.134170910557748,999.0,SAFE
46.398059606552124,999.0,13.248971939086914,4.337782859802246,999.0,12.138038396092314,999.0,SAFE
46.43120241165161,999.0,13.054096221923828,4.335723400115967,999.0,12.142141607736875,999.0,SAFE
46.467458724975586,999.0,12.874664306640625,4.336463451385498,999.0,12.146177294181864,999.0,SAFE
46.49550175666809,999.0,14.601577758789062,4.338210105895996,999.0,12.15009782872188,999.0,SAFE
46.53105711936951,999.0,15.164600372314453,4.341011047363281,999.0,12.154087693529085,999.0,SAFE
46.56362342834473,999.0,12.62998104095459,4.34323787689209,999.0,12.158768660571964,999.0,SAFE
46.594932317733765,999.0,17.235971450805664,4.342880725860596,999.0,12.163414452191356,999.0,SAFE
46.62001943588257,999.0,17.235971450805664,4.341011047363281,999.0,12.167888520177822,999.0,SAFE
46.657675981521606,999.0,14.47420883178711,4.338923931121826,999.0,12.17224539884693,999.0,SAFE
46.6884388923645,999.0,12.466193199157715,4.33691930770874,999.0,12.176600692529414,999.0,SAFE
46.72143077850342,999.0,14.306527137756348,4.335566520690918,999.0,12.181150305827495,999.0,SAFE
46.755897998809814,999.0,14.348017692565918,4.337079048156738,999.0,12.185552466606328,999.0,SAFE
46.785773038864136,999.0,12.659660339355469,4.3394317626953125,999.0,12.189872081902958,999.0,SAFE
46.80858588218689,999.0,12.35975170135498,4.341414451599121,999.0,12.19458090954973,999.0,SAFE
46.838078022003174,999.0,16.387859344482422,4.342841148376465,999.0,12.199717948486777,999.0,SAFE
46.86992931365967,999.0,12.739511489868164,4.341806411743164,999.0,12.204696326180478,999.0,SAFE
46.90875315666199,999.0,12.916746139526367,4.337794303894043,999.0,12.209519403795074,999.0,SAFE
46.92546534538269,999.0,12.916746139526367,4.337794303894043,999.0,12.214240285759095,999.0,SAFE
46.9631085395813,999.0,13.245734214782715,4.335725784301758,999.0,12.219101665723297,999.0,SAFE
46.985795974731445,999.0,13.771724700927734,4.336343765258789,999.0,12.223971244424476,999.0,SAFE
47.019070863723755,999.0,13.65056324005127,4.338254928588867,999.0,12.22871075194224,999.0,SAFE
47.047640323638916,999.0,15.780323028564453,4.3402605056762695,999.0,12.233397700395082,999.0,SAFE
47.07677936553955,999.0,14.768659591674805,4.342695713043213,999.0,12.238862084842914,999.0,SAFE
47.09962844848633,999.0,15.185291290283203,4.342550754547119,999.0,12.24431197686355,999.0,SAFE
47.13137626647949,999.0,14.35196304321289,4.341045379638672,999.0,12.249584236003813,999.0,SAFE
47.16390371322632,999.0,14.26868724822998,4.338860034942627,999.0,12.254724789114414,999.0,SAFE
47.19307827949524,999.0,14.65295696258545,4.336799621582031,999.0,12.259854180577385,999.0,SAFE
47.22665357589722,999.0,13.383152961730957,4.3357744216918945,999.0,12.265155742878818,999.0,SAFE
47.25788402557373,999.0,14.477971076965332,4.3374552726745605,999.0,12.27030447320558,999.0,SAFE
47.28386211395264,999.0,12.72552490234375,4.3394083976745605,999.0,12.275365578377174,999.0,SAFE
47.31796979904175,999.0,12.359183311462402,4.341367244720459,999.0,12.280811455645276,999.0,SAFE
47.359007596969604,999.0,14.304039001464844,4.34176778793335,999.0,12.286668777136942,999.0,SAFE
47.378164529800415,999.0,14.304039001464844,4.34176778793335,999.0,12.29236637522833,999.0,SAFE
47.43380951881409,999.0,12.59034252166748,4.339815616607666,999.0,12.297902247345991,999.0,SAFE
47.46198272705078,999.0,13.056507110595703,4.337741374969482,999.0,12.303321486968382,999.0,SAFE
47.49010729789734,999.0,12.258820533752441,4.335734844207764,999.0,12.308867987761005,999.0,SAFE
47.52337718009949,999.0,12.141737937927246,4.337202072143555,999.0,12.314415769069111,999.0,SAFE
47.55359983444214,999.0,13.716789245605469,4.340272426605225,999.0,12.319835674565306,999.0,SAFE
47.5851891040802,999.0,13.31877326965332,4.344854831695557,999.0,12.325363258804733,999.0,SAFE
47.61837387084961,999.0,12.584257125854492,4.346889972686768,999.0,12.331904660439562,999.0,SAFE
47.654091596603394,999.0,12.13296127319336,4.347249507904053,999.0,12.338396195744533,999.0,SAFE
47.68072485923767,999.0,17.973705291748047,4.34434175491333,999.0,12.344638285604297,999.0,SAFE
47.7116436958313,999.0,13.663736343383789,4.341437339782715,999.0,12.350698032628578,999.0,SAFE
47.74522876739502,999.0,15.784883499145508,4.337913990020752,999.0,12.3567369325068,999.0,SAFE
47.76919388771057,999.0,11.839994430541992,4.334885120391846,999.0,12.363051023506284,999.0,SAFE
47.7970871925354,999.0,12.162074089050293,4.333878993988037,999.0,12.369159640811047,999.0,SAFE
47.82816481590271,999.0,13.17376708984375,4.333737850189209,999.0,12.37516721174352,999.0,SAFE
47.85965442657471,999.0,14.022944450378418,4.333826065063477,999.0,12.38113218809691,999.0,SAFE
47.885926246643066,999.0,15.54477596282959,4.333835124969482,999.0,12.387070126629661,999.0,SAFE
47.91700315475464,999.0,13.57426929473877,4.333864212036133,999.0,12.3929773939465,999.0,SAFE
47.94756531715393,999.0,13.277785301208496,4.333868026733398,999.0,12.398846760003604,999.0,SAFE
47.97469210624695,999.0,12.33028793334961,4.3338727951049805,999.0,12.404670817915807,999.0,SAFE
48.01377511024475,999.0,14.418587684631348,4.33394718170166,999.0,12.41044494135487,999.0,SAFE
48.04444885253906,999.0,14.418587684631348,4.334747314453125,999.0,12.416157416881306,999.0,SAFE
48.082072019577026,999.0,13.960883140563965,4.335682392120361,999.0,12.421812889255275,999.0,SAFE
48.10570311546326,999.0,14.780649185180664,4.336418628692627,999.0,12.427496049256137,999.0,SAFE
48.15750479698181,999.0,16.03416633605957,4.3367462158203125,999.0,12.43335741374574,999.0,SAFE
48.199658155441284,999.0,13.815579414367676,4.329399108886719,999.0,12.439122780042325,999.0,SAFE
48.21596622467041,999.0,14.516743659973145,4.323976039886475,999.0,12.444780937978898,999.0,SAFE
48.2604444026947,999.0,18.174530029296875,4.315297603607178,999.0,12.450350968967033,999.0,SAFE
48.30293846130371,999.0,13.95261287689209,4.337255954742432,999.0,12.454062947934412,999.0,SAFE
48.359721422195435,999.0,17.192012786865234,4.332159519195557,999.0,12.456095578875143,999.0,SAFE
48.38284778594971,999.0,16.111053466796875,4.370275020599365,999.0,12.46241264199213,999.0,SAFE
48.431074142456055,999.0,14.427160263061523,4.370932102203369,999.0,12.471366025348285,999.0,SAFE
48.4619505405426,999.0,16.803131103515625,4.379188060760498,999.0,12.479856967056174,999.0,SAFE
48.49317812919617,999.0,13.660871505737305,4.365384101867676,999.0,12.486155772929937,999.0,SAFE
48.52844047546387,999.0,14.253950119018555,4.363089561462402,999.0,12.491604596891623,999.0,SAFE
48.56035351753235,999.0,13.33082389831543,4.339074611663818,999.0,12.500237887184106,999.0,SAFE
48.59087538719177,999.0,12.077363014221191,4.334827423095703,999.0,12.508060505304861,999.0,SAFE
48.628376722335815,999.0,13.982327461242676,4.333339691162109,999.0,12.515447563482745,999.0,SAFE
48.65506935119629,999.0,15.533774375915527,4.333153247833252,999.0,12.522692472067774,999.0,SAFE
48.6890664100647,999.0,12.910240173339844,4.333583831787109,999.0,12.529954055728556,999.0,SAFE
48.71608352661133,999.0,13.453569412231445,4.333479404449463,999.0,12.537256650071374,999.0,SAFE
48.742002964019775,999.0,12.01920223236084,4.333691120147705,999.0,12.54458117890344,999.0,SAFE
48.77330160140991,999.0,12.30985164642334,4.333495616912842,999.0,12.551899900456808,999.0,SAFE
48.80194449424744,999.0,13.975886344909668,4.333691120147705,999.0,12.559188245115966,999.0,SAFE
48.83925724029541,999.0,15.467852592468262,4.333530902862549,999.0,12.566429011735629,999.0,SAFE
48.863134145736694,999.0,13.679410934448242,4.333740234375,999.0,12.573607053550392,999.0,SAFE
48.89106750488281,999.0,19.35203742980957,4.333590030670166,999.0,12.580718291514215,999.0,SAFE
48.9220175743103,999.0,13.447031021118164,4.333720684051514,999.0,12.58775811972962,999.0,SAFE
48.951495885849,999.0,18.15536880493164,4.333665370941162,999.0,12.594726440169318,999.0,SAFE
48.98907470703125,999.0,13.88591480255127,4.3459649085998535,999.0,12.601618904677231,999.0,SAFE
49.01620054244995,999.0,12.693984985351562,4.333657741546631,999.0,12.608430723253504,999.0,SAFE
49.048415422439575,999.0,12.552255630493164,4.353376388549805,999.0,12.615650005638694,999.0,SAFE
49.07530355453491,999.0,13.24178409576416,4.348229885101318,999.0,12.622356624257945,999.0,SAFE
49.11247515678406,999.0,15.893871307373047,4.358114242553711,999.0,12.630661740407021,999.0,SAFE
49.13933825492859,999.0,15.239952087402344,4.353289604187012,999.0,12.637788110047657,999.0,SAFE
49.17725205421448,999.0,17.1287784576416,4.345876216888428,999.0,12.643847657670992,999.0,SAFE
49.208738565444946,999.0,12.558255195617676,4.335182189941406,999.0,12.650374509311412,999.0,SAFE
49.23642086982727,999.0,16.279619216918945,4.337069988250732,999.0,12.658351757411774,999.0,SAFE
49.26672315597534,999.0,12.279698371887207,4.333310127258301,999.0,12.665291987768185,999.0,SAFE
49.29715371131897,999.0,12.336390495300293,4.332614421844482,999.0,12.67338872680447,999.0,SAFE
49.32976794242859,999.0,11.852492332458496,4.337724685668945,999.0,12.681402682564086,999.0,SAFE
49.359925508499146,999.0,12.174209594726562,4.336845397949219,999.0,12.689067814560953,999.0,SAFE
49.385133504867554,999.0,13.058568954467773,4.334334373474121,999.0,12.69764805074263,999.0,SAFE
49.41221809387207,999.0,12.320069313049316,4.335744380950928,999.0,12.704465936625391,999.0,SAFE
49.44194030761719,999.0,13.90647029876709,4.333864212036133,999.0,12.712803737749832,999.0,SAFE
49.467382192611694,999.0,12.761192321777344,4.3335957527160645,999.0,12.720801672297352,999.0,SAFE
49.498727321624756,999.0,12.684149742126465,4.333786964416504,999.0,12.728683175718787,999.0,SAFE
49.52893924713135,999.0,12.35176944732666,4.333521842956543,999.0,12.73654918761754,999.0,SAFE
49.55936002731323,999.0,11.68879508972168,4.333805084228516,999.0,12.74432527031466,999.0,SAFE
49.58559060096741,999.0,14.046929359436035,4.333529949188232,999.0,12.752081573378474,999.0,SAFE
49.60700225830078,999.0,12.888981819152832,4.3338775634765625,999.0,12.759731251325356,999.0,SAFE
49.63451862335205,999.0,12.02180290222168,4.333523750305176,999.0,12.7673452563282,999.0,SAFE
49.671112298965454,999.0,12.611753463745117,4.333806037902832,999.0,12.774853331824987,999.0,SAFE
49.69373631477356,999.0,12.238296508789062,4.333568096160889,999.0,12.78231281947302,999.0,SAFE
49.71788477897644,999.0,14.107890129089355,4.333825588226318,999.0,12.78966561460113,999.0,SAFE
49.745185136795044,999.0,14.65151309967041,4.333567142486572,999.0,12.796960941143068,999.0,SAFE
49.77729058265686,999.0,13.9059419631958,4.333806037902832,999.0,12.804151108328458,999.0,SAFE
49.80680823326111,999.0,11.961970329284668,4.333596706390381,999.0,12.811289297066054,999.0,SAFE
49.83212113380432,999.0,12.75300121307373,4.333835601806641,999.0,12.818326041726325,999.0,SAFE
49.863834619522095,999.0,13.27855110168457,4.333608150482178,999.0,12.825308470107423,999.0,SAFE
49.8927686214447,999.0,13.35200023651123,4.333815097808838,999.0,12.832190225227446,999.0,SAFE
49.92369079589844,999.0,12.003890037536621,4.333621025085449,999.0,12.839014020480086,999.0,SAFE
49.9531135559082,999.0,14.91028881072998,4.333806037902832,999.0,12.845748437139948,999.0,SAFE
49.98154258728027,999.0,14.01156234741211,4.333617687225342,999.0,12.85242308806898,999.0,SAFE
50.01306891441345,999.0,13.361458778381348,4.333786487579346,999.0,12.859012385248173,999.0,SAFE
50.03940010070801,999.0,12.713327407836914,4.333634853363037,999.0,12.86553649016264,999.0,SAFE
50.06627893447876,999.0,17.394868850708008,4.333756923675537,999.0,12.871977317995077,999.0,SAFE
50.09438490867615,999.0,15.883389472961426,4.333672523498535,999.0,12.878358978590732,999.0,SAFE
50.11915707588196,999.0,14.208809852600098,4.333786487579346,999.0,12.884660317848036,999.0,SAFE
50.146100759506226,999.0,17.188888549804688,4.333652973175049,999.0,12.890903291277517,999.0,SAFE
50.17894983291626,999.0,17.254709243774414,4.333764553070068,999.0,12.897064959400751,999.0,SAFE
50.20755434036255,999.0,15.087054252624512,4.333675384521484,999.0,12.90316749239821,999.0,SAFE
50.23850989341736,999.0,13.112934112548828,4.333751678466797,999.0,12.909191254684893,999.0,SAFE
50.260589838027954,999.0,16.243017196655273,4.333682537078857,999.0,12.91515871353298,999.0,SAFE
50.285109519958496,999.0,12.990777015686035,4.333740711212158,999.0,12.921050414018048,999.0,SAFE
50.31411147117615,999.0,13.43901252746582,4.33366584777832,999.0,12.926887126718697,999.0,SAFE
50.34179067611694,999.0,14.360349655151367,4.342878341674805,999.0,12.932652233691254,999.0,SAFE
50.370341539382935,999.0,17.011850357055664,4.3626708984375,999.0,12.938359133712405,999.0,SAFE
50.40336990356445,999.0,13.601712226867676,4.372507095336914,999.0,12.944405808235096,999.0,SAFE
50.42722702026367,999.0,15.344855308532715,4.384861946105957,999.0,12.954207634410412,999.0,SAFE
50.45319223403931,999.0,16.805923461914062,4.380729675292969,999.0,12.964094630381016,999.0,SAFE
50.49607491493225,999.0,12.864096641540527,4.37093448638916,999.0,12.973372132058183,999.0,SAFE
50.51242232322693,999.0,12.803781509399414,4.355767726898193,999.0,12.98195834638981,999.0,SAFE
50.54342174530029,999.0,12.833549499511719,4.3408403396606445,999.0,12.99086287740879,999.0,SAFE
50.57075595855713,999.0,12.189702987670898,4.329594135284424,999.0,12.999626828532929,999.0,SAFE
50.600727558135986,999.0,14.283730506896973,4.328583240509033,999.0,13.008147433712317,999.0,SAFE
50.62817668914795,999.0,13.415557861328125,4.330121994018555,999.0,13.016676863461768,999.0,SAFE
50.65989851951599,999.0,13.368922233581543,4.331933498382568,999.0,13.025143044149898,999.0,SAFE
50.682661294937134,999.0,13.749505043029785,4.333311080932617,999.0,13.033661079282592,999.0,SAFE
50.718584060668945,999.0,12.76751708984375,4.333488941192627,999.0,13.042210389491693,999.0,SAFE
50.75090503692627,999.0,12.103199005126953,4.333300590515137,999.0,13.050721078009198,999.0,SAFE
50.77701473236084,999.0,15.138815879821777,4.333105564117432,999.0,13.059170617431372,999.0,SAFE
50.814074993133545,999.0,12.560202598571777,4.333053112030029,999.0,13.067539039543213,999.0,SAFE
50.84061050415039,999.0,15.576658248901367,4.337780952453613,999.0,13.075775575828713,999.0,SAFE
50.869579553604126,999.0,12.867545127868652,4.3397088050842285,999.0,13.083620616976091,999.0,SAFE
50.89907431602478,999.0,15.34631061553955,4.34372091293335,999.0,13.09247059158324,999.0,SAFE
50.928093910217285,999.0,17.39101219177246,4.347231388092041,999.0,13.101371915445506,999.0,SAFE
50.9521119594574,999.0,15.043670654296875,4.343132972717285,999.0,13.110087653545477,999.0,SAFE
50.97907209396362,999.0,13.189823150634766,4.347397327423096,999.0,13.118729515983926,999.0,SAFE
51.00529408454895,999.0,12.479156494140625,4.34168004989624,999.0,13.127536463163908,999.0,SAFE
51.03664588928223,999.0,12.485733032226562,4.342972278594971,999.0,13.136673584286468,999.0,SAFE
51.06513547897339,999.0,14.04025936126709,4.338692665100098,999.0,13.145534145198944,999.0,SAFE
51.097119092941284,999.0,11.998514175415039,4.338505268096924,999.0,13.154261673345509,999.0,SAFE
51.121684074401855,999.0,11.707661628723145,4.334698677062988,999.0,13.162982513951487,999.0,SAFE
51.15031051635742,999.0,13.153252601623535,4.3345746994018555,999.0,13.171631207794205,999.0,SAFE
51.18323278427124,999.0,12.426074028015137,4.33368444442749,999.0,13.18019182495048,999.0,SAFE
51.21401309967041,999.0,15.121273040771484,4.3329949378967285,999.0,13.188666016811174,999.0,SAFE
51.24616050720215,999.0,12.813617706298828,4.33352518081665,999.0,13.19707797079403,999.0,SAFE
51.26876497268677,999.0,13.516397476196289,4.3319854736328125,999.0,13.205419696590877,999.0,SAFE
51.29678702354431,999.0,12.06027889251709,4.333597183227539,999.0,13.21368908932431,999.0,SAFE
51.32525300979614,999.0,11.68655014038086,4.331173419952393,999.0,13.221880847016141,999.0,SAFE
51.4166100025177,999.0,12.329408645629883,4.333565711975098,999.0,13.229987023547432,999.0,SAFE
51.42357063293457,999.0,12.329408645629883,4.333565711975098,999.0,13.237935623300586,999.0,SAFE
51.44912576675415,999.0,12.884109497070312,4.332934379577637,999.0,13.245813263933657,999.0,SAFE
51.4883975982666,999.0,14.351122856140137,4.330535888671875,999.0,13.253582408852006,999.0,SAFE
51.516969203948975,999.0,14.351122856140137,4.333127021789551,999.0,13.261305716212439,999.0,SAFE
51.5478036403656,999.0,12.579168319702148,4.331106662750244,999.0,13.268901930978586,999.0,SAFE
51.57879066467285,999.0,14.798158645629883,4.332968711853027,999.0,13.27643806665551,999.0,SAFE
51.60409641265869,999.0,11.927596092224121,4.331716537475586,999.0,13.283840225268712,999.0,SAFE
51.63134217262268,999.0,11.881138801574707,4.332888126373291,999.0,13.291126231433372,999.0,SAFE
51.67199420928955,999.0,11.60777759552002,4.3323588371276855,999.0,13.29834018579867,999.0,SAFE
51.690608501434326,999.0,16.25908088684082,4.333032131195068,999.0,13.305463874274093,999.0,SAFE
51.71926665306091,999.0,12.334794998168945,4.33311653137207,999.0,13.312516809585096,999.0,SAFE
51.7486526966095,999.0,12.385600090026855,4.333414077758789,999.0,13.319469845783413,999.0,SAFE
51.795275926589966,999.0,12.852273941040039,4.333594799041748,999.0,13.326358268652182,999.0,SAFE
51.865145206451416,999.0,12.852273941040039,4.333454132080078,999.0,13.33316797392451,999.0,SAFE
51.87614464759827,999.0,12.852273941040039,4.333454132080078,999.0,13.339893631563474,999.0,SAFE
51.90414786338806,999.0,13.554082870483398,4.333515644073486,999.0,13.346542458900629,999.0,SAFE
51.92422580718994,999.0,13.76572322845459,4.333586692810059,999.0,13.353112931966288,999.0,SAFE
51.94813513755798,999.0,13.166873931884766,4.333523273468018,999.0,13.359611205283061,999.0,SAFE
51.9757616519928,999.0,15.353682518005371,4.3335700035095215,999.0,13.366034862048847,999.0,SAFE
52.000213623046875,999.0,11.740923881530762,4.333537578582764,999.0,13.372386338839195,999.0,SAFE
52.02752161026001,999.0,12.222082138061523,4.333555698394775,999.0,13.378660336220529,999.0,SAFE
52.05663990974426,999.0,12.078191757202148,4.333528518676758,999.0,13.384865928705228,999.0,SAFE
52.082173347473145,999.0,12.962647438049316,4.333542823791504,999.0,13.391002592343343,999.0,SAFE
52.110066175460815,999.0,14.82732105255127,4.3335185050964355,999.0,13.39707086520654,999.0,SAFE
52.13608384132385,999.0,13.15298843383789,4.3335347175598145,999.0,13.403069270445888,999.0,SAFE
52.160714626312256,999.0,12.76795768737793,4.333530426025391,999.0,13.408999266725088,999.0,SAFE
52.191938638687134,999.0,13.068081855773926,4.3335371017456055,999.0,13.414858451691932,999.0,SAFE
52.21970868110657,999.0,12.380011558532715,4.333529472351074,999.0,13.420653966437765,999.0,SAFE
52.24712014198303,999.0,12.006979942321777,4.333532810211182,999.0,13.426382505348453,999.0,SAFE
52.27645707130432,999.0,13.842952728271484,4.3335347175598145,999.0,13.432050267610203,999.0,SAFE
52.300822496414185,999.0,12.887507438659668,4.333532333374023,999.0,13.437652909018784,999.0,SAFE
52.33538031578064,999.0,11.680027961730957,4.3335371017456055,999.0,13.443190977245326,999.0,SAFE
52.35833787918091,999.0,11.933869361877441,4.333507061004639,999.0,13.44866489194046,999.0,SAFE
52.39112877845764,999.0,13.891984939575195,4.333523750305176,999.0,13.454077102732729,999.0,SAFE
52.41281223297119,999.0,18.711212158203125,4.333506107330322,999.0,13.459429930348568,999.0,SAFE
52.44048190116882,999.0,11.79918384552002,4.333533763885498,999.0,13.464721970828988,999.0,SAFE
52.46497559547424,999.0,11.637311935424805,4.333510398864746,999.0,13.469953688847799,999.0,SAFE
52.49289035797119,999.0,12.241414070129395,4.333524703979492,999.0,13.475127479308115,999.0,SAFE
52.52198910713196,999.0,11.545414924621582,4.3335137367248535,999.0,13.480239022422454,999.0,SAFE
52.555230379104614,999.0,11.659655570983887,4.333513259887695,999.0,13.485292663827014,999.0,SAFE
52.6015362739563,999.0,12.792559623718262,4.3335137367248535,999.0,13.490289792297904,999.0,SAFE
52.63293147087097,999.0,11.909502983093262,4.3335041999816895,999.0,13.495229944746647,999.0,SAFE
52.650068521499634,999.0,15.495849609375,4.333509922027588,999.0,13.500114523038434,999.0,SAFE
52.68110179901123,999.0,14.106900215148926,4.333495616912842,999.0,13.504945013016053,999.0,SAFE
52.709067821502686,999.0,12.745762825012207,4.333506107330322,999.0,13.509720897210979,999.0,SAFE
52.73791742324829,999.0,13.355059623718262,4.333496570587158,999.0,13.51443885101034,999.0,SAFE
52.76513195037842,999.0,14.706274032592773,4.333489894866943,999.0,13.519104137394667,999.0,SAFE
52.79193091392517,999.0,11.892958641052246,4.333870887756348,999.0,13.52371433146478,999.0,SAFE
52.81985330581665,999.0,13.711515426635742,4.334278583526611,999.0,13.528273736698761,999.0,SAFE
52.84855914115906,999.0,11.759536743164062,4.334702014923096,999.0,13.532828329677868,999.0,SAFE
52.874348402023315,999.0,14.49685001373291,4.3350114822387695,999.0,13.537423641863002,999.0,SAFE
52.9021110534668,999.0,13.12389850616455,4.334895610809326,999.0,13.541960291097341,999.0,SAFE
52.9266881942749,999.0,13.422416687011719,4.334527015686035,999.0,13.546432897034993,999.0,SAFE
52.95945358276367,999.0,13.80814266204834,4.334113121032715,999.0,13.55083901946535,999.0,SAFE
52.984912633895874,999.0,14.032490730285645,4.333726406097412,999.0,13.555230494825862,999.0,SAFE
53.01843786239624,999.0,14.49797248840332,4.333530902862549,999.0,13.559548884417707,999.0,SAFE
53.04834580421448,999.0,14.942972183227539,4.333498001098633,999.0,13.563822198764608,999.0,SAFE
53.08003044128418,999.0,12.08338451385498,4.333496570587158,999.0,13.568050927952786,999.0,SAFE
53.10577726364136,999.0,12.253265380859375,4.333484172821045,999.0,13.572239370078542,999.0,SAFE
53.13811540603638,999.0,12.814780235290527,4.333489894866943,999.0,13.576382254245726,999.0,SAFE
53.16307735443115,999.0,12.149564743041992,4.333481311798096,999.0,13.580480092993541,999.0,SAFE
53.189098834991455,999.0,12.71821403503418,4.3336358070373535,999.0,13.58453048073213,999.0,SAFE
53.223002910614014,999.0,13.439814567565918,4.336404323577881,999.0,13.588535812023526,999.0,SAFE
53.27372169494629,999.0,13.261699676513672,4.339585304260254,999.0,13.592495622217402,999.0,SAFE
53.395185708999634,999.0,14.150277137756348,4.341209411621094,999.0,13.596829416778307,999.0,SAFE
53.4100182056427,999.0,16.32105255126953,4.341209411621094,999.0,13.60152820322314,999.0,SAFE
53.426774978637695,999.0,15.182068824768066,4.341427803039551,999.0,13.606122588981146,999.0,SAFE
53.472983598709106,999.0,12.85651969909668,4.339198112487793,999.0,13.610580307267183,999.0,SAFE
53.50176668167114,999.0,13.611675262451172,4.336846351623535,999.0,13.615011127088293,999.0,SAFE
53.527769804000854,999.0,14.487361907958984,4.334489822387695,999.0,13.619460811978147,999.0,SAFE
53.56035280227661,999.0,14.278013229370117,4.333583354949951,999.0,13.623779525266707,999.0,SAFE
53.580304861068726,999.0,14.517359733581543,4.333583354949951,999.0,13.628068194999061,999.0,SAFE
53.622162103652954,999.0,15.244060516357422,4.33791446685791,999.0,13.632341081031628,999.0,SAFE
53.6784987449646,999.0,13.888494491577148,4.3429951667785645,999.0,13.63659360584077,999.0,SAFE
53.70640206336975,999.0,13.888494491577148,4.348552703857422,999.0,13.64132082712558,999.0,SAFE
53.734758377075195,999.0,13.156190872192383,4.352094650268555,999.0,13.647136596619916,999.0,SAFE
53.761056423187256,999.0,13.82845687866211,4.350128650665283,999.0,13.652849420420965,999.0,SAFE
53.78949999809265,999.0,13.812844276428223,4.345828056335449,999.0,13.658330057841365,999.0,SAFE
53.81528306007385,999.0,13.952411651611328,4.340976238250732,999.0,13.663613356425028,999.0,SAFE
53.846113443374634,999.0,13.934805870056152,4.336188793182373,999.0,13.669244108384447,999.0,SAFE
53.86627817153931,999.0,14.558768272399902,4.333772659301758,999.0,13.674549404970191,999.0,SAFE
53.894264221191406,999.0,13.555047035217285,4.333572864532471,999.0,13.679820909949084,999.0,SAFE
53.921409368515015,999.0,15.560029029846191,4.338417053222656,999.0,13.685097241219536,999.0,SAFE
53.94706845283508,999.0,13.33145523071289,4.342674732208252,999.0,13.690364485100291,999.0,SAFE
53.97323250770569,999.0,13.38949966430664,4.347744464874268,999.0,13.69582927512356,999.0,SAFE
54.0060658454895,999.0,13.045377731323242,4.351899147033691,999.0,13.702656140530939,999.0,SAFE
54.02999567985535,999.0,15.66982364654541,4.3506693840026855,999.0,13.709425191409503,999.0,SAFE
54.05573558807373,999.0,12.962406158447266,4.3465094566345215,999.0,13.715964624093699,999.0,SAFE
54.087047815322876,999.0,15.691682815551758,4.341681003570557,999.0,13.722290861126803,999.0,SAFE
54.11993193626404,999.0,14.049488067626953,4.33385705947876,999.0,13.728845225453975,999.0,SAFE
54.145726680755615,999.0,13.748212814331055,4.333586692810059,999.0,13.735150886213535,999.0,SAFE
54.20940399169922,999.0,14.915763854980469,4.336905479431152,999.0,13.741396131402478,999.0,SAFE
54.29022765159607,999.0,14.915763854980469,4.336905479431152,999.0,13.747634509015565,999.0,SAFE
54.29921102523804,999.0,12.34630298614502,4.341552257537842,999.0,13.753861949518152,999.0,SAFE
54.31361246109009,999.0,13.650168418884277,4.347112655639648,999.0,13.760294351091105,999.0,SAFE
54.343181848526,999.0,13.353510856628418,4.351559162139893,999.0,13.767976228005226,999.0,SAFE
54.37410593032837,999.0,14.02486801147461,4.350985527038574,999.0,13.775682422067568,999.0,SAFE
54.40228819847107,999.0,13.147074699401855,4.346986293792725,999.0,13.783158019632536,999.0,SAFE
54.427067279815674,999.0,12.774065971374512,4.342154502868652,999.0,13.790406590132665,999.0,SAFE
54.45866775512695,999.0,13.406784057617188,4.337401866912842,999.0,13.797913354150946,999.0,SAFE
54.47806692123413,999.0,13.53456974029541,4.333978652954102,999.0,13.805101316927738,999.0,SAFE
54.511606216430664,999.0,12.046500205993652,4.333418846130371,999.0,13.812209396428349,999.0,SAFE
54.53606653213501,999.0,12.046500205993652,4.335366725921631,999.0,13.819303620181707,999.0,SAFE
54.562363147735596,999.0,13.43132209777832,4.337335586547852,999.0,13.826379470816843,999.0,SAFE
54.59454560279846,999.0,12.773990631103516,4.339842796325684,999.0,13.833534098808554,999.0,SAFE
54.679144859313965,999.0,12.249966621398926,4.342808723449707,999.0,13.841278590718614,999.0,SAFE
54.689112424850464,999.0,12.559196472167969,4.342808723449707,999.0,13.84900969831933,999.0,SAFE
54.704073905944824,999.0,12.621895790100098,4.340282440185547,999.0,13.85658754343395,999.0,SAFE
54.73906874656677,999.0,12.395906448364258,4.337855339050293,999.0,13.864009227960768,999.0,SAFE
54.76748871803284,999.0,12.248811721801758,4.335484504699707,999.0,13.871528703837262,999.0,SAFE
54.79306745529175,999.0,11.823138236999512,4.33364725112915,999.0,13.878830841801856,999.0,SAFE
54.831233501434326,999.0,11.990753173828125,4.333309173583984,999.0,13.886048031704432,999.0,SAFE
54.86183428764343,999.0,11.990753173828125,4.333284378051758,999.0,13.893217906456712,999.0,SAFE
54.88808012008667,999.0,12.623809814453125,4.33329963684082,999.0,13.900334697359035,999.0,SAFE
54.973552942276,999.0,12.671967506408691,4.333299160003662,999.0,13.907391194049255,999.0,SAFE
54.98527932167053,999.0,12.375125885009766,4.333299160003662,999.0,13.914384408306125,999.0,SAFE
55.00168418884277,999.0,13.601945877075195,4.333278656005859,999.0,13.921307098077381,999.0,SAFE
55.03006887435913,999.0,12.376124382019043,4.333278656005859,999.0,13.92815603250797,999.0,SAFE
55.061015129089355,999.0,14.50185489654541,4.333275318145752,999.0,13.934926815318812,999.0,SAFE
55.09024167060852,999.0,12.675369262695312,4.33328104019165,999.0,13.941621664048597,999.0,SAFE
55.120068311691284,999.0,14.583131790161133,4.333278179168701,999.0,13.948241013941592,999.0,SAFE
55.15199089050293,999.0,11.881031036376953,4.333283424377441,999.0,13.954783759229615,999.0,SAFE
55.18229794502258,999.0,12.224523544311523,4.333289623260498,999.0,13.961250939440164,999.0,SAFE
55.207428216934204,999.0,12.224523544311523,4.3332905769348145,999.0,13.96764296306962,999.0,SAFE
55.23636603355408,999.0,12.172952651977539,4.3332929611206055,999.0,13.973959063838587,999.0,SAFE
55.2656991481781,999.0,14.12708854675293,4.333296775817871,999.0,13.980203602948132,999.0,SAFE
55.29547691345215,999.0,12.936220169067383,4.333289623260498,999.0,13.986377413364371,999.0,SAFE
55.32540798187256,999.0,12.028531074523926,4.333298206329346,999.0,13.992479446297247,999.0,SAFE
55.35336780548096,999.0,12.497743606567383,4.33329439163208,999.0,13.998513029525201,999.0,SAFE
55.3806209564209,999.0,13.237772941589355,4.333292007446289,999.0,14.004471319099332,999.0,SAFE
55.40567398071289,999.0,13.128632545471191,4.333278656005859,999.0,14.010359516455997,999.0,SAFE
55.43580079078674,999.0,12.39406967163086,4.333288669586182,999.0,14.01618113787546,999.0,SAFE
55.46763253211975,999.0,11.658979415893555,4.333285331726074,999.0,14.021937270335727,999.0,SAFE
55.493940591812134,999.0,12.196281433105469,4.33328914642334,999.0,14.02762677126386,999.0,SAFE
55.530863523483276,999.0,12.955839157104492,4.333280086517334,999.0,14.033250057458744,999.0,SAFE
55.62317776679993,999.0,14.991438865661621,4.333278179168701,999.0,14.038805259374328,999.0,SAFE
55.633984088897705,999.0,14.991438865661621,4.333278179168701,999.0,14.044296461994916,999.0,SAFE
55.65740609169006,999.0,12.77010726928711,4.333293437957764,999.0,14.049725327694192,999.0,SAFE
55.68895363807678,999.0,12.648221969604492,4.333280563354492,999.0,14.055092861591127,999.0,SAFE
55.725311517715454,999.0,13.480785369873047,4.33328104019165,999.0,14.06039936811791,999.0,SAFE
55.75142812728882,999.0,12.10923957824707,4.33327054977417,999.0,14.06564514829436,999.0,SAFE
55.78308725357056,999.0,11.753067016601562,4.3332648277282715,999.0,14.070826203980863,999.0,SAFE
55.81391620635986,999.0,11.974605560302734,4.333272457122803,999.0,14.075944987409232,999.0,SAFE
55.84225940704346,999.0,12.38255500793457,4.33325719833374,999.0,14.081006997660408,999.0,SAFE
55.86407732963562,999.0,12.42825698852539,4.333259582519531,999.0,14.086009633919677,999.0,SAFE
55.89221167564392,999.0,11.88660717010498,4.333215713500977,999.0,14.090956423747349,999.0,SAFE
55.929072856903076,999.0,11.734606742858887,4.333209991455078,999.0,14.095839751701316,999.0,SAFE
55.94407510757446,999.0,14.6619873046875,4.333028316497803,999.0,14.100675561235542,999.0,SAFE
55.98156142234802,999.0,13.074145317077637,4.332934856414795,999.0,14.105431307782588,999.0,SAFE
56.01217293739319,999.0,12.245205879211426,4.332778453826904,999.0,14.110145542704098,999.0,SAFE
56.05466985702515,999.0,13.640509605407715,4.332730770111084,999.0,14.114761434205908,999.0,SAFE
56.075016021728516,999.0,13.640509605407715,4.332727909088135,999.0,14.119336108940164,999.0,SAFE
56.10445213317871,999.0,13.13241195678711,4.332892417907715,999.0,14.123846483968753,999.0,SAFE
56.13653755187988,999.0,13.117154121398926,4.332980632781982,999.0,14.12832152751023,999.0,SAFE
56.15993022918701,999.0,12.99683952331543,4.333166122436523,999.0,14.13272626330364,999.0,SAFE
56.184022426605225,999.0,12.454164505004883,4.3331732749938965,999.0,14.137091734528259,999.0,SAFE
56.213491678237915,999.0,12.702733039855957,4.333259105682373,999.0,14.14139667851224,999.0,SAFE
56.24715042114258,999.0,13.094505310058594,4.333193778991699,999.0,14.145660895872973,999.0,SAFE
56.27819514274597,999.0,13.087993621826172,4.333279609680176,999.0,14.14986397310599,999.0,SAFE
56.30448246002197,999.0,14.170146942138672,4.33320951461792,999.0,14.15402857850746,999.0,SAFE
56.33463382720947,999.0,12.262710571289062,4.333260536193848,999.0,14.158135029486736,999.0,SAFE
56.36744546890259,999.0,12.802726745605469,4.333212375640869,999.0,14.162201977675752,999.0,SAFE
56.40311527252197,999.0,12.442158699035645,4.3332672119140625,999.0,14.166216055007123,999.0,SAFE
56.43107080459595,999.0,12.442158699035645,4.333209037780762,999.0,14.170183637331794,999.0,SAFE
56.47015690803528,999.0,12.895491600036621,4.333244323730469,999.0,14.174097573942051,999.0,SAFE
56.51329040527344,999.0,13.576233863830566,4.333247661590576,999.0,14.177976217976687,999.0,SAFE
56.52874946594238,999.0,13.576233863830566,4.333247661590576,999.0,14.181802944052656,999.0,SAFE
56.5530686378479,999.0,14.317527770996094,4.3332014083862305,999.0,14.185590950186008,999.0,SAFE
56.5880651473999,999.0,12.299015045166016,4.333232879638672,999.0,14.189329837537178,999.0,SAFE
56.69310736656189,999.0,13.314885139465332,4.3331990242004395,999.0,14.19303278375739,999.0,SAFE
56.70718717575073,999.0,12.685555458068848,4.3331990242004395,999.0,14.1966863661538,999.0,SAFE
56.73995590209961,999.0,13.52916145324707,4.333231449127197,999.0,14.200302480784535,999.0,SAFE
56.76180601119995,999.0,12.655776977539062,4.333231449127197,999.0,14.203869900888636,999.0,SAFE
56.77350854873657,999.0,12.655776977539062,4.333169937133789,999.0,14.20739771042741,999.0,SAFE
56.80573034286499,999.0,12.366006851196289,4.333230972290039,999.0,14.210882425099012,999.0,SAFE
56.91271448135376,999.0,12.211549758911133,4.333132266998291,999.0,14.21433095993959,999.0,SAFE
56.92056584358215,999.0,14.716829299926758,4.333220481872559,999.0,14.21773550089945,999.0,SAFE
56.935950756073,999.0,12.254508018493652,4.333092212677002,999.0,14.221101756194345,999.0,SAFE
56.96711540222168,999.0,12.882441520690918,4.3331756591796875,999.0,14.224425341095579,999.0,SAFE
56.99652910232544,999.0,13.93659496307373,4.3330841064453125,999.0,14.22771452358245,999.0,SAFE
57.02204442024231,999.0,12.10771369934082,4.3331618309021,999.0,14.230962010353739,999.0,SAFE
57.04893660545349,999.0,12.36302661895752,4.333085060119629,999.0,14.234174796983286,999.0,SAFE
57.082040309906006,999.0,12.799910545349121,4.333086013793945,999.0,14.237339031859216,999.0,SAFE
57.1033239364624,999.0,11.701647758483887,4.332998275756836,999.0,14.24047175847885,999.0,SAFE
57.12814474105835,999.0,11.701647758483887,4.338974475860596,999.0,14.243548524237498,999.0,SAFE
57.15312385559082,999.0,12.468841552734375,4.333346366882324,999.0,14.246591694082221,999.0,SAFE
57.17984938621521,999.0,12.681671142578125,4.341409683227539,999.0,14.249720558284265,999.0,SAFE
57.2061812877655,999.0,13.728188514709473,4.345668792724609,999.0,14.254063822661005,999.0,SAFE
57.23711013793945,999.0,12.887203216552734,4.332145690917969,999.0,14.258199913413195,999.0,SAFE
57.25949835777283,999.0,12.50546646118164,4.331615924835205,999.0,14.261847848508348,999.0,SAFE
57.28397583961487,999.0,11.382472038269043,4.321049213409424,999.0,14.264370108577625,999.0,SAFE
57.32614779472351,999.0,11.791821479797363,4.319221496582031,999.0,14.267195355255845,999.0,SAFE
57.337711811065674,999.0,13.02394962310791,4.318551540374756,999.0,14.269734583586098,999.0,SAFE
57.37680649757385,999.0,12.953682899475098,4.326071739196777,999.0,14.272209035206416,999.0,SAFE
57.39472246170044,999.0,11.902891159057617,4.330749034881592,999.0,14.274848403834147,999.0,SAFE
57.42538642883301,999.0,12.219541549682617,4.332489490509033,999.0,14.277664302066382,999.0,SAFE
57.46927499771118,999.0,14.454174041748047,4.332761287689209,999.0,14.28043860462948,999.0,SAFE
57.504188537597656,999.0,13.753435134887695,4.358071327209473,999.0,14.283135043534228,999.0,SAFE
57.620280742645264,999.0,15.19453239440918,4.358071327209473,999.0,14.286694594509886,999.0,SAFE
57.629727363586426,999.0,14.153420448303223,4.358071327209473,999.0,14.291153192214749,999.0,SAFE
57.64511203765869,999.0,14.153420448303223,4.339167594909668,999.0,14.294034989749726,999.0,SAFE
57.67115592956543,999.0,13.76669979095459,4.321822643280029,999.0,14.29644401855895,999.0,SAFE
57.697067975997925,999.0,13.599971771240234,4.325501441955566,999.0,14.299121016607833,999.0,SAFE
57.721898317337036,999.0,11.914372444152832,4.326440334320068,999.0,14.302012736334564,999.0,SAFE
57.749491453170776,999.0,14.709016799926758,4.326528549194336,999.0,14.306055162956039,999.0,SAFE
57.78021192550659,999.0,12.103731155395508,4.340487957000732,999.0,14.31060244806558,999.0,SAFE
57.804524421691895,999.0,13.277400016784668,4.317079067230225,999.0,14.31339111692571,999.0,SAFE
57.831767320632935,999.0,12.195409774780273,4.321757793426514,999.0,14.31587089322216,999.0,SAFE
57.86018776893616,999.0,11.627394676208496,4.3120503425598145,999.0,14.318699855538897,999.0,SAFE
57.89037489891052,999.0,14.128631591796875,4.322548866271973,999.0,14.321405177268478,999.0,SAFE
57.90852499008179,999.0,14.128631591796875,4.326112747192383,999.0,14.323826188134888,999.0,SAFE
57.95402264595032,999.0,12.917919158935547,4.331757545471191,999.0,14.326594948177812,999.0,SAFE
57.972142457962036,999.0,12.917919158935547,4.333131790161133,999.0,14.329409294224176,999.0,SAFE
58.07086706161499,999.0,15.173008918762207,4.332691669464111,999.0,14.332149938053373,999.0,SAFE
58.08016228675842,999.0,12.16735553741455,4.332691669464111,999.0,14.33482192493803,999.0,SAFE
58.10006761550903,999.0,12.013659477233887,4.332674980163574,999.0,14.337421276663022,999.0,SAFE
58.129289865493774,999.0,12.309579849243164,4.333161354064941,999.0,14.339969447062408,999.0,SAFE
58.157577991485596,999.0,16.427568435668945,4.332842826843262,999.0,14.342475192283736,999.0,SAFE
58.18862986564636,999.0,13.4666748046875,4.333258152008057,999.0,14.344939542143965,999.0,SAFE
58.213961124420166,999.0,12.325982093811035,4.332971096038818,999.0,14.347373193467496,999.0,SAFE
58.2423939704895,999.0,12.809052467346191,4.333198547363281,999.0,14.349774648519409,999.0,SAFE
58.28181290626526,999.0,15.206165313720703,4.333103179931641,999.0,14.352148070399089,999.0,SAFE
58.30006742477417,999.0,11.953133583068848,4.333180904388428,999.0,14.354490502943548,999.0,SAFE
58.32909321784973,999.0,13.146327018737793,4.333187580108643,999.0,14.356804707151436,999.0,SAFE
58.3488507270813,999.0,13.146327018737793,4.333187580108643,999.0,14.359093883714754,999.0,SAFE
58.47941851615906,999.0,12.196516036987305,4.333174705505371,999.0,14.361356710387248,999.0,SAFE
58.482157468795776,999.0,12.196516036987305,4.333167552947998,999.0,14.363592806726574,999.0,SAFE
58.51451849937439,999.0,13.76579761505127,4.333138465881348,999.0,14.365803268094991,999.0,SAFE
58.543293952941895,999.0,13.677568435668945,4.334040641784668,999.0,14.367986606611327,999.0,SAFE
58.56512808799744,999.0,13.677568435668945,4.3331756591796875,999.0,14.370140310841219,999.0,SAFE
58.60008430480957,999.0,12.548702239990234,4.337724685668945,999.0,14.37233141634769,999.0,SAFE
58.640419483184814,999.0,12.394635200500488,4.334408760070801,999.0,14.37473179050676,999.0,SAFE
58.67298173904419,999.0,15.25146198272705,4.3415021896362305,999.0,14.377145613527246,999.0,SAFE
58.70372200012207,999.0,13.077113151550293,4.336885929107666,999.0,14.379773786185847,999.0,SAFE
58.78235912322998,999.0,13.218235969543457,4.338858127593994,999.0,14.382374707882779,999.0,SAFE
58.79407548904419,999.0,14.679428100585938,4.338858127593994,999.0,14.384950061917971,999.0,SAFE
58.811511754989624,999.0,13.8519287109375,4.335155010223389,999.0,14.387440844834753,999.0,SAFE
58.833569288253784,999.0,13.070566177368164,4.333713054656982,999.0,14.389949197314527,999.0,SAFE
58.8825740814209,999.0,16.19873809814453,4.333145618438721,999.0,14.392390821391864,999.0,SAFE
58.89847111701965,999.0,16.19873809814453,4.333193302154541,999.0,14.394823350654727,999.0,SAFE
58.92199468612671,999.0,17.79288673400879,4.333073616027832,999.0,14.397248024049214,999.0,SAFE
58.94680881500244,999.0,15.067323684692383,4.333217144012451,999.0,14.39966256990555,999.0,SAFE
58.97673511505127,999.0,18.158096313476562,4.315536975860596,999.0,14.402060445463055,999.0,SAFE
59.00506544113159,999.0,15.780945777893066,4.323150634765625,999.0,14.404433228146377,999.0,SAFE
59.034096479415894,999.0,26.661771774291992,4.337279319763184,999.0,14.406784010636445,999.0,SAFE
59.06720209121704,999.0,18.46452522277832,4.356515884399414,999.0,14.404459842466348,999.0,SAFE
59.09969687461853,999.0,22.321794509887695,4.386293411254883,999.0,14.409492144262298,999.0,SAFE
59.118608713150024,999.0,22.321794509887695,4.401400089263916,999.0,14.4169227743017,999.0,SAFE
59.14687991142273,999.0,21.379886627197266,4.374390125274658,999.0,14.424022223445357,999.0,SAFE
59.16513013839722,999.0,21.379886627197266,4.365273952484131,999.0,14.426722933811359,999.0,SAFE
59.321959018707275,999.0,13.759584426879883,4.345437049865723,999.0,14.4331355897106,999.0,SAFE
59.328723430633545,999.0,13.759584426879883,4.340997219085693,999.0,14.435507026479693,999.0,SAFE
59.349557638168335,999.0,14.09579086303711,4.366288661956787,999.0,14.442844424986665,999.0,SAFE
59.37545132637024,999.0,14.456536293029785,4.378706932067871,999.0,14.452018316061828,999.0,SAFE
59.406994104385376,999.0,14.96747875213623,4.376945495605469,999.0,14.460551475406271,999.0,SAFE
59.43108654022217,999.0,16.4894962310791,4.369231700897217,999.0,14.468408825513762,999.0,SAFE
59.46079611778259,999.0,16.49318504333496,4.368821144104004,999.0,14.477634929373401,999.0,SAFE
59.48726844787598,999.0,14.787429809570312,4.351787090301514,999.0,14.487087430739292,999.0,SAFE
59.50915312767029,999.0,12.622772216796875,4.3730549812316895,999.0,14.497655744879845,999.0,SAFE
59.53723335266113,999.0,13.306150436401367,4.360913276672363,999.0,14.508652060970459,999.0,SAFE
59.56169056892395,999.0,13.233047485351562,4.355830192565918,999.0,14.520238591705489,999.0,SAFE
59.59153366088867,999.0,12.907772064208984,4.345623016357422,999.0,14.532127456230231,999.0,SAFE
59.61912441253662,999.0,14.386301040649414,4.32130241394043,999.0,14.542935976650416,999.0,SAFE
59.651506185531616,999.0,11.870514869689941,4.314785003662109,999.0,14.552320732654577,999.0,SAFE
59.69294500350952,999.0,12.306306838989258,4.311886787414551,999.0,14.561722791254649,999.0,SAFE
59.714964628219604,999.0,12.306306838989258,4.316504001617432,999.0,14.571154346009454,999.0,SAFE
59.7570538520813,999.0,12.544225692749023,4.320638656616211,999.0,14.580587538279548,999.0,SAFE
59.78964948654175,999.0,12.93378734588623,4.329560279846191,999.0,14.590016851375616,999.0,SAFE
59.8671932220459,999.0,12.93378734588623,4.3322834968566895,999.0,14.59959436044823,999.0,SAFE
59.878586530685425,999.0,13.612751007080078,4.3322834968566895,999.0,14.609068887747293,999.0,SAFE
59.90286374092102,999.0,16.187650680541992,4.350348949432373,999.0,14.61837227914478,999.0,SAFE
59.9266881942749,999.0,13.870640754699707,4.3578667640686035,999.0,14.627935492206616,999.0,SAFE
59.968236446380615,999.0,18.736238479614258,4.368183135986328,999.0,14.639713652836296,999.0,SAFE
60.01020359992981,999.0,13.26365852355957,4.358563423156738,999.0,14.651612532896896,999.0,SAFE
60.02808499336243,999.0,13.26365852355957,4.358563423156738,999.0,14.663085009032224,999.0,SAFE
60.055260181427,999.0,12.437589645385742,4.34859561920166,999.0,14.67413584163992,999.0,SAFE
60.08062410354614,999.0,13.621647834777832,4.33873987197876,999.0,14.685612538368723,999.0,SAFE
60.10748767852783,999.0,12.540916442871094,4.334003925323486,999.0,14.69645534534598,999.0,SAFE
60.14307904243469,999.0,11.756001472473145,4.333267688751221,999.0,14.70723884853359,999.0,SAFE
60.182251930236816,999.0,14.094958305358887,4.333159446716309,999.0,14.71803697735797,999.0,SAFE
60.21228790283203,999.0,12.838947296142578,4.333122253417969,999.0,14.72882367000763,999.0,SAFE
60.24206900596619,999.0,14.011414527893066,4.333076000213623,999.0,14.739566655626193,999.0,SAFE
60.27038359642029,999.0,16.110551834106445,4.332944393157959,999.0,14.750229992264067,999.0,SAFE
60.3028998374939,999.0,13.196603775024414,4.332907199859619,999.0,14.760803622446018,999.0,SAFE
60.32996392250061,999.0,12.851547241210938,4.332846164703369,999.0,14.771271112139193,999.0,SAFE
60.359519481658936,999.0,12.788078308105469,4.332836151123047,999.0,14.781625140661927,999.0,SAFE
60.38469576835632,999.0,13.833950996398926,4.3328142166137695,999.0,14.791865791086195,999.0,SAFE
60.41411375999451,999.0,14.065046310424805,4.3328094482421875,999.0,14.80199299358441,999.0,SAFE
60.440189361572266,999.0,13.328767776489258,4.332832336425781,999.0,14.811997365539819,999.0,SAFE
60.470447063446045,999.0,14.049240112304688,4.332861423492432,999.0,14.821887458258015,999.0,SAFE
60.49512767791748,999.0,11.905596733093262,4.3328423500061035,999.0,14.831663180926386,999.0,SAFE
60.523382902145386,999.0,12.15939998626709,4.332822322845459,999.0,14.84132334960198,999.0,SAFE
60.55785036087036,999.0,12.207340240478516,4.332846164703369,999.0,14.850868994656944,999.0,SAFE
60.5776526927948,999.0,11.790580749511719,4.332853317260742,999.0,14.860302940511751,999.0,SAFE
60.60136795043945,999.0,13.378416061401367,4.332862377166748,999.0,14.869628247112425,999.0,SAFE
60.63507318496704,999.0,11.765487670898438,4.332856178283691,999.0,14.878841924319959,999.0,SAFE
60.669331550598145,999.0,12.74558162689209,4.3328728675842285,999.0,14.887948408211491,999.0,SAFE
60.69519567489624,999.0,11.912019729614258,4.332871437072754,999.0,14.896949558220616,999.0,SAFE
60.72977948188782,999.0,15.221235275268555,4.332867622375488,999.0,14.905844381853413,999.0,SAFE
60.75254845619202,999.0,13.854684829711914,4.332862854003906,999.0,14.914632438201997,999.0,SAFE
60.79116988182068,999.0,12.962422370910645,4.332852840423584,999.0,14.92331888456709,999.0,SAFE
60.818684577941895,999.0,12.771313667297363,4.332870960235596,999.0,14.931904329719329,999.0,SAFE
60.84161853790283,999.0,15.491917610168457,4.3328633308410645,999.0,14.940386395380562,999.0,SAFE
60.88159656524658,999.0,11.871967315673828,4.332880973815918,999.0,14.948771534968847,999.0,SAFE
60.91123819351196,999.0,12.501220703125,4.332846164703369,999.0,14.957060265743914,999.0,SAFE
60.94104743003845,999.0,11.705026626586914,4.332839012145996,999.0,14.965251001144683,999.0,SAFE
60.97578310966492,999.0,12.34649658203125,4.332834720611572,999.0,14.973344176165325,999.0,SAFE
60.99819350242615,999.0,12.635336875915527,4.332852363586426,999.0,14.98134298358637,999.0,SAFE
61.028321504592896,999.0,11.867250442504883,4.332819938659668,999.0,14.989251327895314,999.0,SAFE
61.06416392326355,999.0,13.192282676696777,4.332834243774414,999.0,14.997065726035267,999.0,SAFE
61.08531332015991,999.0,13.192282676696777,4.332834243774414,999.0,15.004786316715276,999.0,SAFE
61.13190531730652,999.0,14.501880645751953,4.3328094482421875,999.0,15.012418668145369,999.0,SAFE
61.15530467033386,999.0,12.677786827087402,4.332798480987549,999.0,15.019963011787619,999.0,SAFE
61.183878898620605,999.0,12.677786827087402,4.332798480987549,999.0,15.027419235094978,999.0,SAFE
61.21387338638306,999.0,12.991572380065918,4.332794189453125,999.0,15.034782438559384,999.0,SAFE
61.324562788009644,999.0,13.699318885803223,4.33278226852417,999.0,15.0420628287781,999.0,SAFE
61.33427810668945,999.0,12.514924049377441,4.33278226852417,999.0,15.049258367627672,999.0,SAFE
61.353989124298096,999.0,12.347551345825195,4.332780361175537,999.0,15.056370192271052,999.0,SAFE
61.38085341453552,999.0,14.32831859588623,4.332797527313232,999.0,15.06339773869607,999.0,SAFE
61.4087610244751,999.0,13.65601634979248,4.3328142166137695,999.0,15.070341929031311,999.0,SAFE
61.43608260154724,999.0,11.698471069335938,4.332794189453125,999.0,15.077207986387238,999.0,SAFE
61.462132692337036,999.0,12.05960750579834,4.332774639129639,999.0,15.083992648895277,999.0,SAFE
61.489914894104004,999.0,12.419173240661621,4.3328142166137695,999.0,15.090700568442788,999.0,SAFE
61.51864957809448,999.0,16.474637985229492,4.332813739776611,999.0,15.097324206604014,999.0,SAFE
61.55295252799988,999.0,11.770922660827637,4.3328351974487305,999.0,15.103872284800424,999.0,SAFE
61.59515929222107,999.0,11.542807579040527,4.332851409912109,999.0,15.110346036309373,999.0,SAFE
61.60925555229187,999.0,11.542807579040527,4.332759380340576,999.0,15.116743810723515,999.0,SAFE
61.65090465545654,999.0,12.144146919250488,4.3327555656433105,999.0,15.123066305085864,999.0,SAFE
61.67653512954712,999.0,12.144146919250488,4.33275032043457,999.0,15.129312262000369,999.0,SAFE
61.705711364746094,999.0,13.583735466003418,4.33276891708374,999.0,15.135487867148061,999.0,SAFE
61.73415565490723,999.0,13.758004188537598,4.332760810852051,999.0,15.141591072482456,999.0,SAFE
61.755393743515015,999.0,11.945329666137695,4.332753658294678,999.0,15.147625000456722,999.0,SAFE
61.78501057624817,999.0,15.288225173950195,4.332756042480469,999.0,15.153586156805398,999.0,SAFE
61.82330012321472,999.0,12.23300552368164,4.332718372344971,999.0,15.159474057544262,999.0,SAFE
61.8379852771759,999.0,12.23300552368164,4.33276891708374,999.0,15.16529604620995,999.0,SAFE
61.867132902145386,999.0,12.963929176330566,4.332777500152588,999.0,15.171051007719539,999.0,SAFE
61.903011083602905,999.0,13.794196128845215,4.332757949829102,999.0,15.176737114480721,999.0,SAFE
62.00747227668762,999.0,13.794196128845215,4.332788944244385,999.0,15.182360484271635,999.0,SAFE
62.01777958869934,999.0,13.197038650512695,4.332788944244385,999.0,15.187913765686606,999.0,SAFE
62.030810594558716,999.0,15.190041542053223,4.33281135559082,999.0,15.193402210014828,999.0,SAFE
62.06797981262207,999.0,11.947772026062012,4.3327412605285645,999.0,15.198827684962154,999.0,SAFE
62.09510588645935,999.0,14.921008110046387,4.332787990570068,999.0,15.204190373365225,999.0,SAFE
62.12185883522034,999.0,11.701982498168945,4.332738876342773,999.0,15.209492200917275,999.0,SAFE
62.14925265312195,999.0,12.495247840881348,4.33279275894165,999.0,15.214732156668212,999.0,SAFE
62.17170238494873,999.0,12.332119941711426,4.332794189453125,999.0,15.2199090959596,999.0,SAFE
62.20189380645752,999.0,13.991599082946777,4.332755088806152,999.0,15.225022886440428,999.0,SAFE
62.22432279586792,999.0,13.203791618347168,4.3327741622924805,999.0,15.230078059638684,999.0,SAFE
62.25188207626343,999.0,12.604204177856445,4.332715034484863,999.0,15.235077452234117,999.0,SAFE
62.282270669937134,999.0,12.065723419189453,4.3327484130859375,999.0,15.240017219325011,999.0,SAFE
62.306424617767334,999.0,11.76386833190918,4.332738399505615,999.0,15.244900461349262,999.0,SAFE
62.332844495773315,999.0,12.694263458251953,4.332756042480469,999.0,15.249724021240208,999.0,SAFE
62.364158630371094,999.0,11.670990943908691,4.332754611968994,999.0,15.254490585839706,999.0,SAFE
62.38942313194275,999.0,11.779280662536621,4.332719326019287,999.0,15.259201582529736,999.0,SAFE
62.418574810028076,999.0,13.252241134643555,4.332755088806152,999.0,15.263859903204755,999.0,SAFE
62.456522941589355,999.0,12.348686218261719,4.332760810852051,999.0,15.268462825938398,999.0,SAFE
62.47175645828247,999.0,13.35578441619873,4.332721710205078,999.0,15.273013798371771,999.0,SAFE
62.50013303756714,999.0,14.089095115661621,4.332738399505615,999.0,15.277511940951067,999.0,SAFE
62.52428197860718,999.0,12.52176570892334,4.332714557647705,999.0,15.281951531520669,999.0,SAFE
62.554112911224365,999.0,13.114624977111816,4.332748889923096,999.0,15.286340532624777,999.0,SAFE
62.580517530441284,999.0,11.911688804626465,4.332718849182129,999.0,15.290679043704854,999.0,SAFE
62.60918164253235,999.0,12.93464469909668,4.332767486572266,999.0,15.294967788357837,999.0,SAFE
62.64606976509094,999.0,12.852478981018066,4.332714080810547,999.0,15.299209225272419,999.0,SAFE
62.6692008972168,999.0,13.666666984558105,4.332735538482666,999.0,15.30339970644667,999.0,SAFE
62.70013403892517,999.0,11.941713333129883,4.332734107971191,999.0,15.307541881482663,999.0,SAFE
62.72894763946533,999.0,12.73658561706543,4.332747936248779,999.0,15.311633858204686,999.0,SAFE
62.76032996177673,999.0,13.897038459777832,4.332715034484863,999.0,15.315676230650979,999.0,SAFE
62.83466601371765,999.0,12.958263397216797,4.332679271697998,999.0,15.319670696443255,999.0,SAFE
62.84939765930176,999.0,13.877046585083008,4.332679271697998,999.0,15.323621391481549,999.0,SAFE
62.86418104171753,999.0,13.877046585083008,4.332699775695801,999.0,15.327525155537193,999.0,SAFE
62.892075300216675,999.0,14.55400276184082,4.332732677459717,999.0,15.331385718115357,999.0,SAFE
62.920574426651,999.0,12.200108528137207,4.3326802253723145,999.0,15.335199898255901,999.0,SAFE
62.95106816291809,999.0,14.698314666748047,4.332699775695801,999.0,15.338970748208823,999.0,SAFE
62.98030185699463,999.0,13.496856689453125,4.332696437835693,999.0,15.342694899401332,999.0,SAFE
63.00209856033325,999.0,12.38028335571289,4.332676887512207,999.0,15.346374574053208,999.0,SAFE
63.028236389160156,999.0,12.870753288269043,4.332727909088135,999.0,15.35001310157434,999.0,SAFE
63.05297923088074,999.0,13.115519523620605,4.332714557647705,999.0,15.353608400300429,999.0,SAFE
63.07908010482788,999.0,13.008575439453125,4.3326826095581055,999.0,15.35716115538452,999.0,SAFE
63.115463972091675,999.0,11.490127563476562,4.332695007324219,999.0,15.360674435544155,999.0,SAFE
63.13444495201111,999.0,11.490127563476562,4.3326826095581055,999.0,15.364146885198814,999.0,SAFE
63.15907049179077,999.0,13.646105766296387,4.332729339599609,999.0,15.367580280255472,999.0,SAFE
63.18603587150574,999.0,11.70502758026123,4.332714080810547,999.0,15.370971752397974,999.0,SAFE
63.28534126281738,999.0,12.366809844970703,4.332675457000732,999.0,15.374320937335625,999.0,SAFE
63.296045541763306,999.0,12.887065887451172,4.332675457000732,999.0,15.377630052356352,999.0,SAFE
63.308321475982666,999.0,11.494765281677246,4.33267068862915,999.0,15.380900553463048,999.0,SAFE
63.343271017074585,999.0,12.346158027648926,4.332693099975586,999.0,15.384133834008601,999.0,SAFE
63.3620982170105,999.0,13.729832649230957,4.331737995147705,999.0,15.3873299608993,999.0,SAFE
63.386340856552124,999.0,13.899018287658691,4.329770565032959,999.0,15.390491117222917,999.0,SAFE
63.4179322719574,999.0,14.074356079101562,4.327851295471191,999.0,15.393613570764185,999.0,SAFE
63.445892572402954,999.0,12.338343620300293,4.325940132141113,999.0,15.39627515175054,999.0,SAFE
63.47280526161194,999.0,13.177278518676758,4.325392723083496,999.0,15.398747193575353,999.0,SAFE
63.51150679588318,999.0,12.491569519042969,4.327001094818115,999.0,15.40123861653931,999.0,SAFE
63.555278062820435,999.0,12.066946983337402,4.329062461853027,999.0,15.40375329752632,999.0,SAFE
63.588403940200806,999.0,11.590503692626953,4.331214427947998,999.0,15.406110319660979,999.0,SAFE
63.624136209487915,999.0,12.362871170043945,4.332348823547363,999.0,15.408576024271065,999.0,SAFE
63.65506958961487,999.0,11.78979206085205,4.33253288269043,999.0,15.411005478914772,999.0,SAFE
63.682815074920654,999.0,13.40648078918457,4.332448482513428,999.0,15.413384043496402,999.0,SAFE
63.71444916725159,999.0,12.477676391601562,4.328597545623779,999.0,15.415709912822965,999.0,SAFE
63.75971961021423,999.0,14.907706260681152,4.324746131896973,999.0,15.417992010777638,999.0,SAFE
63.78240776062012,999.0,14.907706260681152,4.320838928222656,999.0,15.419855133291069,999.0,SAFE
63.81538009643555,999.0,12.13254451751709,4.317714691162109,999.0,15.420894152375794,999.0,SAFE
63.85357737541199,999.0,11.43697738647461,4.3195881843566895,999.0,15.421972978398019,999.0,SAFE
63.86912941932678,999.0,11.43697738647461,4.323495864868164,999.0,15.423155475965912,999.0,SAFE
63.981539487838745,999.0,14.65632152557373,4.327861309051514,999.0,15.424138645799442,999.0,SAFE
64.00615501403809,999.0,14.22868537902832,4.327861309051514,999.0,15.425302813895792,999.0,SAFE
64.01795172691345,999.0,14.22868537902832,4.332273006439209,999.0,15.426509453074209,999.0,SAFE
64.0575315952301,999.0,11.283388137817383,4.332414627075195,999.0,15.427655207612203,999.0,SAFE
64.07613921165466,999.0,11.283388137817383,4.3301615715026855,999.0,15.42873535815387,999.0,SAFE
64.09555220603943,999.0,12.061219215393066,4.326330661773682,999.0,15.429766500915864,999.0,SAFE
64.12913370132446,999.0,12.873705863952637,4.322441577911377,999.0,15.43076241618304,999.0,SAFE
64.22020745277405,999.0,13.059965133666992,4.31863260269165,999.0,15.430656037991628,999.0,SAFE
64.22268748283386,999.0,12.106226921081543,4.318424701690674,999.0,15.43044974860621,999.0,SAFE
64.23856091499329,999.0,12.50373363494873,4.321679592132568,999.0,15.430350219475102,999.0,SAFE
64.27075505256653,999.0,11.43170166015625,4.325963497161865,999.0,15.430355491233612,999.0,SAFE
64.29922461509705,999.0,12.018486976623535,4.330338954925537,999.0,15.430146332979207,999.0,SAFE
64.32237577438354,999.0,11.75290584564209,4.332088947296143,999.0,15.43014993953843,999.0,SAFE
64.35440397262573,999.0,11.380595207214355,4.332319736480713,999.0,15.430128140843062,999.0,SAFE
64.38118100166321,999.0,11.47137451171875,4.33198881149292,999.0,15.430055047815932,999.0,SAFE
64.41053056716919,999.0,11.707036972045898,4.327968597412109,999.0,15.429944460393482,999.0,SAFE
64.43543028831482,999.0,17.489116668701172,4.324122428894043,999.0,15.429807438668744,999.0,SAFE
64.46406173706055,999.0,13.646743774414062,4.320418834686279,999.0,15.429055076088916,999.0,SAFE
64.48643088340759,999.0,12.094863891601562,4.31781005859375,999.0,15.427720264281511,999.0,SAFE
64.51614761352539,999.0,12.328669548034668,4.32011604309082,999.0,15.426464565616486,999.0,SAFE
64.54514241218567,999.0,11.678250312805176,4.324220180511475,999.0,15.4253341260087,999.0,SAFE
64.5720465183258,999.0,13.413576126098633,4.328495979309082,999.0,15.424072856358345,999.0,SAFE
64.60060214996338,999.0,12.070610046386719,4.331695079803467,999.0,15.422983004830089,999.0,SAFE
64.62360978126526,999.0,12.76083755493164,4.332291603088379,999.0,15.421929053351874,999.0,SAFE
64.66016340255737,999.0,13.06698989868164,4.332436561584473,999.0,15.420839252636023,999.0,SAFE
64.68616890907288,999.0,11.24188232421875,4.329853534698486,999.0,15.419713708194333,999.0,SAFE
64.71111607551575,999.0,11.367165565490723,4.325803279876709,999.0,15.418567531257212,999.0,SAFE
64.7438600063324,999.0,11.652655601501465,4.321952819824219,999.0,15.41724499563404,999.0,SAFE
64.7780692577362,999.0,11.988099098205566,4.318258285522461,999.0,15.414964151298273,999.0,SAFE
64.80452871322632,999.0,11.742034912109375,4.3187479972839355,999.0,15.412672958274777,999.0,SAFE
64.84591627120972,999.0,12.427910804748535,4.322360515594482,999.0,15.410515456306202,999.0,SAFE
64.87222909927368,999.0,12.03136157989502,4.326627254486084,999.0,15.408362846827366,999.0,SAFE
64.90167236328125,999.0,12.728180885314941,4.330811500549316,999.0,15.406216674471379,999.0,SAFE
64.93176484107971,999.0,14.263179779052734,4.3321404457092285,999.0,15.404225035528093,999.0,SAFE
64.96506714820862,999.0,12.261470794677734,4.332446575164795,999.0,15.402224093902094,999.0,SAFE
64.9891049861908,999.0,12.25030517578125,4.331367015838623,999.0,15.40019268473657,999.0,SAFE
65.01545000076294,999.0,13.507884979248047,4.327503204345703,999.0,15.398145610245814,999.0,SAFE
65.04175853729248,999.0,11.4363374710083,4.323652267456055,999.0,15.396094703546497,999.0,SAFE
65.06508040428162,999.0,14.626070976257324,4.319803237915039,999.0,15.393410826639167,999.0,SAFE
65.0917067527771,999.0,12.828941345214844,4.317887783050537,999.0,15.390202835686805,999.0,SAFE
65.12707209587097,999.0,11.49139404296875,4.320674419403076,999.0,15.387116338095838,999.0,SAFE
65.15006899833679,999.0,12.370905876159668,4.324746131896973,999.0,15.38417723904864,999.0,SAFE
65.17317748069763,999.0,11.62922191619873,4.329064846038818,999.0,15.38106126112874,999.0,SAFE
65.19900727272034,999.0,16.4119815826416,4.331873416900635,999.0,15.378207145714255,999.0,SAFE
65.22407221794128,999.0,12.527222633361816,4.332344055175781,999.0,15.375392692038213,999.0,SAFE
65.24911165237427,999.0,12.603931427001953,4.332449436187744,999.0,15.372557899387063,999.0,SAFE
65.27832174301147,999.0,13.35237979888916,4.329291820526123,999.0,15.369710112424727,999.0,SAFE
65.30436515808105,999.0,11.464200973510742,4.325390338897705,999.0,15.366860593619784,999.0,SAFE
65.34015226364136,999.0,12.574009895324707,4.32156229019165,999.0,15.363852789861594,999.0,SAFE
65.3591320514679,999.0,11.269057273864746,4.318042278289795,999.0,15.359877798461225,999.0,SAFE
65.39259314537048,999.0,12.966606140136719,4.319119453430176,999.0,15.355961138637346,999.0,SAFE
65.4102988243103,999.0,12.594331741333008,4.32275390625,999.0,15.352200193337588,999.0,SAFE
65.438068151474,999.0,11.292119979858398,4.327138423919678,999.0,15.348349627426291,999.0,SAFE
65.46230363845825,999.0,11.342391967773438,4.331165790557861,999.0,15.34466894198852,999.0,SAFE
65.48648834228516,999.0,12.883176803588867,4.332240104675293,999.0,15.341120643060691,999.0,SAFE
65.51288938522339,999.0,12.956377983093262,4.332442760467529,999.0,15.337574685845489,999.0,SAFE
65.54052519798279,999.0,11.307713508605957,4.331079483032227,999.0,15.33401709131694,999.0,SAFE
65.56641221046448,999.0,12.348367691040039,4.3272881507873535,999.0,15.330465005489947,999.0,SAFE
65.59615445137024,999.0,11.332921028137207,4.323418617248535,999.0,15.326927115079606,999.0,SAFE
65.62780141830444,999.0,11.417384147644043,4.319568634033203,999.0,15.32258673109296,999.0,SAFE
65.66097617149353,999.0,10.996268272399902,4.318179130554199,999.0,15.317934740942896,999.0,SAFE
65.67778944969177,999.0,12.014949798583984,4.320878028869629,999.0,15.313426311904175,999.0,SAFE
65.70558142662048,999.0,14.931357383728027,4.325021743774414,999.0,15.309077267445613,999.0,SAFE
65.73406744003296,999.0,11.312896728515625,4.329370498657227,999.0,15.304583891871916,999.0,SAFE
65.75824046134949,999.0,12.56319808959961,4.331958293914795,999.0,15.300348077473124,999.0,SAFE
65.7870717048645,999.0,12.173745155334473,4.332396984100342,999.0,15.296166070092639,999.0,SAFE
65.81240653991699,999.0,11.753334999084473,4.3325090408325195,999.0,15.291979755843187,999.0,SAFE
65.84180784225464,999.0,13.313724517822266,4.329140663146973,999.0,15.287793381397416,999.0,SAFE
65.86704635620117,999.0,15.109659194946289,4.325415134429932,999.0,15.283625149369817,999.0,SAFE
65.89419531822205,999.0,12.721280097961426,4.321656703948975,999.0,15.279308914481824,999.0,SAFE
65.92308473587036,999.0,11.136500358581543,4.318140029907227,999.0,15.274033730178699,999.0,SAFE
65.94742131233215,999.0,12.465508460998535,4.319178104400635,999.0,15.268840333830772,999.0,SAFE
65.97423934936523,999.0,12.55192756652832,4.322869777679443,999.0,15.263822105133912,999.0,SAFE
66.00008177757263,999.0,11.326988220214844,4.327250957489014,999.0,15.258728737457027,999.0,SAFE
66.02619647979736,999.0,12.479207038879395,4.331214427947998,999.0,15.253817411619888,999.0,SAFE
66.05578565597534,999.0,11.824467658996582,4.332291126251221,999.0,15.249053849185357,999.0,SAFE
66.08090496063232,999.0,11.699462890625,4.33250617980957,999.0,15.244306397679535,999.0,SAFE
66.10834217071533,999.0,11.379505157470703,4.33127498626709,999.0,15.239559528470187,999.0,SAFE
66.13076376914978,999.0,11.494879722595215,4.327425479888916,999.0,15.234831728646062,999.0,SAFE
66.15755701065063,999.0,11.910407066345215,4.323593616485596,999.0,15.230133462255507,999.0,SAFE
66.18607687950134,999.0,13.791826248168945,4.3198347091674805,999.0,15.224664247430479,999.0,SAFE
66.22208523750305,999.0,11.171850204467773,4.318046569824219,999.0,15.218878397894917,999.0,SAFE
66.24107384681702,999.0,11.522270202636719,4.320702075958252,999.0,15.213245423021027,999.0,SAFE
66.26740145683289,999.0,11.658430099487305,4.3248066902160645,999.0,15.207786669299816,999.0,SAFE
66.29988408088684,999.0,11.7256441116333,4.3291449546813965,999.0,15.20217308462492,999.0,SAFE
66.3220763206482,999.0,11.7256441116333,4.332053184509277,999.0,15.196856322315567,999.0,SAFE
66.35114789009094,999.0,12.91871452331543,4.332438945770264,999.0,15.191607846431069,999.0,SAFE
66.37665009498596,999.0,12.160148620605469,4.332581996917725,999.0,15.186369148826628,999.0,SAFE
66.40533494949341,999.0,14.534621238708496,4.329575061798096,999.0,15.181141998581166,999.0,SAFE
66.43106722831726,999.0,12.134893417358398,4.325803279876709,999.0,15.17594115982319,999.0,SAFE
66.45920920372009,999.0,15.560491561889648,4.322011470794678,999.0,15.170616485403094,999.0,SAFE
66.49093580245972,999.0,13.025127410888672,4.318317890167236,999.0,15.164381153719242,999.0,SAFE
66.51923155784607,999.0,12.770195960998535,4.319005489349365,999.0,15.158187641295498,999.0,SAFE
66.54294729232788,999.0,12.444830894470215,4.322441101074219,999.0,15.152172456572034,999.0,SAFE
66.59497356414795,999.0,11.873872756958008,4.3266096115112305,999.0,15.146205673556029,999.0,SAFE
66.6079614162445,999.0,11.873872756958008,4.33083963394165,999.0,15.140263789926363,999.0,SAFE
66.64107728004456,999.0,12.448455810546875,4.33223819732666,999.0,15.134553035105109,999.0,SAFE
66.66009020805359,999.0,12.448455810546875,4.33223819732666,999.0,15.128873590119305,999.0,SAFE
66.67603015899658,999.0,11.312918663024902,4.332571029663086,999.0,15.123207707995972,999.0,SAFE
66.7037844657898,999.0,11.300729751586914,4.328144550323486,999.0,15.117565741051077,999.0,SAFE
66.73751091957092,999.0,12.959378242492676,4.324465751647949,999.0,15.111959103655982,999.0,SAFE
66.84611535072327,999.0,12.827198028564453,4.320584774017334,999.0,15.105821401199018,999.0,SAFE
66.85441970825195,999.0,12.827198028564453,4.320584774017334,999.0,15.099153756080423,999.0,SAFE
66.87924122810364,999.0,13.376395225524902,4.320155143737793,999.0,15.092624961732326,999.0,SAFE
66.90707850456238,999.0,12.458108901977539,4.324150085449219,999.0,15.086282157855498,999.0,SAFE
66.9335412979126,999.0,11.570554733276367,4.328222751617432,999.0,15.079831355129183,999.0,SAFE
66.97613096237183,999.0,12.855080604553223,4.331703186035156,999.0,15.073638196967574,999.0,SAFE
66.98928427696228,999.0,12.855080604553223,4.332451820373535,999.0,15.067562410419672,999.0,SAFE
67.02626085281372,999.0,12.061712265014648,4.332618236541748,999.0,15.06151038159916,999.0,SAFE
67.0585994720459,999.0,12.604833602905273,4.3268585205078125,999.0,15.055476962324281,999.0,SAFE
67.07561373710632,999.0,12.604833602905273,4.3268585205078125,999.0,15.04947409122428,999.0,SAFE
67.11317491531372,999.0,12.8985595703125,4.323046684265137,999.0,15.043521369231849,999.0,SAFE
67.21136522293091,999.0,14.73780632019043,4.319314479827881,999.0,15.036756265218063,999.0,SAFE
67.21973156929016,999.0,12.953003883361816,4.319314479827881,999.0,15.029757206844403,999.0,SAFE
67.23256254196167,999.0,12.680253982543945,4.321385860443115,999.0,15.022936445002992,999.0,SAFE
67.2619731426239,999.0,12.432692527770996,4.3254547119140625,999.0,15.016302040256662,999.0,SAFE
67.29182720184326,999.0,12.047024726867676,4.329715728759766,999.0,15.009560132528348,999.0,SAFE
67.31606864929199,999.0,12.207061767578125,4.332125663757324,999.0,15.003085040540508,999.0,SAFE
67.34206652641296,999.0,11.778304100036621,4.332540035247803,999.0,14.996678745486664,999.0,SAFE
67.37403893470764,999.0,12.248579025268555,4.332672119140625,999.0,14.990296464601094,999.0,SAFE
67.4006838798523,999.0,12.248579025268555,4.329676628112793,999.0,14.98394104601113,999.0,SAFE
67.4242582321167,999.0,11.921368598937988,4.3257246017456055,999.0,14.977634092440747,999.0,SAFE
67.45313167572021,999.0,12.440159797668457,4.322031021118164,999.0,14.97121102790961,999.0,SAFE
67.47971439361572,999.0,13.304008483886719,4.318395614624023,999.0,14.963888115265272,999.0,SAFE
67.50724744796753,999.0,11.381059646606445,4.319032669067383,999.0,14.956627887784526,999.0,SAFE
67.53724265098572,999.0,11.593400955200195,4.322558879852295,999.0,14.949560483851652,999.0,SAFE
67.56570267677307,999.0,12.023343086242676,4.326779842376709,999.0,14.94255799720669,999.0,SAFE
67.64063382148743,999.0,12.494416236877441,4.330898284912109,999.0,14.935569234507422,999.0,SAFE
67.66392254829407,999.0,12.964888572692871,4.332345962524414,999.0,14.928837115357831,999.0,SAFE
67.71648573875427,999.0,12.964888572692871,4.332698345184326,999.0,14.922152551180858,999.0,SAFE
67.72321581840515,999.0,12.236475944519043,4.332330703735352,999.0,14.915492106743855,999.0,SAFE
67.75200462341309,999.0,13.172351837158203,4.3287858963012695,999.0,14.908868497631028,999.0,SAFE
67.7831015586853,999.0,11.679574966430664,4.324965000152588,999.0,14.902293065562676,999.0,SAFE
67.80560755729675,999.0,11.880200386047363,4.32105016708374,999.0,14.895403375866202,999.0,SAFE
67.8303337097168,999.0,13.032828330993652,4.318063735961914,999.0,14.887779154799446,999.0,SAFE
67.85712838172913,999.0,11.546440124511719,4.319765567779541,999.0,14.880300343552397,999.0,SAFE
67.88426804542542,999.0,11.546244621276855,4.323554992675781,999.0,14.87301763922188,999.0,SAFE
67.90924334526062,999.0,12.523127555847168,4.327589511871338,999.0,14.865693034447423,999.0,SAFE
67.93735527992249,999.0,11.48188304901123,4.331446647644043,999.0,14.858559864965171,999.0,SAFE
67.96612000465393,999.0,13.397042274475098,4.3325700759887695,999.0,14.851591008134708,999.0,SAFE
67.98927974700928,999.0,11.860684394836426,4.332742691040039,999.0,14.844662890589518,999.0,SAFE
68.01481032371521,999.0,14.428239822387695,4.330741882324219,999.0,14.837763722041064,999.0,SAFE
68.04183840751648,999.0,13.6563081741333,4.324669361114502,999.0,14.83090116150951,999.0,SAFE
68.0677695274353,999.0,11.715774536132812,4.318281173706055,999.0,14.824094617960705,999.0,SAFE
68.09311771392822,999.0,13.208610534667969,4.312200546264648,999.0,14.816323138864949,999.0,SAFE
68.11977458000183,999.0,12.366094589233398,4.308320045471191,999.0,14.807690671874989,999.0,SAFE
68.14208769798279,999.0,11.562562942504883,4.312041282653809,999.0,14.799292936445088,999.0,SAFE
68.16953730583191,999.0,11.561372756958008,4.318376064300537,999.0,14.791179993140753,999.0,SAFE
68.19607257843018,999.0,12.265734672546387,4.325512886047363,999.0,14.782843287934817,999.0,SAFE
68.21966433525085,999.0,14.447492599487305,4.330955982208252,999.0,14.774902766235309,999.0,SAFE
68.24644494056702,999.0,12.418100357055664,4.332652568817139,999.0,14.76714256138044,999.0,SAFE
68.26931595802307,999.0,12.079503059387207,4.332271099090576,999.0,14.759390413042109,999.0,SAFE
68.29826307296753,999.0,11.95315170288086,4.3328857421875,999.0,14.751645405370422,999.0,SAFE
68.32711601257324,999.0,13.779336929321289,4.33256196975708,999.0,14.743929599924485,999.0,SAFE
68.35244965553284,999.0,15.128010749816895,4.3329548835754395,999.0,14.736260960846938,999.0,SAFE
68.38098168373108,999.0,12.539041519165039,4.332610130310059,999.0,14.728655897677873,999.0,SAFE
68.41006660461426,999.0,15.257352828979492,4.3328375816345215,999.0,14.721122346454774,999.0,SAFE
68.43513607978821,999.0,13.193827629089355,4.332487106323242,999.0,14.713665656434467,999.0,SAFE
68.46335172653198,999.0,11.552042007446289,4.332799911499023,999.0,14.706282382687379,999.0,SAFE
68.49006247520447,999.0,11.54416275024414,4.332679748535156,999.0,14.698982787142587,999.0,SAFE
68.51916527748108,999.0,12.847662925720215,4.332914352416992,999.0,14.691766610524866,999.0,SAFE
68.54706883430481,999.0,12.877543449401855,4.332813262939453,999.0,14.684639812024443,999.0,SAFE
68.57258653640747,999.0,13.194156646728516,4.333151340484619,999.0,14.677595277044524,999.0,SAFE
68.61597609519958,999.0,12.924397468566895,4.3329362869262695,999.0,14.670632477391692,999.0,SAFE
68.64909195899963,999.0,12.47343921661377,4.333268642425537,999.0,14.663749539139536,999.0,SAFE
68.68216514587402,999.0,13.839566230773926,4.333080768585205,999.0,14.656952026048092,999.0,SAFE
68.71429657936096,999.0,11.535722732543945,4.333225727081299,999.0,14.650232312613733,999.0,SAFE
68.75309443473816,999.0,11.50065803527832,4.329555511474609,999.0,14.643593261566355,999.0,SAFE
68.78049802780151,999.0,11.572157859802246,4.324299335479736,999.0,14.637028218451297,999.0,SAFE
68.81368017196655,999.0,11.619726181030273,4.31876802444458,999.0,14.63054001216181,999.0,SAFE
68.84140753746033,999.0,12.074177742004395,4.313607215881348,999.0,14.622881931690854,999.0,SAFE
68.8762104511261,999.0,11.50668716430664,4.311953067779541,999.0,14.614919631610704,999.0,SAFE
68.90718078613281,999.0,13.32400894165039,4.316472053527832,999.0,14.607133244209102,999.0,SAFE
68.93829655647278,999.0,13.250659942626953,4.323281288146973,999.0,14.599593248479415,999.0,SAFE
68.98799276351929,999.0,12.028247833251953,4.329157829284668,999.0,14.591858937641092,999.0,SAFE
69.00820398330688,999.0,12.028247833251953,4.335390567779541,999.0,14.584703197462458,999.0,SAFE
69.03208541870117,999.0,13.31137752532959,4.335219383239746,999.0,14.57772242266936,999.0,SAFE
69.07511949539185,999.0,11.963397979736328,4.33574104309082,999.0,14.57074121081946,999.0,SAFE
69.08958625793457,999.0,12.616639137268066,4.33574104309082,999.0,14.563760619493454,999.0,SAFE
69.11566138267517,999.0,12.569111824035645,4.334101676940918,999.0,14.556823954782612,999.0,SAFE
69.15681505203247,999.0,12.159647941589355,4.3333821296691895,999.0,14.54992080133703,999.0,SAFE
69.1697678565979,999.0,12.159647941589355,4.332773208618164,999.0,14.543068395617604,999.0,SAFE
69.19515204429626,999.0,13.78200912475586,4.331858158111572,999.0,14.536292359704737,999.0,SAFE
69.24676942825317,999.0,13.723600387573242,4.3308796882629395,999.0,14.52960340175259,999.0,SAFE
69.3699095249176,999.0,12.378728866577148,4.33040714263916,999.0,14.522871539601361,999.0,SAFE
69.38056540489197,999.0,12.635602951049805,4.33040714263916,999.0,14.516041378442171,999.0,SAFE
69.39207530021667,999.0,12.799213409423828,4.3297038078308105,999.0,14.509305607558119,999.0,SAFE
69.4309492111206,999.0,15.37205696105957,4.331367015838623,999.0,14.502684422203226,999.0,SAFE
69.4490749835968,999.0,14.767034530639648,4.332167625427246,999.0,14.496112187573596,999.0,SAFE
69.4766891002655,999.0,12.363408088684082,4.335312366485596,999.0,14.489683966787982,999.0,SAFE
69.50024199485779,999.0,15.544465065002441,4.3346357345581055,999.0,14.483472508746116,999.0,SAFE
69.53413391113281,999.0,11.877936363220215,4.335494518280029,999.0,14.477466588894671,999.0,SAFE
69.55304741859436,999.0,11.877936363220215,4.334444046020508,999.0,14.47149415418344,999.0,SAFE
69.5771689414978,999.0,12.780022621154785,4.331037998199463,999.0,14.465526878385512,999.0,SAFE
69.60920643806458,999.0,11.751605987548828,4.329047679901123,999.0,14.459399810749419,999.0,SAFE
69.63606762886047,999.0,13.348604202270508,4.327393531799316,999.0,14.453172977154933,999.0,SAFE
69.74322271347046,999.0,11.852230072021484,4.328382968902588,999.0,14.446995387096896,999.0,SAFE
69.75328516960144,999.0,13.16364574432373,4.328382968902588,999.0,14.440941631806128,999.0,SAFE
69.76898384094238,999.0,13.339452743530273,4.3314595222473145,999.0,14.434937906416645,999.0,SAFE
69.7999017238617,999.0,12.466343879699707,4.332404613494873,999.0,14.429012644129376,999.0,SAFE
69.83234429359436,999.0,11.863248825073242,4.332956790924072,999.0,14.423208959089198,999.0,SAFE
69.85177803039551,999.0,11.863248825073242,4.33306884765625,999.0,14.417461157935433,999.0,SAFE
69.87521576881409,999.0,12.647144317626953,4.332992076873779,999.0,14.41176208383314,999.0,SAFE
69.90212678909302,999.0,11.981951713562012,4.333079814910889,999.0,14.406116552832607,999.0,SAFE
69.93245077133179,999.0,15.166374206542969,4.333016395568848,999.0,14.400524553877258,999.0,SAFE
69.95578575134277,999.0,12.408177375793457,4.333284854888916,999.0,14.39499936079627,999.0,SAFE
69.98217153549194,999.0,13.201302528381348,4.3332672119140625,999.0,14.389532385488188,999.0,SAFE
70.01097226142883,999.0,12.618504524230957,4.333147048950195,999.0,14.384129310861317,999.0,SAFE
