time_s,true_dist_m,radar_dist_m,lidar_dist_m,fused_dist_m,relative_vel_mps,ttc_s,safety_level
0.0017199516296386719,73.68693082817028,999.0,999.0,999.0,0.0,999.0,SAFE
0.01301431655883789,73.68693082817028,15.206235885620117,999.0,999.0,4105.431640625,999.0,SAFE
0.15003156661987305,73.6869156792851,15.206235885620117,4.331724166870117,999.0,4105.431640625,999.0,SAFE
0.18524765968322754,73.68517355779194,11.668526649475098,4.331739902496338,999.0,0.00591819201331858,999.0,SAFE
0.23920965194702148,73.67991689918318,12.780374526977539,4.332093238830566,999.0,0.16241900746100543,999.0,SAFE
0.2973659038543701,73.66834318017568,11.966495513916016,4.332760334014893,999.0,0.2660323249055016,999.0,SAFE
0.3494729995727539,73.65224314094053,12.725211143493652,4.333622455596924,999.0,0.37963000914690476,999.0,SAFE
0.4046909809112549,73.62899296813441,13.091492652893066,4.334146499633789,999.0,0.49198075344591596,999.0,SAFE
0.474651575088501,73.59905770121028,12.765198707580566,4.334775447845459,999.0,0.6352763755141565,999.0,SAFE
0.5183217525482178,73.5619469210999,12.765198707580566,4.335229873657227,999.0,0.8003318735274729,999.0,SAFE
0.5647270679473877,73.51710710395905,12.184038162231445,4.3357014656066895,999.0,0.9551251638605471,999.0,SAFE
0.6138961315155029,73.46492768563465,14.27744197845459,4.336033344268799,999.0,1.0821003498786672,999.0,SAFE
0.6649370193481445,73.4056935628848,12.961366653442383,4.336329936981201,999.0,1.2806916454894435,999.0,SAFE
0.7159628868103027,73.3388335181627,12.766353607177734,4.336577415466309,999.0,1.394997970653643,999.0,SAFE
0.7669250965118408,73.26430608538521,12.220221519470215,4.336958408355713,999.0,1.591895906256818,999.0,SAFE
0.8185164928436279,73.18194825476621,14.576268196105957,4.336892604827881,999.0,1.7064507975594418,999.0,SAFE
0.8673250675201416,73.0908782744689,13.183670043945312,4.33714485168457,999.0,1.9198096123729689,999.0,SAFE
0.9167311191558838,72.99243329743463,12.331521034240723,4.337224006652832,999.0,2.028702657256183,999.0,SAFE
0.9657089710235596,72.88581145794318,13.900857925415039,4.337302207946777,999.0,2.227976802310888,999.0,SAFE
1.0133612155914307,72.772118980915,13.977558135986328,4.337238311767578,999.0,2.3364151548980177,999.0,SAFE
1.0659818649291992,72.65061055115075,12.536713600158691,4.3372039794921875,999.0,2.5230358954194485,999.0,SAFE
1.1155486106872559,72.52240724090187,12.308952331542969,4.337203502655029,999.0,2.628940183483318,999.0,SAFE
1.1633851528167725,72.38849781900629,12.856606483459473,4.337116241455078,999.0,2.7504604066952063,999.0,SAFE
1.2106525897979736,72.24853852602378,12.529123306274414,4.33699369430542,999.0,2.8709267312125806,999.0,SAFE
1.2581777572631836,72.1021704417136,12.643683433532715,4.336989402770996,999.0,3.006807343889823,999.0,SAFE
1.3089582920074463,71.94924258298074,13.144187927246094,4.336697101593018,999.0,3.135146552758786,999.0,SAFE
1.357428789138794,71.78964218786369,14.391277313232422,4.336679458618164,999.0,3.2737501391124173,999.0,SAFE
1.407926321029663,71.62342680900205,13.094633102416992,4.336714267730713,999.0,3.4031411451469893,999.0,SAFE
1.4581129550933838,71.45061226231533,11.642364501953125,4.336679458618164,999.0,3.5402317346965266,999.0,SAFE
1.5069646835327148,71.27126392582926,15.104348182678223,4.336771011352539,999.0,3.6684916683911766,999.0,SAFE
1.5529258251190186,71.08538265980717,12.46131420135498,4.336716651916504,999.0,3.8030345602153126,999.0,SAFE
1.606914758682251,70.89306020383775,13.163702011108398,4.3367180824279785,999.0,3.9289192066539247,999.0,SAFE
1.6615948677062988,70.69444887935134,12.771172523498535,4.336627006530762,999.0,4.0574795087719675,999.0,SAFE
1.709268569946289,70.48968971296138,15.325044631958008,4.336627006530762,999.0,4.178675139152162,999.0,SAFE
1.7600669860839844,70.27890888446177,16.617570877075195,4.33666467666626,999.0,4.301413382293555,999.0,SAFE
1.8125486373901367,70.0621827497532,14.18766975402832,4.336577415466309,999.0,4.419145737576898,999.0,SAFE
1.8666660785675049,69.83970549917991,11.928680419921875,4.336619853973389,999.0,4.535235555146392,999.0,SAFE
1.9158554077148438,69.61153876164603,14.645334243774414,4.336400032043457,999.0,4.648857304251208,999.0,SAFE
1.9722881317138672,69.37779694841387,12.900130271911621,4.336382865905762,999.0,4.760665563414248,999.0,SAFE
2.0286340713500977,69.13857973852862,13.34134578704834,4.336369037628174,999.0,4.87084989080334,999.0,SAFE
2.0789377689361572,68.89401328926775,11.730148315429688,4.336297988891602,999.0,4.979547972061572,999.0,SAFE
2.1337828636169434,68.64408765235719,12.21646499633789,4.336262226104736,999.0,5.086532225929645,999.0,SAFE
2.182886838912964,68.39012773977224,13.540602684020996,4.336527347564697,999.0,5.100648227202826,999.0,SAFE
2.2362825870513916,68.13837903178772,11.923558235168457,4.336452484130859,999.0,5.106128692626953,999.0,SAFE
2.287926197052002,67.88853871962601,12.258255004882812,4.335786819458008,999.0,5.0625481605529785,999.0,SAFE
2.336231231689453,67.63886697515957,11.580615043640137,4.334897518157959,999.0,5.051881161467293,999.0,SAFE
2.390258550643921,67.38880027405361,13.172699928283691,4.334465980529785,999.0,5.048822390904231,999.0,SAFE
2.4434590339660645,67.13706125732156,12.92831039428711,4.334259986877441,999.0,5.107726614212805,999.0,SAFE
2.4939370155334473,66.88338936879556,12.827577590942383,4.334164142608643,999.0,5.132822213730759,999.0,SAFE
2.5490400791168213,66.62686271937835,11.686606407165527,4.334216117858887,999.0,5.21265266017419,999.0,SAFE
2.6047301292419434,66.36749727051854,12.477067947387695,4.33435583114624,999.0,5.253838882307355,999.0,SAFE
2.663874387741089,66.10466290050671,12.914348602294922,4.33451509475708,999.0,5.3448800466676945,999.0,SAFE
2.7219433784484863,65.83854491702093,12.444531440734863,4.334618091583252,999.0,5.394536093416226,999.0,SAFE
2.7891600131988525,65.5686274741236,13.232192039489746,4.334799289703369,999.0,5.490991988326128,999.0,SAFE
2.830545663833618,65.29519488763081,13.232192039489746,4.334967613220215,999.0,5.544766696369075,999.0,SAFE
2.880992889404297,65.01779482682277,12.854695320129395,4.335078716278076,999.0,5.643412480712011,999.0,SAFE
2.9290504455566406,64.73682157892826,14.318352699279785,4.335142135620117,999.0,5.698948768426478,999.0,SAFE
2.9772889614105225,64.45180537003576,15.19633674621582,4.3352131843566895,999.0,5.798044845977276,999.0,SAFE
3.0267863273620605,64.16327671714124,15.705328941345215,4.335247039794922,999.0,5.854089869040397,999.0,SAFE
3.073840856552124,63.87066954947565,16.47174072265625,4.335299491882324,999.0,5.952717746958317,999.0,SAFE
3.120738983154297,63.574490650265034,12.853860855102539,4.335371971130371,999.0,6.008606435993283,999.0,SAFE
3.171933650970459,63.27433777433182,12.040083885192871,4.335389614105225,999.0,6.106293358464285,999.0,SAFE
3.2232842445373535,62.970635507560466,14.61341667175293,4.335386753082275,999.0,6.161671543508504,999.0,SAFE
3.270893096923828,62.66300777491282,12.517444610595703,4.335460186004639,999.0,6.25817130167677,999.0,SAFE
3.3248939514160156,62.35186842148166,13.764690399169922,4.335403919219971,999.0,6.31285728980648,999.0,SAFE
3.37184739112854,62.03685871030788,12.525988578796387,4.335423469543457,999.0,6.408046867588008,999.0,SAFE
3.419542074203491,61.71843139875733,12.762032508850098,4.335386753082275,999.0,6.461937701442814,999.0,SAFE
3.470006227493286,61.39618764764356,15.907136917114258,4.335386753082275,999.0,6.555755707849917,999.0,SAFE
3.524925708770752,61.07056050432784,13.320880889892578,4.335636138916016,999.0,6.6088102921627225,999.0,SAFE
3.5746874809265137,60.7411851733176,13.464691162109375,4.335351943969727,999.0,6.701229525090012,999.0,SAFE
3.6243183612823486,60.40848181259086,13.195942878723145,4.335355281829834,999.0,6.753416912239635,999.0,SAFE
3.6738266944885254,60.07208410469559,18.354759216308594,4.335352420806885,999.0,6.844428499735945,999.0,SAFE
3.726316452026367,59.73237753378386,12.52097225189209,4.3353166580200195,999.0,6.895739575562618,999.0,SAFE
3.7794132232666016,59.38908665079352,12.7246675491333,4.335391044616699,999.0,6.985341376702408,999.0,SAFE
3.830900192260742,59.042586364520915,12.808611869812012,4.3353376388549805,999.0,7.035769532044858,999.0,SAFE
3.8818962574005127,58.69251232231626,14.006422996520996,4.335264682769775,999.0,7.123971846006721,999.0,SAFE
3.9349489212036133,58.339268325639644,12.490152359008789,4.3352861404418945,999.0,7.173516212724082,999.0,SAFE
3.9859867095947266,57.98254962064747,12.22057819366455,4.335284233093262,999.0,7.260323997410857,999.0,SAFE
4.0477025508880615,57.622736008927674,12.082768440246582,4.335284233093262,999.0,7.30898692698457,999.0,SAFE
4.085951566696167,57.25946941919461,12.082768440246582,4.335212230682373,999.0,7.394414586038913,999.0,SAFE
4.146767616271973,56.89318974165336,12.552935600280762,4.3351945877075195,999.0,7.4421981910896475,999.0,SAFE
4.198338747024536,56.523514019855675,12.427802085876465,4.335247039794922,999.0,7.526252406201332,999.0,SAFE
4.247248649597168,56.15084566026962,12.83441162109375,4.335142135620117,999.0,7.57316257270896,999.0,SAFE
4.2967212200164795,55.77483182942413,12.9029541015625,4.3352131843566895,999.0,7.655855768370139,999.0,SAFE
4.345160722732544,55.39588677921853,14.590447425842285,4.335054874420166,999.0,7.701893277707222,999.0,SAFE
4.39193058013916,55.013682179172896,12.66612434387207,4.335264682769775,999.0,7.78323368653141,999.0,SAFE
4.455483675003052,54.62854690923921,12.302648544311523,4.335312366485596,999.0,7.828406373976629,999.0,SAFE
4.487139701843262,54.240172394978885,12.302648544311523,4.335312366485596,999.0,7.908405481565466,999.0,SAFE
4.539262294769287,53.84896241519755,13.662314414978027,4.33486270904541,999.0,7.9527203193950236,999.0,SAFE
4.585691452026367,53.45454314449141,11.892233848571777,4.335273265838623,999.0,8.031389144656712,999.0,SAFE
4.637895107269287,53.05734313984968,13.68587589263916,4.334810256958008,999.0,8.074854920730493,999.0,SAFE
4.682135581970215,52.65697315237764,12.502455711364746,4.335292816162109,999.0,8.152208693607367,999.0,SAFE
4.73106050491333,52.253810663979586,11.841025352478027,4.334670543670654,999.0,8.194830144090043,999.0,SAFE
4.777642250061035,51.8475522121347,13.83841609954834,4.33523416519165,999.0,8.270882580722901,999.0,SAFE
4.828734636306763,51.4385448236226,13.488937377929688,4.33456563949585,999.0,8.312668841341258,999.0,SAFE
4.876763343811035,51.02652413930754,13.570862770080566,4.335175514221191,999.0,8.387432791914849,999.0,SAFE
4.927051782608032,50.61179768182573,12.338494300842285,4.3346662521362305,999.0,8.428411910171993,999.0,SAFE
4.9783899784088135,50.19407226975002,12.722442626953125,4.335175514221191,999.0,8.501919244525874,999.0,SAFE
5.0289013385772705,49.773709031939816,13.480472564697266,4.3344807624816895,999.0,8.54207142250969,999.0,SAFE
5.078284502029419,49.35037789072117,14.064654350280762,4.335116863250732,999.0,8.614298008548586,999.0,SAFE
5.130900144577026,48.92443889304265,13.41891098022461,4.334286212921143,999.0,8.653632787525032,999.0,SAFE
5.185209512710571,48.49559856878106,13.289312362670898,4.33512544631958,999.0,8.724606222738263,999.0,SAFE
5.226453542709351,48.06416572221557,13.289312362670898,4.334198951721191,999.0,8.763141506438524,999.0,SAFE
5.280436992645264,47.62982983961944,14.416705131530762,4.335058689117432,999.0,8.832881954983222,999.0,SAFE
5.32246994972229,47.192996346787154,14.403717994689941,4.334237098693848,999.0,8.870632702913477,999.0,SAFE
5.367901563644409,46.75332110264528,12.023585319519043,4.335168838500977,999.0,8.939153179695792,999.0,SAFE
5.4148993492126465,46.311135378529094,11.994904518127441,4.33393669128418,999.0,8.976128233574194,999.0,SAFE
5.460897445678711,45.86614546975314,12.97083568572998,4.334980487823486,999.0,9.04344486105874,999.0,SAFE
5.517836093902588,45.41869923343009,12.589887619018555,4.334044456481934,999.0,9.079653619975089,999.0,SAFE
5.561644077301025,44.96852716308242,13.315296173095703,4.335047245025635,999.0,9.145783046420568,999.0,SAFE
5.608266353607178,44.51589861240852,13.16021728515625,4.333744525909424,999.0,9.181236124817799,999.0,SAFE
5.654309034347534,44.0605489440175,12.376557350158691,4.334921836853027,999.0,9.24593681540806,999.0,SAFE
5.701900482177734,43.602714934179446,14.677983283996582,4.333517551422119,999.0,9.28056654440533,999.0,SAFE
5.749226808547974,43.14220921688415,12.496624946594238,4.334902286529541,999.0,9.344330796509682,999.0,SAFE
5.79852819442749,42.67931742018252,12.805560111999512,4.333377838134766,999.0,9.37832463897342,999.0,SAFE
5.845899820327759,42.21381140386949,13.359500885009766,4.335087776184082,999.0,9.441015838987035,999.0,SAFE
5.894163370132446,41.74595251808627,12.85639762878418,4.333325386047363,999.0,9.474301280986191,999.0,SAFE
5.943977355957031,41.275543072816134,13.267840385437012,4.334863185882568,999.0,9.535861178447895,999.0,SAFE
5.992487192153931,40.80289761500486,13.33672046661377,4.333343029022217,999.0,9.568425849020928,999.0,SAFE
6.040898084640503,40.327686586413954,13.045450210571289,4.334910869598389,999.0,9.62885495416972,999.0,SAFE
6.090376615524292,39.850247228859466,12.397347450256348,4.333272933959961,999.0,9.660706942921276,999.0,SAFE
6.146442174911499,39.37030350217481,13.434287071228027,4.334889888763428,999.0,9.719722598073075,999.0,SAFE
6.197965145111084,38.88810398906287,11.756441116333008,4.333289623260498,999.0,9.75079043865136,999.0,SAFE
6.245956659317017,38.40340949136088,12.351713180541992,4.335135459899902,999.0,9.808977260746795,999.0,SAFE
6.2979021072387695,37.91658441838058,14.158950805664062,4.333098888397217,999.0,9.839476353589435,999.0,SAFE
6.348926067352295,37.42730138676337,12.282657623291016,4.33474588394165,999.0,9.896681873895503,999.0,SAFE
6.39931058883667,36.935895799654716,13.908125877380371,4.332958221435547,999.0,9.926532293576416,999.0,SAFE
6.454524278640747,36.44210684837395,12.701437950134277,4.335111618041992,999.0,9.98268246599448,999.0,SAFE
6.503200054168701,35.946309513923175,12.284683227539062,4.333804130554199,999.0,10.011866377096922,999.0,SAFE
6.5567498207092285,35.448146728615775,11.780242919921875,4.334687232971191,999.0,10.066958290121717,999.0,SAFE
6.60292387008667,34.9478879846896,11.769244194030762,4.332941055297852,999.0,10.095222083785407,999.0,SAFE
6.6491944789886475,34.44534459949937,12.24763011932373,4.334628582000732,999.0,10.149096588313007,999.0,SAFE
6.698018789291382,33.94074626579317,13.09280776977539,4.332837104797363,999.0,10.176961309384,999.0,SAFE
6.750527858734131,33.43393317312815,18.338117599487305,4.334948539733887,999.0,10.230023997112852,999.0,SAFE
6.800294399261475,32.925115152567244,12.632893562316895,4.332643985748291,999.0,10.257324804265416,999.0,SAFE
6.84816575050354,32.41408113429717,13.80318546295166,4.334609508514404,999.0,10.309431512378714,999.0,SAFE
6.896899461746216,31.90117566560966,12.933013916015625,4.3326616287231445,999.0,10.33612088269393,999.0,SAFE
6.94591212272644,31.386062453923838,12.194132804870605,4.334715366363525,999.0,10.387231969261917,999.0,SAFE
6.995868444442749,30.86908581414164,11.587005615234375,4.33267879486084,999.0,10.413303946123166,999.0,SAFE
7.043625593185425,30.34998169181227,13.804855346679688,4.334715366363525,999.0,10.463064371993621,999.0,SAFE
7.091593027114868,29.82900222448623,12.427207946777344,4.332696437835693,999.0,10.488434852003818,999.0,SAFE
7.140801191329956,29.305883136790253,12.43638801574707,4.334531307220459,999.0,10.53755046303285,999.0,SAFE
7.190856456756592,28.780930708507878,15.96371078491211,4.332399368286133,999.0,10.562467410761263,999.0,SAFE
7.239711284637451,28.253925590377985,11.676342964172363,4.334492206573486,999.0,10.610759108796376,999.0,SAFE
7.28818678855896,27.725130192395316,12.955205917358398,4.332592964172363,999.0,10.635125038292623,999.0,SAFE
7.349960088729858,27.194355274817816,14.033370018005371,4.334637641906738,999.0,10.682498179933392,999.0,SAFE
7.385019779205322,26.661834459443277,13.21078109741211,4.332767963409424,999.0,10.706295256697956,999.0,SAFE
7.435009717941284,26.127316549631924,16.427934646606445,4.33447265625,16.427934646606445,10.752356401291728,1.5278450633047176,CRITICAL
7.490388870239258,25.591850067616306,12.056093215942383,4.33231258392334,999.0,10.743667911994164,999.0,SAFE
7.541384935379028,25.059249234583373,12.71451473236084,4.334335803985596,999.0,10.72184944152832,999.0,SAFE
7.5880513191223145,24.53471141248932,14.80409049987793,4.332824230194092,14.80409049987793,10.64976692199707,1.390085868386482,CRITICAL
7.634822368621826,24.02172235231748,12.752312660217285,4.332617282867432,12.752312660217285,10.499715805053711,1.2145388405731283,CRITICAL
7.679831504821777,23.522988010408163,11.760294914245605,4.330687046051025,11.760294914245605,10.274806022644043,1.144575857522544,CRITICAL
7.725840091705322,23.03902952862321,12.631035804748535,4.329668045043945,12.631035804748535,9.99244499206543,1.264058577733307,CRITICAL
7.7721991539001465,22.57089130408216,14.425905227661133,4.328250408172607,14.425905227661133,9.670499801635742,1.4917435007052091,CRITICAL
7.817972898483276,22.11832146054044,13.653246879577637,4.327265739440918,13.653246879577637,9.333395004272461,1.4628382141040552,CRITICAL
7.865307092666626,21.68182255294732,11.665266990661621,4.326365947723389,11.665266990661621,9.057520866394043,1.2879094801694635,CRITICAL
7.912649154663086,21.260849610004243,12.981328964233398,4.325743675231934,12.981328964233398,8.753531455993652,1.4829819290070547,CRITICAL
7.960897207260132,20.855606601858423,11.809528350830078,4.325255393981934,11.809528350830078,8.422480583190918,1.4021437311946823,CRITICAL
8.006895303726196,20.465426609457047,11.986498832702637,4.324882507324219,11.986498832702637,8.124855995178223,1.4752875423042753,CRITICAL
8.05251169204712,20.09054687270162,12.516136169433594,4.324741363525391,12.516136169433594,7.825430870056152,1.5994181505489145,CRITICAL
8.097083330154419,19.730128305086033,12.193926811218262,4.324511528015137,12.193926811218262,7.490563869476318,1.6279050581102334,CRITICAL
8.144029140472412,19.38450131738192,13.452817916870117,4.3245320320129395,13.452817916870117,7.236289978027344,1.8590766757162813,CRITICAL
8.19289231300354,19.05262551371897,12.255020141601562,4.3244948387146,12.255020141601562,6.918337345123291,1.7713822744188787,CRITICAL
8.239926099777222,18.741793766041148,11.988728523254395,4.324688911437988,11.988728523254395,6.659922122955322,1.8001304372511835,CRITICAL
8.283649206161499,18.49220383577004,11.761147499084473,4.323398113250732,11.761147499084473,6.242724895477295,1.8839765800996842,CRITICAL
8.329669952392578,18.30919607103409,11.747471809387207,4.317981719970703,11.747471809387207,5.02405309677124,2.3382459506522415,WARNING
8.376262664794922,18.192820425133736,11.431924819946289,4.312257766723633,11.431924819946289,3.685281276702881,3.102049466947097,WARNING
8.424894332885742,18.1424738977434,11.665209770202637,4.307398796081543,11.665209770202637,2.3529884815216064,4.957614481248586,WARNING
8.469704866409302,18.13865245194934,11.629119873046875,4.303534984588623,11.629119873046875,1.023572325706482,11.361307433766653,WARNING
8.518866777420044,18.138372082916597,12.819093704223633,4.303327560424805,12.819093704223633,0.07798649370670319,999.0,WARNING
8.566901922225952,18.13806258242949,12.263678550720215,4.308193206787109,12.263678550720215,0.010317979380488396,999.0,WARNING
8.619155406951904,18.13779130634634,13.180079460144043,4.313276767730713,13.180079460144043,0.009730217047035694,999.0,WARNING
8.655873537063599,18.137569200353255,13.189493179321289,4.317984580993652,13.189493179321289,0.009043335914611816,999.0,WARNING
8.699931383132935,18.137385318740947,11.736185073852539,4.3217573165893555,11.736185073852539,0.008289951831102371,999.0,WARNING
8.74959683418274,18.13729792443891,13.1764497756958,4.324673175811768,13.1764497756958,0.005413360893726349,999.0,WARNING
8.797385931015015,18.137172305738456,13.190553665161133,4.326800346374512,13.190553665161133,0.004623602144420147,999.0,WARNING
8.844805002212524,18.137172305738456,13.170822143554688,4.328433513641357,13.170822143554688,0.0025095860473811626,999.0,WARNING
8.892565488815308,18.137172305738456,11.46196460723877,4.328433990478516,11.46196460723877,0.0,999.0,WARNING
8.944504022598267,18.137172305738456,13.18373966217041,4.328437328338623,13.18373966217041,0.0,999.0,WARNING
8.995478868484497,18.137172305738456,11.7881441116333,4.3284502029418945,11.7881441116333,0.0,999.0,WARNING
9.04966926574707,18.137172305738456,13.243732452392578,4.328433513641357,13.243732452392578,0.0,999.0,WARNING
9.101588249206543,18.137172305738456,11.815409660339355,4.328419208526611,11.815409660339355,0.0,999.0,WARNING
9.15199899673462,18.137172305738456,12.477128982543945,4.328461170196533,12.477128982543945,0.0,999.0,WARNING
9.199729919433594,18.137172305738456,13.172527313232422,4.328433990478516,13.172527313232422,0.0,999.0,WARNING
9.265623807907104,18.137172305738456,11.91667652130127,4.328433513641357,11.91667652130127,0.0,999.0,WARNING
9.316561937332153,18.137172305738456,13.046426773071289,4.3284502029418945,13.046426773071289,0.0,999.0,WARNING
9.364902257919312,18.137172305738456,13.253087043762207,4.328433513641357,13.253087043762207,0.0,999.0,WARNING
9.424896001815796,18.137114042900485,13.164735794067383,4.328433990478516,13.164735794067383,0.002519396544272304,999.0,WARNING
9.46890664100647,18.13705578008075,13.180076599121094,4.329300880432129,13.180076599121094,0.001944698509760201,999.0,WARNING
9.51889181137085,18.13543537204501,12.76612663269043,4.329883575439453,12.76612663269043,0.008253166125109594,999.0,WARNING
9.56899356842041,18.13275716810976,12.388646125793457,4.330662727355957,12.388646125793457,0.08300799655492347,999.0,WARNING
9.618896245956421,18.1266089177978,12.30898380279541,4.331428050994873,12.30898380279541,0.16341858297766784,75.32181211287035,WARNING
9.670026302337646,18.117189237736195,12.780970573425293,4.332188129425049,12.780970573425293,0.2671670382984779,47.83887509037117,WARNING
9.731181383132935,18.103453576207663,12.28242301940918,4.33318567276001,12.28242301940918,0.2871444523334503,42.77436990196855,WARNING
9.766898155212402,18.085681181449768,12.28242301940918,4.33318567276001,12.28242301940918,0.42138370078116455,29.147836037891174,WARNING
9.811899662017822,18.06370003502678,12.091270446777344,4.334245681762695,12.091270446777344,0.45991971966762335,26.28995872478682,WARNING
9.857803344726562,18.037831593332694,13.116533279418945,4.333939552307129,13.116533279418945,0.5971361797067855,21.96573198070098,WARNING
9.906958818435669,18.006690466098878,12.754413604736328,4.334850788116455,12.754413604736328,0.6973435429857321,18.290000291860864,WARNING
9.955901861190796,17.972495291424842,12.401747703552246,4.334409713745117,12.401747703552246,0.7409069734424368,16.73860302047187,WARNING
10.00698971748352,17.933308611004946,12.867398262023926,4.335263252258301,12.867398262023926,0.8662270058974442,14.85453371277984,WARNING
10.06089997291565,17.890000143888287,11.992084503173828,4.334583282470703,11.992084503173828,0.9499062283142462,12.624492971749028,WARNING
10.107930660247803,17.842799318013075,11.912481307983398,4.335554599761963,11.912481307983398,1.0119684817361423,11.771593209648424,WARNING
10.157899379730225,17.792098169902562,12.885828971862793,4.334530830383301,12.885828971862793,1.0808748760178657,11.92166573372162,WARNING
10.205698490142822,17.73687188834894,12.994279861450195,4.335555553436279,12.994279861450195,1.2102850234960503,10.736545201488731,WARNING
10.258752584457397,17.67761819904773,12.857919692993164,4.3346428871154785,12.857919692993164,1.2707640270835885,10.118259109444711,WARNING
10.304508209228516,17.61354743175699,12.846240043640137,4.335611820220947,12.846240043640137,1.3983829348983032,9.18649657618596,WARNING
10.355378866195679,17.54579812778792,12.654630661010742,4.334693908691406,12.654630661010742,1.4529612485210226,8.709544507048596,WARNING
10.405740737915039,17.473698190981334,12.459173202514648,4.335897445678711,12.459173202514648,1.574975340208523,7.910710018396278,WARNING
10.455030918121338,17.397885284393073,12.618021965026855,4.334425926208496,12.618021965026855,1.6379352962683111,7.703614418575842,WARNING
10.505616903305054,17.31780610088606,12.54782485961914,4.335750102996826,12.54782485961914,1.7555504485890148,7.147515965550395,WARNING
10.552679538726807,17.23411947728969,12.5167818069458,4.334479331970215,12.5167818069458,1.8134819670303306,6.902071283037168,WARNING
10.602129936218262,17.14637371719072,11.840394973754883,4.335770606994629,11.840394973754883,1.930060350628062,6.134727844081089,WARNING
10.6546471118927,17.05522009631836,12.34925365447998,4.334181308746338,12.34925365447998,1.9901372941846585,6.205226991406821,WARNING
10.705464363098145,16.96019233831959,12.375415802001953,4.3357696533203125,12.375415802001953,2.10247366423186,5.886121673026197,WARNING
10.75390625,16.86198403307146,12.28817367553711,4.334217548370361,12.28817367553711,2.1615592089498983,5.684865639885385,WARNING
10.805314779281616,16.760211961753466,12.578120231628418,4.335853099822998,12.578120231628418,2.2705937864290333,5.5395730873596944,WARNING
10.851391315460205,16.65548679776558,16.458269119262695,4.333919525146484,16.458269119262695,2.3288370626079256,7.067162140073493,SAFE
10.89889645576477,16.547451058817693,11.945661544799805,4.33577299118042,11.945661544799805,2.4340774333420527,4.907675237101268,WARNING
10.94828987121582,16.436721492551158,14.109416007995605,4.333762168884277,14.109416007995605,2.4915296444139514,5.662953294426634,WARNING
10.997902393341064,16.32305595098862,12.134981155395508,4.335632801055908,4.335632801055908,2.5927892436034097,1.6721886716215806,CRITICAL
11.049941301345825,16.206958944591978,14.183147430419922,4.333499908447266,4.333499908447266,2.6495781833551564,1.6355433237149326,CRITICAL
11.094343185424805,16.088275643763215,11.721722602844238,4.335675239562988,4.335675239562988,2.7467497056566406,1.5784748172118208,CRITICAL
11.141831398010254,15.967487980091688,16.320955276489258,4.333343029022217,4.333343029022217,2.8030429724339667,1.5459424174505054,CRITICAL
11.191544771194458,15.844456110646053,16.065080642700195,4.335636138916016,4.335636138916016,2.8960067879180107,1.4971084173573292,CRITICAL
11.240013599395752,15.719716847247236,13.417957305908203,4.333133220672607,4.333133220672607,2.952140329401689,1.4677937825370262,CRITICAL
11.288471937179565,15.593180248172494,13.77202033996582,4.3355584144592285,4.3355584144592285,3.0404113999537365,1.4259775550523193,CRITICAL
11.336388111114502,15.465282303436268,12.170388221740723,4.332888603210449,4.332888603210449,3.0985570438868937,1.3983568938189321,CRITICAL
11.38289475440979,15.336415525444693,13.02060317993164,4.335809230804443,4.335809230804443,3.164336496720406,1.370211175485976,CRITICAL
11.432160139083862,15.206715495089307,12.758320808410645,4.3326263427734375,4.3326263427734375,3.2254354708981783,1.3432686475562765,CRITICAL
11.480075597763062,15.076378342562245,13.08944320678711,4.335223197937012,4.335223197937012,3.2937377145353723,1.3162017056809137,CRITICAL
11.527762413024902,14.945531708946291,13.292603492736816,4.332826614379883,4.332826614379883,3.355352607949494,1.2913178198066455,CRITICAL
11.575714826583862,14.814418272657644,14.806427001953125,4.335305213928223,4.335305213928223,3.423431792454848,1.2663623745865535,CRITICAL
11.62421441078186,14.683284245870038,12.268208503723145,4.332400798797607,4.332400798797607,3.4839050537325673,1.2435473217491915,CRITICAL
11.671798706054688,14.552435160126992,11.672524452209473,4.335303783416748,4.335303783416748,3.5507666064810204,1.220948674999859,CRITICAL
11.723372459411621,14.422072931040352,11.824236869812012,4.331980228424072,4.331980228424072,3.6095455567125665,1.200145602918909,CRITICAL
11.770862102508545,14.29259540420682,12.610392570495605,4.335028171539307,4.335028171539307,3.6747916838875985,1.1796663714426494,CRITICAL
11.819004535675049,14.164216889193826,12.36617660522461,4.331980228424072,4.331980228424072,3.7316292138019547,1.1608817436635008,CRITICAL
11.87217378616333,14.037303514154516,12.656356811523438,4.334909915924072,4.334909915924072,3.795024964571233,1.1422612384353146,CRITICAL
11.927004337310791,13.912169435332093,12.004217147827148,4.33229398727417,4.33229398727417,3.8498479589277395,1.1253156055754476,CRITICAL
11.97973108291626,13.789150167684975,15.455385208129883,4.335649013519287,4.335649013519287,3.911451652261246,1.1084501098237554,CRITICAL
12.038900375366211,13.668630880921558,12.657978057861328,4.331342697143555,4.331342697143555,3.9644586735675227,1.0925432836574083,CRITICAL
12.086063861846924,13.551000980732868,12.345590591430664,4.334870338439941,4.334870338439941,4.024297443687878,1.0771744382958566,CRITICAL
12.1329026222229,13.436604666719093,12.854073524475098,4.331141948699951,4.331141948699951,4.075636779718028,1.062690858580288,CRITICAL
12.177388191223145,13.325793718479337,13.889846801757812,4.335110187530518,4.335110187530518,4.133682554600633,1.0487283748254213,CRITICAL
12.22471308708191,13.218997984876891,11.72872543334961,4.330932140350342,4.330932140350342,4.183493260015437,1.0352430065429006,CRITICAL
12.267972469329834,13.116689975777728,12.110970497131348,4.334713935852051,4.334713935852051,4.239702372677951,1.0224099606110055,CRITICAL
12.313417673110962,13.019164109683135,13.378524780273438,4.330652713775635,4.330652713775635,4.288128123997683,1.009916818842229,CRITICAL
12.365123748779297,12.920180165555612,12.25041389465332,4.334715366363525,4.334715366363525,4.348841151840543,0.9967518276745888,CRITICAL
12.41313099861145,12.812129357329725,12.864849090576172,4.3327226638793945,4.3327226638793945,4.419589042663574,0.9803451456808239,CRITICAL
12.469891786575317,12.699410407536533,12.389721870422363,4.334843635559082,4.334843635559082,4.49359986251592,0.9646705911042218,CRITICAL
12.5081148147583,12.583796606812188,12.389721870422363,4.334843635559082,4.334843635559082,4.577626104991104,0.9469632373060547,CRITICAL
12.556315422058105,12.465520352244754,12.079080581665039,4.3310980796813965,4.3310980796813965,4.661800389421585,0.9290612462750211,CRITICAL
12.603153705596924,12.344484319604321,12.268738746643066,4.33549690246582,4.33549690246582,4.745055512766175,0.9136872879150788,CRITICAL
12.65294361114502,12.220403028952015,12.054099082946777,4.330766201019287,4.330766201019287,4.8268019509055335,0.8972330427203072,CRITICAL
12.706992149353027,12.093039436968258,11.992945671081543,4.336006164550781,4.336006164550781,4.906740343753419,0.88368363939836,CRITICAL
12.746136903762817,11.96203577568461,12.0816650390625,4.330910682678223,4.330910682678223,4.984685442685841,0.8688433267204616,CRITICAL
12.790139198303223,11.827023506252793,11.847488403320312,4.335195064544678,4.335195064544678,5.060504653678039,0.8566724785825072,CRITICAL
12.83555006980896,11.687664595155102,12.505951881408691,4.332491874694824,4.332491874694824,5.12688354919965,0.8450536925831216,CRITICAL
12.88349461555481,11.546989721393249,11.978930473327637,4.336557388305664,4.336557388305664,5.059767898814536,0.8570664653059848,CRITICAL
12.930899143218994,11.403607392623798,12.045503616333008,4.328381538391113,4.328381538391113,5.1389614038356815,0.8422677654594647,CRITICAL
12.976246356964111,11.256646151194976,11.84710693359375,4.334609508514404,4.334609508514404,5.105960369110107,0.8489312871948245,CRITICAL
13.022420167922974,11.10757382599852,12.443714141845703,4.3273234367370605,4.3273234367370605,5.137495374147988,0.8423021572948302,CRITICAL
13.06974744796753,10.950380385670352,12.576787948608398,4.333593845367432,4.333593845367432,5.158560189918186,0.8400781779840321,CRITICAL
13.11589241027832,10.795142324911533,13.05094051361084,4.325280666351318,4.325280666351318,5.152153183993404,0.8395093297670195,CRITICAL
13.164447546005249,10.64260994344104,12.984294891357422,4.333554744720459,4.333554744720459,5.165230309851396,0.8389857730942369,CRITICAL
13.208716630935669,10.491106681018085,12.370542526245117,4.3286848068237305,4.3286848068237305,5.1686329473947525,0.8374912381823519,CRITICAL
13.25546145439148,10.338570417485109,12.298498153686523,4.333437442779541,4.333437442779541,5.19170030734493,0.8346855916642248,CRITICAL
13.298929214477539,10.185308650084629,12.685219764709473,4.328902721405029,4.328902721405029,5.212836640502731,0.8304313025599716,CRITICAL
13.347733736038208,10.030331458261067,12.984251022338867,4.334286212921143,4.334286212921143,5.249596025123333,0.8256418574264128,CRITICAL
13.396965980529785,9.874232843050047,11.973831176757812,4.328311443328857,4.328311443328857,5.282487179412399,0.8193699854488468,CRITICAL
13.44470500946045,9.71624973429203,12.176557540893555,4.335353374481201,4.335353374481201,5.3284937381097155,0.8136170534412918,CRITICAL
13.488210916519165,9.55733208627192,11.569972038269043,4.328224182128906,4.328224182128906,5.368518273529233,0.8062232373260707,CRITICAL
13.533264398574829,9.396880940727852,13.598894119262695,4.333886623382568,4.333886623382568,5.42019052671587,0.7995819707851671,CRITICAL
13.578741073608398,9.235863518690863,12.77008056640625,4.329569339752197,4.329569339752197,5.46445583447486,0.7923148197917997,CRITICAL
13.627905368804932,9.073860381940795,14.092121124267578,4.334082126617432,4.334082126617432,5.5193975939574464,0.7852455005891077,CRITICAL
13.672945499420166,8.912096999797468,13.845480918884277,4.329507827758789,4.329507827758789,5.566137083393664,0.7778298958312927,CRITICAL
13.720279455184937,8.7501204072063,12.456583023071289,4.334296703338623,4.334296703338623,5.622705402038178,0.7708560903381994,CRITICAL
13.768312215805054,8.589312429094198,13.486355781555176,4.329497814178467,4.329497814178467,5.686785697937012,0.761326001039405,CRITICAL
13.81358289718628,8.429391215681822,12.915148735046387,4.334793567657471,4.334793567657471,5.727762514645885,0.7568039974725569,CRITICAL
13.86199402809143,8.27161952148157,14.559004783630371,4.329674243927002,4.329674243927002,5.776388162594832,0.7495469698459554,CRITICAL
13.910538911819458,8.11617333142176,13.534524917602539,4.334550857543945,4.334550857543945,5.832988838838167,0.743109746530445,CRITICAL
13.956900358200073,7.964274988077102,12.053359031677246,4.330268383026123,4.330268383026123,5.881667071376602,0.7362314681324909,CRITICAL
14.006000280380249,7.8157335061684625,13.29256820678711,4.335886478424072,4.335886478424072,5.936349500142714,0.7303960924672368,CRITICAL
14.05785608291626,7.672013788099289,12.639951705932617,4.330774784088135,4.330774784088135,5.984521379837731,0.7236626806412316,CRITICAL
14.108028888702393,7.533439140798817,14.25728702545166,4.335519790649414,4.335519790649414,6.038936423256701,0.7179277089178789,CRITICAL
14.15590214729309,7.401529359431258,13.001065254211426,4.3312811851501465,4.3312811851501465,6.086910744507406,0.7115729746913946,CRITICAL
14.212899208068848,7.276520958531116,14.629165649414062,4.334765434265137,4.334765434265137,6.139963835935945,0.7059920139748457,CRITICAL
14.269974708557129,7.160008889673035,12.623461723327637,4.332359313964844,4.332359313964844,6.1901961388981155,0.6998743200948111,CRITICAL
14.315423011779785,7.052203974868434,12.213323593139648,4.334784984588623,4.334784984588623,6.25085235869087,0.693471023765544,CRITICAL
14.37544846534729,6.954724921034444,12.02212905883789,4.332487106323242,4.332487106323242,6.311619056283263,0.6864303861954755,CRITICAL
14.426834344863892,6.867792612920233,13.017484664916992,4.335064888000488,4.335064888000488,6.378729725864127,0.6796125677535612,CRITICAL
14.483598470687866,6.7929377656595245,11.878729820251465,4.333045959472656,4.333045959472656,6.444662033432954,0.6723464996293252,CRITICAL
14.526965379714966,6.730420239254904,14.985041618347168,4.335097789764404,4.335097789764404,6.514583889487507,0.6654450788115402,CRITICAL
14.582027196884155,6.681697210249584,12.713790893554688,4.333606243133545,4.333606243133545,6.582806216755762,0.6583220135058598,CRITICAL
14.62425184249878,6.646953476881165,12.956089973449707,4.335214614868164,4.335214614868164,6.653668719311524,0.6515525190314468,CRITICAL
14.67289423942566,6.627630989537861,11.974225044250488,4.333884239196777,4.333884239196777,6.722595276433172,0.6446742754825217,CRITICAL
14.718601703643799,6.623493619648679,13.357694625854492,4.335521697998047,4.335521697998047,6.793422955177415,0.6381939894812307,CRITICAL
14.767966985702515,6.635653762915944,12.571121215820312,4.333832263946533,4.333832263946533,6.861880368048167,0.6315808541528498,CRITICAL
14.815065383911133,6.663755503223694,12.569104194641113,4.335494518280029,4.335494518280029,6.932105373604727,0.6254224776773052,CRITICAL
14.863095998764038,6.708891805831977,12.9267578125,4.333868503570557,4.333868503570557,7.000174853695319,0.6191086071632558,CRITICAL
14.926187753677368,6.770718444902513,13.803481101989746,4.335630416870117,4.335630416870117,7.069775206637912,0.613262839361474,CRITICAL
14.961049795150757,6.84997667096607,12.187079429626465,4.333805561065674,4.333805561065674,7.137045369285782,0.6072268476414864,CRITICAL
15.009539604187012,6.946069114141204,13.624082565307617,4.335410118103027,4.335410118103027,7.205656639202387,0.6016675974422957,CRITICAL
15.060587644577026,7.059313313899434,13.753558158874512,4.333973407745361,4.333973407745361,7.271986037181558,0.5959820859921648,CRITICAL
15.106163740158081,7.1888168103761565,12.214400291442871,4.33544921875,4.33544921875,7.339494343559241,0.5907013502305598,CRITICAL
15.155896186828613,7.334801036977074,13.371370315551758,4.333991050720215,4.333991050720215,7.404809464171522,0.5852940675503415,CRITICAL
15.203454494476318,7.496159802340129,12.253209114074707,4.3354878425598145,4.3354878425598145,7.4711978915084005,0.5802935359920576,CRITICAL
15.256892204284668,7.6729090078411835,13.2371826171875,4.334050178527832,4.334050178527832,7.535461186442272,0.575153938331686,CRITICAL
15.310045003890991,7.86400012187768,14.637527465820312,4.335380554199219,4.335380554199219,7.600737238435113,0.5703894790989793,CRITICAL
15.359976768493652,8.069300850911167,13.74674129486084,4.3340325355529785,4.3340325355529785,7.663929023431101,0.565510526298253,CRITICAL
15.408268690109253,8.287483945498103,13.44210147857666,4.335361003875732,4.335361003875732,7.727914967952761,0.5610000914676516,CRITICAL
15.45991039276123,8.518332908104435,13.418280601501465,4.333910942077637,4.333910942077637,7.789913249535981,0.556349063622216,CRITICAL
15.509099245071411,8.760941066680836,12.296944618225098,4.335456848144531,4.335456848144531,7.853074213065603,0.5520712946951892,CRITICAL
15.568494081497192,9.015197707676887,13.45893383026123,4.333639621734619,4.333639621734619,7.91405575498657,0.5475877041937738,CRITICAL
15.611834526062012,9.2801470731369,13.45893383026123,4.3354926109313965,4.3354926109313965,7.976172984168124,0.5435554895232212,CRITICAL
15.663953304290771,9.555658766609092,12.924688339233398,4.333683490753174,4.333683490753174,8.036134317118666,0.5392746462091246,CRITICAL
15.71234393119812,9.840862265042501,12.169403076171875,4.33523416519165,4.33523416519165,8.097131996986635,0.5354036672250146,CRITICAL
15.761286735534668,10.135617228471967,11.774760246276855,4.333718299865723,4.333718299865723,8.156063411495957,0.5313492651071539,CRITICAL
15.821437120437622,10.439001835354663,11.92620849609375,4.335224628448486,4.335224628448486,8.215952680701042,0.5276593959251692,CRITICAL
15.862232208251953,10.750979134492361,11.92620849609375,4.3338165283203125,4.3338165283203125,8.273844921855954,0.5237971667649011,CRITICAL
15.918025255203247,11.07082265676658,12.168815612792969,4.335185527801514,4.335185527801514,8.332659138154133,0.5202643545025475,CRITICAL
15.95986008644104,11.39845162698656,12.419941902160645,4.333909511566162,4.333909511566162,8.389513367554265,0.516586519586129,CRITICAL
16.01224136352539,11.732967292430303,15.030306816101074,4.335136413574219,4.335136413574219,8.447126618434652,0.5132084091309109,CRITICAL
16.064507484436035,12.07442628206363,13.09780502319336,4.33354377746582,4.33354377746582,8.50282879826978,0.5096590652686835,CRITICAL
16.11750626564026,12.422215820006455,12.724414825439453,4.335126876831055,4.335126876831055,8.559642015883615,0.5064612362043436,CRITICAL
16.174564599990845,12.776439841268777,13.919023513793945,4.3335795402526855,4.3335795402526855,8.614379091138595,0.5030634819299438,CRITICAL
16.227221488952637,13.136524587258917,14.85744571685791,4.335087776184082,4.335087776184082,8.67021067437362,0.499997974558706,CRITICAL
16.281085968017578,13.502587405366498,12.138279914855957,4.3334126472473145,4.3334126472473145,8.723987219345055,0.49672386470697294,CRITICAL
16.33933711051941,13.874028668476814,11.899418830871582,4.335165500640869,4.335165500640869,8.77877296745755,0.49382362623012344,CRITICAL
16.403164863586426,14.250958645200997,13.21006965637207,4.333456039428711,4.333456039428711,8.831580714055555,0.4906772841391767,CRITICAL
16.461632013320923,14.632892039079527,12.863348960876465,4.335135459899902,4.335135459899902,8.885335957405637,0.48789775430907695,CRITICAL
16.54521679878235,15.019919707281332,11.855584144592285,4.33512544631958,4.33512544631958,8.937165959598143,0.4850671304434977,CRITICAL
16.589902877807617,15.411624459241308,11.855584144592285,4.33512544631958,4.33512544631958,8.989923604860977,0.48222049895680064,CRITICAL
16.647671937942505,15.807921240775126,14.30273151397705,4.3335280418396,4.3335280418396,9.040584460237168,0.4793415802816265,CRITICAL
16.704752445220947,16.208407965011258,11.622332572937012,4.335076808929443,4.335076808929443,9.092349419159198,0.47678290935395257,CRITICAL
16.759512186050415,16.61323244486595,13.56127643585205,4.33336067199707,13.56127643585205,9.142146063187784,1.4833799790684328,CRITICAL
16.813899040222168,17.02208425558528,12.232009887695312,4.335086345672607,12.232009887695312,9.193085723207124,1.3305662816584747,CRITICAL
16.869900226593018,17.435075957707646,11.754300117492676,4.333326816558838,11.754300117492676,9.241988702637869,1.2718366680255448,CRITICAL
16.916619539260864,17.851888550158712,12.153976440429688,4.334902286529541,12.153976440429688,9.291966707275,1.3080090387015617,CRITICAL
16.972700119018555,18.2725796487206,13.152934074401855,4.333500862121582,13.152934074401855,9.339968059081325,1.4082418688373515,CRITICAL
17.02590322494507,18.696878459229907,12.329729080200195,4.334872722625732,12.329729080200195,9.388973906023118,1.3132136912523056,CRITICAL
17.079073905944824,19.124878748380034,12.599604606628418,4.333203315734863,12.599604606628418,9.43606889506445,1.3352599209209526,CRITICAL
17.133610248565674,19.556330844141375,12.436532020568848,4.334853649139404,12.436532020568848,9.484131605951607,1.3112989715120056,CRITICAL
17.188668727874756,19.991134350122035,14.567424774169922,4.333309173583984,14.567424774169922,9.530119958263562,1.5285667796383313,CRITICAL
17.246902227401733,20.429075187351813,16.61066246032715,4.334949493408203,16.61066246032715,9.577251991345083,1.73438711598464,CRITICAL
17.297438859939575,20.87029735599782,12.860208511352539,4.332984924316406,12.860208511352539,9.62243487267772,1.3364817410059346,CRITICAL
17.354819774627686,21.31458652485703,14.659890174865723,4.334794998168945,14.659890174865723,9.668800324578394,1.516205701094046,CRITICAL
17.40753412246704,21.762011336652883,12.988452911376953,4.333098888397217,12.988452911376953,9.713153541521324,1.3372024704288403,CRITICAL
17.463299989700317,22.212357928322703,13.64480972290039,4.334765434265137,13.64480972290039,9.75862351245379,1.398230980577037,CRITICAL
17.51856017112732,22.665747809420072,15.077675819396973,4.333132743835449,15.077675819396973,9.80214339413601,1.5382019231035706,CRITICAL
17.574901819229126,23.121958910287077,14.584683418273926,4.334726333618164,14.584683418273926,9.846703762864532,1.4811741847335778,CRITICAL
17.631434440612793,23.58110029423359,14.03931713104248,4.333098888397217,14.03931713104248,9.889376852711914,1.4196361752755482,CRITICAL
17.68610644340515,24.042922727423033,12.35714054107666,4.335076808929443,12.35714054107666,9.933060616905514,1.2440415917774121,CRITICAL
17.74462580680847,24.507456756719527,12.977764129638672,4.333098888397217,12.977764129638672,9.97468692743783,1.301069820441195,CRITICAL
17.79343032836914,24.97443913182633,11.604732513427734,4.334706783294678,999.0,10.017500370015425,999.0,SAFE
17.851067066192627,25.444045621496432,14.10417652130127,4.332801342010498,14.10417652130127,10.058384314758957,1.4022308235534215,CRITICAL
17.906376600265503,25.916089934389074,13.80862045288086,4.334822654724121,999.0,10.100498975871144,999.0,SAFE
17.96169400215149,26.390698604505094,11.913182258605957,4.332748889923096,999.0,10.140623296648446,999.0,SAFE
18.018935203552246,26.86771513699011,12.373445510864258,4.334628582000732,999.0,10.181904375222341,999.0,SAFE
18.07255458831787,27.347197393350818,13.26075553894043,4.332731246948242,999.0,10.221258935240687,999.0,SAFE
18.136757850646973,27.828988996391793,16.233993530273438,4.334648132324219,16.233993530273438,10.261694337779534,1.581999326417884,CRITICAL
18.19450569152832,28.31312860967424,12.14716625213623,4.333025932312012,999.0,10.30026683120165,999.0,SAFE
18.249481916427612,28.7994436567083,14.063199996948242,4.334713935852051,999.0,10.339739145535047,999.0,SAFE
18.299923181533813,29.287944524549605,11.761677742004395,4.332635402679443,999.0,10.37738690049656,999.0,SAFE
18.35794997215271,29.77852959120387,12.679755210876465,4.334540843963623,999.0,10.416292704045134,999.0,SAFE
18.40962839126587,30.271302501165458,15.52038860321045,4.332521915435791,999.0,10.453236137489984,999.0,SAFE
18.467397928237915,30.76612737278412,12.417523384094238,4.334575176239014,999.0,10.491410267843415,999.0,SAFE
18.529596090316772,31.263102674095784,12.868733406066895,4.332851886749268,999.0,10.527651133617365,999.0,SAFE
18.583900690078735,31.762112792154312,12.437431335449219,4.335118293762207,999.0,10.56503428197559,999.0,SAFE
18.64290475845337,32.263105420347344,12.460410118103027,4.332561016082764,999.0,10.600552986530058,999.0,SAFE
18.7015061378479,32.7660757619144,15.076777458190918,4.334638595581055,999.0,10.637163018307733,999.0,SAFE
18.76126194000244,33.270924894962974,13.255109786987305,4.3325347900390625,999.0,10.67174283957385,999.0,SAFE
18.820997953414917,33.777569424356294,14.545010566711426,4.334477424621582,999.0,10.707587508567318,999.0,SAFE
18.886983156204224,34.28617720267097,12.168169021606445,4.3324875831604,999.0,10.74154885584323,999.0,SAFE
18.97089195251465,34.79649249550123,13.953940391540527,4.334616184234619,999.0,10.776801344097176,999.0,SAFE
19.000410079956055,35.30867689224241,13.953940391540527,4.3323469161987305,999.0,10.810120921885822,999.0,SAFE
19.05172824859619,35.822597916132885,13.223641395568848,4.334438323974609,999.0,10.84465289647714,999.0,SAFE
19.10222840309143,36.338280380670994,13.377399444580078,4.33265495300293,999.0,10.877317393971639,999.0,SAFE
19.15512204170227,36.85569304917032,12.310081481933594,4.334840774536133,999.0,10.911115851621753,999.0,SAFE
19.210970640182495,37.374884805237166,12.831876754760742,4.3323163986206055,999.0,10.943106924412344,999.0,SAFE
19.263500213623047,37.89561974257386,12.991439819335938,4.334389686584473,999.0,10.976041555891067,999.0,SAFE
19.32462477684021,38.41800569481375,13.365693092346191,4.332242488861084,999.0,11.007212151851945,999.0,SAFE
19.368896961212158,38.94186825860368,13.365693092346191,4.334345817565918,999.0,11.039696954866992,999.0,SAFE
19.417508125305176,39.46733824098153,12.683436393737793,4.332137584686279,999.0,11.070283298003849,999.0,SAFE
19.47204566001892,39.994320822723054,12.47849178314209,4.334500789642334,999.0,11.102149196358887,999.0,SAFE
19.5419340133667,40.522895046953636,12.581111907958984,4.332279205322266,999.0,11.13214409930876,999.0,SAFE
19.605900049209595,41.052950977441135,12.937674522399902,4.334301471710205,999.0,11.163327009564748,999.0,SAFE
19.65645146369934,41.58455335186737,11.905990600585938,4.332141876220703,999.0,11.192710772770182,999.0,SAFE
19.716252326965332,42.11751214194218,13.844679832458496,4.334466457366943,999.0,11.223058956932553,999.0,SAFE
19.77590847015381,42.65194708441401,12.39572811126709,4.332581996917725,999.0,11.251673972829561,999.0,SAFE
19.822945594787598,43.18764182389778,12.39572811126709,4.334296703338623,999.0,11.281612421063885,999.0,SAFE
19.876609086990356,43.724757677995164,12.132580757141113,4.33198881149292,999.0,11.309690020822316,999.0,SAFE
19.933390855789185,44.26318020513465,13.737841606140137,4.334596157073975,999.0,11.339052101075923,999.0,SAFE
19.987578868865967,44.80306710151023,13.0170259475708,4.331962585449219,999.0,11.366586095036022,999.0,SAFE
20.04628038406372,45.34419256061271,13.51738166809082,4.334218502044678,999.0,11.395308668510035,999.0,SAFE
20.09886336326599,45.88669484620224,11.53354263305664,4.332006454467773,999.0,11.422271884166605,999.0,SAFE
20.15152096748352,46.43042212117442,15.891538619995117,4.334412574768066,999.0,11.450201957165675,999.0,SAFE
20.206679821014404,46.97533564197254,12.974615097045898,4.331884384155273,999.0,11.476437181372807,999.0,SAFE
20.26399850845337,47.52137126489163,11.960851669311523,4.334248065948486,999.0,11.504004657472695,999.0,SAFE
20.31184673309326,48.06867263281006,11.556994438171387,4.331840515136719,999.0,11.52975314388095,999.0,SAFE
20.364278078079224,48.617059249331774,15.482789039611816,4.334218502044678,999.0,11.556789527650835,999.0,SAFE
20.418909311294556,49.16669131542154,13.559205055236816,4.331831932067871,999.0,11.582037351544626,999.0,SAFE
20.47089958190918,49.717493757469555,12.752591133117676,4.334179401397705,999.0,11.608479244485153,999.0,SAFE
20.526679039001465,50.26950988264043,12.945579528808594,4.331831932067871,999.0,11.633200808649814,999.0,SAFE
20.580971240997314,50.82261415618024,12.429153442382812,4.334140300750732,999.0,11.65906184528612,999.0,SAFE
20.64298105239868,51.3767632566035,13.982494354248047,4.332032203674316,999.0,11.68301051549171,999.0,SAFE
20.7005832195282,51.93190817650326,12.166369438171387,4.334130764007568,999.0,11.708287608509911,999.0,SAFE
20.75765109062195,52.48807283878967,12.318695068359375,4.331873893737793,999.0,11.731832596157435,999.0,SAFE
20.813092470169067,53.04520517722915,13.12525463104248,4.334305763244629,999.0,11.756713496593362,999.0,SAFE
20.867640495300293,53.603387876698235,12.492650985717773,4.332211971282959,999.0,11.779817178704853,999.0,SAFE
20.923027515411377,54.16257198940114,14.696173667907715,4.334869861602783,999.0,11.80416716961751,999.0,SAFE
20.979692697525024,54.7227120111911,12.621047973632812,4.331875324249268,999.0,11.826805908096375,999.0,SAFE
21.034638166427612,55.28385472943813,13.463353157043457,4.334101676940918,999.0,11.850606651430125,999.0,SAFE
21.113646507263184,55.84592679525814,12.573343276977539,4.331674575805664,999.0,11.872520331343484,999.0,SAFE
21.161640644073486,56.408772621979615,12.684988975524902,4.334286212921143,999.0,11.895763222826856,999.0,SAFE
21.21970820426941,56.97253979680665,12.351798057556152,4.331923007965088,999.0,11.917321197479492,999.0,SAFE
21.280285358428955,57.537060080078234,14.752774238586426,4.334062576293945,999.0,11.94019918077057,999.0,SAFE
21.33336901664734,58.102600729324365,13.59916877746582,4.331508159637451,999.0,11.961353622304417,999.0,SAFE
21.387357473373413,58.66899395430681,12.839077949523926,4.334052562713623,999.0,11.983738352681657,999.0,SAFE
21.44641423225403,59.23617732503712,13.854573249816895,4.331552028656006,999.0,12.004463500681219,999.0,SAFE
21.500778436660767,59.80412506274144,13.439661979675293,4.334187030792236,999.0,12.026152406820444,999.0,SAFE
21.557881355285645,60.37283086684871,11.847704887390137,4.331508159637451,999.0,12.046277963681996,999.0,SAFE
21.616959810256958,60.94221459836891,11.99989128112793,4.33401346206665,999.0,12.067719857766013,999.0,SAFE
21.668089151382446,61.51241218561268,12.443081855773926,4.331794261932373,999.0,12.087482090044805,999.0,SAFE
21.746270179748535,62.083318497619636,13.789012908935547,4.334608554840088,999.0,12.108500578945515,999.0,SAFE
21.804953575134277,62.65505357929464,13.789012908935547,4.331645965576172,999.0,12.127867249770718,999.0,SAFE
21.872262954711914,63.22745746876396,13.77163314819336,4.333993911743164,999.0,12.148403378337074,999.0,SAFE
21.931939363479614,63.80066452551121,11.718467712402344,4.3316240310668945,999.0,12.167349048322984,999.0,SAFE
21.993278980255127,64.37441924017499,12.36162281036377,4.333984375,999.0,12.18722141125718,999.0,SAFE
22.03871464729309,64.94887494405724,12.613045692443848,4.331386566162109,999.0,12.205584462578013,999.0,SAFE
22.09832262992859,65.52379156001433,12.012060165405273,4.333964824676514,999.0,12.225260764496966,999.0,SAFE
22.152780294418335,66.09949911696349,13.331119537353516,4.331474304199219,999.0,12.24329585102899,999.0,SAFE
22.20285701751709,66.67573783498786,12.357620239257812,4.333915710449219,999.0,12.262597877518902,999.0,SAFE
22.255852937698364,67.25263401611376,12.914578437805176,4.331307411193848,999.0,12.280284488219648,999.0,SAFE
22.312903881072998,67.8301823854009,11.576607704162598,4.333954811096191,999.0,12.299139873375347,999.0,SAFE
22.367004871368408,68.40836350172358,11.896659851074219,4.3313164710998535,999.0,12.316440022080002,999.0,SAFE
22.421340465545654,68.98699923232333,13.679905891418457,4.333906173706055,999.0,12.334658416173164,999.0,SAFE
22.489628314971924,69.56613341191951,15.383206367492676,4.3312811851501465,999.0,12.351409913597989,999.0,SAFE
22.54653787612915,70.14568802318986,16.387035369873047,4.334354400634766,999.0,12.369465130811951,999.0,SAFE
22.60304617881775,70.72585702863942,13.526533126831055,4.3314032554626465,999.0,12.385924723235966,999.0,SAFE
22.65896487236023,71.30648860890638,11.851258277893066,4.334949016571045,999.0,12.403636794212062,999.0,SAFE
22.719620943069458,71.88759626836041,11.766843795776367,4.331396102905273,999.0,12.419777585495662,999.0,SAFE
22.773785829544067,72.46924863692747,13.569031715393066,4.334723949432373,999.0,12.43707887200034,999.0,SAFE
22.82935857772827,73.05132997364075,15.154524803161621,4.331446170806885,999.0,12.452620531368778,999.0,SAFE
22.88522696495056,73.63369522661577,14.946516990661621,4.333857536315918,999.0,12.469471625731645,999.0,SAFE
22.939982652664185,74.21654732469786,16.955636978149414,4.331106662750244,999.0,12.484807864446815,999.0,SAFE
22.99929189682007,74.79970344418571,12.452127456665039,4.334067344665527,999.0,12.501410861228875,999.0,SAFE
23.056302309036255,75.38336935965876,16.591474533081055,4.331581115722656,999.0,12.516465012820989,999.0,SAFE
23.11005973815918,75.96745640167678,14.236809730529785,4.333857536315918,999.0,12.53269934105297,999.0,SAFE
23.166251182556152,76.55197094750018,13.054827690124512,4.3311591148376465,999.0,12.547438703539381,999.0,SAFE
23.223347663879395,77.13684206112065,11.762417793273926,4.33424711227417,999.0,12.563286783219933,999.0,SAFE
23.28190279006958,77.72208920719427,11.875667572021484,4.331736087799072,999.0,12.577428560349947,999.0,SAFE
23.344987869262695,78.30750091167732,12.534539222717285,4.333847522735596,999.0,12.592864081537009,999.0,SAFE
23.404428720474243,78.89321802611936,13.402873039245605,4.331106662750244,999.0,12.606829575109435,999.0,SAFE
23.474904537200928,79.47924273366911,12.684925079345703,4.334050178527832,999.0,12.622062877286009,999.0,SAFE
23.521948099136353,80.06564467765438,13.39512825012207,4.3310017585754395,999.0,12.635781118620347,999.0,SAFE
23.575618267059326,80.65234142540439,12.303037643432617,4.33376932144165,999.0,12.650683299298118,999.0,SAFE
23.62630319595337,81.23931606337501,12.151582717895508,4.331045627593994,999.0,12.664121269147596,999.0,SAFE
23.681408882141113,81.82652314069499,12.338088035583496,4.333798885345459,999.0,12.678450718821175,999.0,SAFE
23.72758936882019,82.41388057329777,12.338088035583496,4.3310370445251465,999.0,12.691423268669562,999.0,SAFE
23.77965497970581,83.00146951299345,13.430207252502441,4.333808422088623,999.0,12.705665533172894,999.0,SAFE
23.8403422832489,83.58923782709566,11.728913307189941,4.3311591148376465,999.0,12.71843524883121,999.0,SAFE
23.903929948806763,84.17729836663142,12.002942085266113,4.334011077880859,999.0,12.732409659185276,999.0,SAFE
23.94990110397339,84.76558107114019,12.002942085266113,4.331142902374268,999.0,12.744934424054975,999.0,SAFE
24.00809407234192,85.3540663739762,12.912565231323242,4.33376932144165,999.0,12.758546001462646,999.0,SAFE
24.053098440170288,85.94279328097006,12.02387809753418,4.332086563110352,999.0,12.770807280801211,999.0,SAFE
24.109500408172607,86.53158070008504,15.525004386901855,4.333970546722412,999.0,12.783914882267434,999.0,SAFE
24.157796382904053,87.12052202314005,11.595341682434082,4.3311591148376465,999.0,12.795728068684314,999.0,SAFE
24.20944619178772,87.70954140903818,13.214431762695312,4.333749771118164,999.0,12.808781369467068,999.0,SAFE
24.283485412597656,88.29866167586196,15.629096031188965,4.33376932144165,999.0,12.82041119326448,999.0,SAFE
24.327956199645996,88.8878849013605,15.629096031188965,4.33376932144165,999.0,12.833228989659407,999.0,SAFE
24.3747341632843,89.4773278535169,11.706785202026367,4.330862522125244,999.0,12.844641911673584,999.0,SAFE
24.42804217338562,90.06688326211611,14.101176261901855,4.333730220794678,999.0,12.857151592926195,999.0,SAFE
24.480981826782227,90.65649496658679,13.55825424194336,4.331544399261475,999.0,12.868046747417315,999.0,SAFE
24.537095546722412,91.24605272199511,12.807132720947266,4.333788871765137,999.0,12.880196828097688,999.0,SAFE
24.583036184310913,91.83571468433838,12.557038307189941,4.330810070037842,999.0,12.8910018392483,999.0,SAFE
24.66395664215088,92.42530352780793,11.95782470703125,4.333730220794678,999.0,12.903013477275191,999.0,SAFE
24.720902681350708,93.01499319615407,12.114973068237305,4.330949306488037,999.0,12.913642606280783,999.0,SAFE
24.782895803451538,93.60478258550542,12.044991493225098,4.333710670471191,999.0,12.925387559573823,999.0,SAFE
24.856987953186035,94.19465561023463,12.066340446472168,4.333933353424072,999.0,12.935795710735364,999.0,SAFE
24.895111322402954,94.78444076622652,12.066340446472168,4.333933353424072,999.0,12.947026142588145,999.0,SAFE
24.956998825073242,95.37421444301755,12.004261016845703,4.330792427062988,999.0,12.957034096606623,999.0,SAFE
25.009971380233765,95.96386858754283,11.783221244812012,4.333652019500732,999.0,12.968257268439412,999.0,SAFE
25.05295753479004,96.55351175223596,11.783221244812012,4.330722332000732,999.0,12.978134489919421,999.0,SAFE
25.10456657409668,97.14317795186933,11.901007652282715,4.3338942527771,999.0,12.98915484677003,999.0,SAFE
25.155090808868408,97.732820959628,12.643526077270508,4.330774784088135,999.0,12.998850823997298,999.0,SAFE
25.21231198310852,98.32243667103143,13.304672241210938,4.333730220794678,999.0,13.009603566317589,999.0,SAFE
25.265902042388916,98.9120918286047,12.606833457946777,4.33143424987793,999.0,13.019081920298378,999.0,SAFE
25.319584131240845,99.50158133536998,12.91842269897461,4.333691120147705,999.0,13.029342998821562,999.0,SAFE
25.37229633331299,100.09093490457823,12.654728889465332,4.330898761749268,999.0,13.038433635070376,999.0,SAFE
25.420327186584473,100.68013255677896,11.680879592895508,4.333933353424072,999.0,13.048719619149322,999.0,SAFE
25.4739670753479,101.26925338083474,12.600297927856445,4.332242012023926,999.0,13.057700882330645,999.0,SAFE
25.527822494506836,101.8582495864432,11.951129913330078,4.333671569824219,999.0,13.067813637825019,999.0,SAFE
25.58889412879944,102.44720187389389,11.982192993164062,4.330704689025879,999.0,13.076635949601698,999.0,SAFE
25.653971910476685,103.03601578217622,15.38379192352295,4.334127902984619,999.0,13.086501336796168,999.0,SAFE
25.711475372314453,103.62469903033096,11.788741111755371,4.330965518951416,999.0,13.094855754619518,999.0,SAFE
25.788313627243042,104.21312075257664,11.760359764099121,4.330617904663086,999.0,13.10440909660396,999.0,SAFE
25.82389760017395,104.8013529848887,11.760359764099121,4.330617904663086,999.0,13.112739556240227,999.0,SAFE
25.87458825111389,105.3893776642093,12.003581047058105,4.333876132965088,999.0,13.12221422785144,999.0,SAFE
25.928698539733887,105.97728784830014,13.276843070983887,4.330844402313232,999.0,13.130416556997625,999.0,SAFE
25.9809467792511,106.56502486536822,12.022040367126465,4.333671569824219,999.0,13.139682846975756,999.0,SAFE
26.042758464813232,107.15267090549574,11.870744705200195,4.330652713775635,999.0,13.147716989695201,999.0,SAFE
26.089951992034912,107.73995382430776,11.870744705200195,4.333876132965088,999.0,13.156513249863709,999.0,SAFE
26.151411533355713,108.32702589366407,11.939251899719238,4.331088066101074,999.0,13.164204739296432,999.0,SAFE
26.227132320404053,108.91378510557718,12.237123489379883,4.333613395690918,999.0,13.173048265612088,999.0,SAFE
26.28590750694275,109.50036647672927,12.237123489379883,4.330792427062988,999.0,13.18066055032648,999.0,SAFE
26.345996856689453,110.08666505235882,11.99959659576416,4.333834171295166,999.0,13.189360846728116,999.0,SAFE
26.404995441436768,110.67280928257152,13.58590316772461,4.331542491912842,999.0,13.19683948993771,999.0,SAFE
26.458092212677002,111.25874165362437,12.393589973449707,4.333856582641602,999.0,13.205323915871496,999.0,SAFE
26.50959348678589,111.84438111019291,12.483561515808105,4.330652713775635,999.0,13.212354931868845,999.0,SAFE
26.58135175704956,112.42960153160936,11.84687614440918,4.333574295043945,999.0,13.220552951690875,999.0,SAFE
26.631985902786255,113.01451190164227,12.94144344329834,4.330530166625977,999.0,13.227595790727827,999.0,SAFE
26.70124650001526,113.59910126043293,11.8550386428833,4.333574295043945,999.0,13.235749391005994,999.0,SAFE
26.75649642944336,114.18351583356892,11.861955642700195,4.33054780960083,999.0,13.242696624248522,999.0,SAFE
26.809356451034546,114.7675908327895,11.531883239746094,4.333813190460205,999.0,13.250671861109682,999.0,SAFE
26.869669675827026,115.35149302661769,11.950578689575195,4.330844402313232,999.0,13.257478177489498,999.0,SAFE
26.92790150642395,115.93489704448979,12.62193775177002,4.333776950836182,999.0,13.265005972145852,999.0,SAFE
26.985902547836304,116.51797197088943,12.292181968688965,4.330530166625977,999.0,13.271491640427849,999.0,SAFE
27.048741102218628,117.10055377890507,12.11650276184082,4.334291934967041,999.0,13.279093688702636,999.0,SAFE
27.11202311515808,117.68287608821896,12.601662635803223,4.330477714538574,999.0,13.285532332914665,999.0,SAFE
27.17062020301819,118.26481861518589,12.601662635803223,4.333554744720459,999.0,13.293020867671672,999.0,SAFE
27.222532987594604,118.84645756863023,12.479947090148926,4.330722808837891,999.0,13.29934818128612,999.0,SAFE
27.27695608139038,119.42780310290316,11.754010200500488,4.334063529968262,999.0,13.3066481880916,999.0,SAFE
27.33665370941162,120.0087364006166,12.184735298156738,4.330582618713379,999.0,13.312554973713556,999.0,SAFE
27.39516282081604,120.58913902659609,12.710710525512695,4.333835601806641,999.0,13.319588369712394,999.0,SAFE
27.450599431991577,121.16913145934639,12.16292953491211,4.330460548400879,999.0,13.32553453152862,999.0,SAFE
27.509284496307373,121.74872493272045,15.581249237060547,4.333574295043945,999.0,13.33255083576747,999.0,SAFE
27.563372373580933,122.32799450419036,11.789837837219238,4.330460548400879,999.0,13.338424952127474,999.0,SAFE
27.617844343185425,122.90682230407229,11.932106971740723,4.3343071937561035,999.0,13.345289324863472,999.0,SAFE
27.675100564956665,123.48528250267799,13.184370040893555,4.330513000488281,999.0,13.351039925267827,999.0,SAFE
27.735976696014404,124.06321603428539,15.07509708404541,4.334007740020752,999.0,13.357481262143422,999.0,SAFE
27.794939041137695,124.64072041032959,13.689250946044922,4.330460548400879,999.0,13.362939343197212,999.0,SAFE
27.873214721679688,125.21763742608168,13.975138664245605,4.331332683563232,999.0,13.369482311806172,999.0,SAFE
27.937716484069824,125.79408110370964,13.975138664245605,4.331332683563232,999.0,13.374921540309336,999.0,SAFE
27.98492407798767,126.37014941470564,12.781845092773438,4.334331035614014,999.0,13.381371954630593,999.0,SAFE
28.0610933303833,126.94580762945198,12.127877235412598,4.3309407234191895,999.0,13.386721135561576,999.0,SAFE
28.113324880599976,127.52100062665254,14.010442733764648,4.333779811859131,999.0,13.393009238418824,999.0,SAFE
28.184510231018066,128.09568054593154,16.19261360168457,4.333991050720215,999.0,13.397948617031718,999.0,SAFE
28.216828107833862,128.669712220694,16.19261360168457,4.333991050720215,999.0,13.403992509532635,999.0,SAFE
28.271960258483887,129.24327229321224,15.157855033874512,4.330442905426025,999.0,13.409000771562178,999.0,SAFE
28.325894832611084,129.81626670397114,15.038152694702148,4.333554744720459,999.0,13.415047991346574,999.0,SAFE
28.38032627105713,130.38876683702583,13.182757377624512,4.330615997314453,999.0,13.420008356937652,999.0,SAFE
28.435140371322632,130.96082447485603,11.652243614196777,4.333776950836182,999.0,13.425923899071245,999.0,SAFE
28.492549896240234,131.5325048719768,12.373655319213867,4.330477714538574,999.0,13.430780574973912,999.0,SAFE
28.548444032669067,132.10345659249447,14.146138191223145,4.333515644073486,999.0,13.43628951712143,999.0,SAFE
28.605807781219482,132.67387592719874,14.477203369140625,4.330599784851074,999.0,13.440871088516651,999.0,SAFE
28.667566537857056,133.24360470947724,13.261430740356445,4.333776950836182,999.0,13.446504510258684,999.0,SAFE
28.723896741867065,133.81280535622426,14.703907012939453,4.331307411193848,999.0,13.451084843505928,999.0,SAFE
28.777513027191162,134.3814280125947,14.78187370300293,4.333535194396973,999.0,13.45665412840973,999.0,SAFE
28.834665775299072,134.94961018346146,15.351405143737793,4.3306355476379395,999.0,13.461162334859793,999.0,SAFE
28.890114545822144,135.51724973075474,12.990748405456543,4.333535194396973,999.0,13.466584742116629,999.0,SAFE
28.947527408599854,136.08427719250668,14.601457595825195,4.330460548400879,999.0,13.470702606252887,999.0,SAFE
29.00342059135437,136.65054772549425,11.94172191619873,4.33349609375,999.0,13.475893221455138,999.0,SAFE
29.066004753112793,137.21622318234924,12.157724380493164,4.330355644226074,999.0,13.480098436518638,999.0,SAFE
29.130889177322388,137.78124193792067,12.826690673828125,4.333535194396973,999.0,13.485318383184591,999.0,SAFE
29.188770294189453,138.3457201599531,13.449013710021973,4.330355644226074,999.0,13.489496634969335,999.0,SAFE
29.254241704940796,138.9096275427075,12.003976821899414,4.334272861480713,999.0,13.494607266506964,999.0,SAFE
29.327022314071655,139.4730266176907,12.071134567260742,4.330599784851074,999.0,13.498696635316664,999.0,SAFE
29.39890456199646,140.03567620068705,14.382146835327148,4.333515644073486,999.0,13.503409327396708,999.0,SAFE
29.45724844932556,140.597580885161,12.44322681427002,4.330808639526367,999.0,13.507240581692672,999.0,SAFE
29.5289044380188,141.15883031883988,12.726981163024902,4.333757400512695,999.0,13.512103367784121,999.0,SAFE
29.59445571899414,141.71941549876706,12.81861400604248,4.330718994140625,999.0,13.51595123735276,999.0,SAFE
29.660014629364014,142.27935138375426,11.712003707885742,4.333698749542236,999.0,13.52075915708251,999.0,SAFE
29.76490354537964,142.83870950661642,13.499334335327148,4.330355644226074,999.0,13.524556112797113,999.0,SAFE
29.842846870422363,143.3974805639992,13.5649995803833,4.333456993103027,999.0,13.52924080201937,999.0,SAFE
29.923784732818604,143.95555536869236,11.600552558898926,4.330408096313477,999.0,13.532658610661262,999.0,SAFE
29.979933738708496,144.51279743493637,11.600552558898926,4.333456993103027,999.0,13.537121956865363,999.0,SAFE
30.04855966567993,145.06930665158615,12.592244148254395,4.330268383026123,999.0,13.540647476906527,999.0,SAFE
30.108570098876953,145.62511576894994,12.679242134094238,4.333456993103027,999.0,13.545145397865015,999.0,SAFE
30.178080320358276,146.1802532719472,13.64153003692627,4.330462455749512,999.0,13.548677130571766,999.0,SAFE
30.24446392059326,146.73477030571325,11.99293327331543,4.334195137023926,999.0,13.55316515671754,999.0,SAFE
30.31568145751953,147.28887896500058,11.934450149536133,4.330408096313477,999.0,13.556754176732113,999.0,SAFE
30.38446879386902,147.8424495230323,12.582734107971191,4.333476543426514,999.0,13.56104440791166,999.0,SAFE
30.440746068954468,148.3955912762067,13.530190467834473,4.330530166625977,999.0,13.564597491786975,999.0,SAFE
30.49941325187683,148.94844111404228,13.58867359161377,4.333476543426514,999.0,13.568968471018831,999.0,SAFE
30.545361757278442,149.50122645730036,11.91903018951416,4.330931186676025,999.0,13.572604726172539,999.0,SAFE
30.595893144607544,150.05397560036022,11.91903018951416,4.333696365356445,999.0,13.576877291219072,999.0,SAFE
30.64791989326477,150.60689348198827,12.742928504943848,4.331296920776367,999.0,13.58053026127343,999.0,SAFE
30.705888271331787,151.1599198820228,11.794832229614258,4.333678245544434,999.0,13.584668419501108,999.0,SAFE
30.760460376739502,151.71318370502092,19.809064865112305,4.331368923187256,999.0,13.58824458084246,999.0,SAFE
30.821661233901978,152.26666648448332,13.261649131774902,4.3337578773498535,999.0,13.592259945966404,999.0,SAFE
30.882485151290894,152.82050689101732,12.92434310913086,4.331630706787109,999.0,13.595839259393589,999.0,SAFE
30.948869943618774,153.37473390605703,11.970748901367188,4.333456993103027,999.0,13.599785057259114,999.0,SAFE
31.009454250335693,153.92947061864098,11.874588012695312,4.331858158111572,999.0,13.603337044719643,999.0,SAFE
31.073049783706665,154.48469720556068,13.279318809509277,4.33349609375,999.0,13.607182037573947,999.0,SAFE
31.139901638031006,155.04051664945885,13.406481742858887,4.332139015197754,999.0,13.610692567861161,999.0,SAFE
31.202419996261597,155.59696039317015,12.0050630569458,4.333561897277832,999.0,13.614437056966135,999.0,SAFE
31.266899585723877,156.15402932189593,13.051492691040039,4.3323798179626465,999.0,13.617895472795206,999.0,SAFE
31.32138991355896,156.71175623404056,11.535261154174805,4.333598613739014,999.0,13.621540798873616,999.0,SAFE
31.382801294326782,157.2701872717955,11.723071098327637,4.332559108734131,999.0,13.624938368615245,999.0,SAFE
31.44619655609131,157.82932958495812,12.64095687866211,4.333456993103027,999.0,13.62849687099501,999.0,SAFE
31.50890302658081,158.38922272632323,13.838379859924316,4.33255672454834,999.0,13.631832498614987,999.0,SAFE
31.5688738822937,158.9497939923209,12.073615074157715,4.333515644073486,999.0,13.635305667655846,999.0,SAFE
31.63190245628357,159.5111869027701,12.95728874206543,4.332766056060791,999.0,13.63858037189103,999.0,SAFE
31.69644856452942,160.07332588511122,13.865447998046875,4.333476543426514,999.0,13.64197256728843,999.0,SAFE
31.761956214904785,160.63623165214705,12.297736167907715,4.3327836990356445,999.0,13.645185682494882,999.0,SAFE
31.82558536529541,161.1999484074522,11.551007270812988,4.333603858947754,999.0,13.6484954383968,999.0,SAFE
31.883735418319702,161.7644708705711,12.209817886352539,4.3328537940979,999.0,13.6516473095499,999.0,SAFE
31.94843316078186,162.32981770195326,14.400670051574707,4.33360481262207,999.0,13.65487499615464,999.0,SAFE
32.01058602333069,162.89601208818183,12.81044864654541,4.332941055297852,999.0,13.65795811445476,999.0,SAFE
32.07497453689575,163.46296710584954,14.885905265808105,4.333523750305176,999.0,13.661107349689821,999.0,SAFE
32.150896310806274,164.0307944996786,12.334064483642578,4.333029270172119,999.0,13.66413036731001,999.0,SAFE
32.191012382507324,164.59942018685675,12.334064483642578,4.333476543426514,999.0,13.667204708562576,999.0,SAFE
32.24700403213501,165.16889615619647,12.266945838928223,4.333098411560059,999.0,13.670165692002344,999.0,SAFE
32.30826663970947,165.73921146335604,12.054163932800293,4.333437442779541,999.0,13.673169085163455,999.0,SAFE
32.36472034454346,166.31039641588282,12.833535194396973,4.333098411560059,999.0,13.676068611923688,999.0,SAFE
32.41812801361084,166.88235726030405,12.650957107543945,4.333456993103027,999.0,13.679001302988699,999.0,SAFE
32.48148012161255,167.45519060114182,13.93781852722168,4.33318567276001,999.0,13.681842196916564,999.0,SAFE
32.53239846229553,168.02885631833044,11.888898849487305,4.333503723144531,999.0,13.684706853007112,999.0,SAFE
32.59630084037781,168.60338973454378,14.885445594787598,4.333203315734863,999.0,13.687484907949747,999.0,SAFE
32.65219593048096,169.17873249780047,14.087869644165039,4.33348274230957,999.0,13.690277610325143,999.0,SAFE
32.710652589797974,169.75491641131424,12.700502395629883,4.333220481872559,999.0,13.692993275814388,999.0,SAFE
32.771324634552,170.33190894195016,12.069544792175293,4.333442687988281,999.0,13.695721234356746,999.0,SAFE
32.828062772750854,170.9097648096402,12.042336463928223,4.333203315734863,999.0,13.698378006007477,999.0,SAFE
32.8809335231781,171.48842862380505,13.330930709838867,4.333476543426514,999.0,13.701044124035718,999.0,SAFE
32.92945742607117,172.06794204085844,20.893978118896484,4.333242416381836,999.0,13.703645914419567,999.0,SAFE
32.982783794403076,172.64825616361767,11.671906471252441,4.333417892456055,999.0,13.706249165317088,999.0,SAFE
33.03589415550232,173.22940325913075,12.45713996887207,4.333255290985107,999.0,13.708795106454572,999.0,SAFE
33.088847160339355,173.8113377041074,12.484102249145508,4.3334431648254395,999.0,13.711339400835131,999.0,SAFE
33.143582344055176,174.3940817651805,12.167041778564453,4.333274841308594,999.0,13.713829271472378,999.0,SAFE
33.198901414871216,174.97761573630854,11.911809921264648,4.333484649658203,999.0,13.716316426737343,999.0,SAFE
33.25290560722351,175.56197223326402,13.223405838012695,4.3332905769348145,999.0,13.71875033321797,999.0,SAFE
33.304811239242554,176.14712125389883,13.837688446044922,4.333467960357666,999.0,13.721180640866853,999.0,SAFE
33.35890293121338,176.73308239422906,13.751710891723633,4.333326816558838,999.0,13.72356077994179,999.0,SAFE
33.41190218925476,177.3197631320721,12.595635414123535,4.333425521850586,999.0,13.725929649656246,999.0,SAFE
33.46670055389404,177.90731857825187,11.733685493469238,4.333359718322754,999.0,13.72825489126412,999.0,SAFE
33.529314279556274,178.49557869265672,12.334338188171387,4.333437442779541,999.0,13.73057008133077,999.0,SAFE
33.594568729400635,179.08463247273485,12.38426685333252,4.333381175994873,999.0,13.732844468101586,999.0,SAFE
33.6573486328125,179.67443592855858,13.875575065612793,4.3334641456604,999.0,13.735105874329857,999.0,SAFE
33.72088289260864,180.26506402549484,12.544157028198242,4.333345890045166,999.0,13.737330531333951,999.0,SAFE
33.78135371208191,180.85631361580516,12.558599472045898,4.333425521850586,999.0,13.739543590090893,999.0,SAFE
33.84099340438843,181.4483733994635,11.738385200500488,4.333349227905273,999.0,13.741718422611688,999.0,SAFE
33.90216040611267,182.0411762328826,12.891246795654297,4.3334269523620605,999.0,13.743878190760052,999.0,SAFE
33.95540142059326,182.63475015929052,15.325454711914062,4.333343029022217,999.0,13.74600548003144,999.0,SAFE
34.029765367507935,183.22902849616725,13.828950881958008,4.333406925201416,999.0,13.748118955104069,999.0,SAFE
34.08203458786011,183.82403202021715,13.828950881958008,4.333354949951172,999.0,13.75020029973583,999.0,SAFE
34.14223122596741,184.41971187540875,12.59256362915039,4.33342981338501,999.0,13.752265588376343,999.0,SAFE
34.206297636032104,185.01612393954989,12.430648803710938,4.33336067199707,999.0,13.75429978050841,999.0,SAFE
34.26805520057678,185.61321760298168,12.173891067504883,4.3333868980407715,999.0,13.756316972471291,999.0,SAFE
34.331576108932495,186.21105989819972,13.228538513183594,4.333366394042969,999.0,13.758301777188773,999.0,SAFE
34.39290714263916,186.80960053736473,13.481494903564453,4.3334126472473145,999.0,13.760269028613429,999.0,SAFE
34.45628619194031,187.40886342809327,13.155951499938965,4.33336067199707,999.0,13.762209069132984,999.0,SAFE
34.52326703071594,188.00877208395792,12.493741989135742,4.333395481109619,999.0,13.764132565496727,999.0,SAFE
34.59324240684509,188.609333362152,13.441162109375,4.333385467529297,999.0,13.766030631418976,999.0,SAFE
34.65513777732849,189.2105299730977,15.756610870361328,4.333388328552246,999.0,13.767910328115235,999.0,SAFE
34.72012114524841,189.81244053698362,12.64188289642334,4.333401679992676,999.0,13.76976504349217,999.0,SAFE
34.7910590171814,190.4149614149661,11.877958297729492,4.3334059715271,999.0,13.771601761223899,999.0,SAFE
34.9002640247345,191.01818766291578,12.665628433227539,4.333377838134766,999.0,13.7734164589152,999.0,SAFE
34.94311261177063,191.6220560829445,12.665628433227539,4.333377838134766,999.0,13.775211702890843,999.0,SAFE
35.00769758224487,192.22654813895736,12.3832368850708,4.3333916664123535,999.0,13.776986502239957,999.0,SAFE
35.06390452384949,192.8317143259909,13.133777618408203,4.333375453948975,999.0,13.778743452019386,999.0,SAFE
35.11796045303345,193.4375359590672,12.195793151855469,4.33336067199707,999.0,13.780478120205554,999.0,SAFE
35.16969347000122,194.04393758541357,12.999429702758789,4.33336067199707,999.0,13.782194394224549,999.0,SAFE
35.21913528442383,194.6509994990572,14.330489158630371,4.333385467529297,999.0,13.78389098775049,999.0,SAFE
35.27195596694946,195.25863171568275,12.27677059173584,4.333378791809082,999.0,13.785569150704706,999.0,SAFE
35.328890800476074,195.86694118340452,12.278446197509766,4.333399295806885,999.0,13.787226473046687,999.0,SAFE
35.37923717498779,196.475839559134,12.124216079711914,4.333407402038574,999.0,13.788868273296439,999.0,SAFE
35.431180477142334,197.08532218840514,12.977737426757812,4.3333892822265625,999.0,13.79048799656805,999.0,SAFE
35.49651598930359,197.69542589808623,12.255433082580566,4.333377838134766,999.0,13.79209068850226,999.0,SAFE
35.55182886123657,198.30606290982712,11.9356050491333,4.333361625671387,999.0,13.793669258280486,999.0,SAFE
35.61989879608154,198.91721551895594,13.924738883972168,4.3334059715271,999.0,13.795231285761492,999.0,SAFE
35.68282985687256,199.52897601179413,12.369638442993164,4.333378791809082,999.0,13.796773579268297,999.0,SAFE
35.745121479034424,200.14129821347993,11.814057350158691,4.333377838134766,999.0,13.798300851442058,999.0,SAFE
35.801238775253296,200.75423276700153,15.17737865447998,4.333339214324951,999.0,13.799810883865653,999.0,SAFE
35.859678506851196,201.36769306708678,14.38801383972168,4.333381175994873,999.0,13.801303465940041,999.0,SAFE
35.91717290878296,201.98174306844905,13.272432327270508,4.333395481109619,999.0,13.802780007858422,999.0,SAFE
35.981794357299805,202.59629654181956,13.73434829711914,4.3333892822265625,999.0,13.804240365334353,999.0,SAFE
36.04267477989197,203.21147194185542,11.838523864746094,4.3333892822265625,999.0,13.805683734749158,999.0,SAFE
36.1026873588562,203.82714245909798,13.864822387695312,4.333345890045166,999.0,13.807110701430146,999.0,SAFE
36.16290593147278,204.44337136199795,12.033203125,4.333374500274658,999.0,13.80852164367722,999.0,SAFE
36.22213649749756,205.06011471088684,12.719074249267578,4.333385467529297,999.0,13.809917294892927,999.0,SAFE
36.28597593307495,205.67743566656682,13.571613311767578,4.33336067199707,999.0,13.811295821941487,999.0,SAFE
36.340433835983276,206.29523545714878,11.719274520874023,4.333376884460449,999.0,13.812658920939501,999.0,SAFE
36.39118814468384,206.91356341580658,11.615222930908203,4.333377838134766,999.0,13.814007026085125,999.0,SAFE
36.447391986846924,207.53243100676954,14.829896926879883,4.333355903625488,999.0,13.815340608761796,999.0,SAFE
36.49807071685791,208.15180439025653,13.689777374267578,4.3333821296691895,999.0,13.816658026611636,999.0,SAFE
36.54989171028137,208.77165525988696,12.373312950134277,4.333387851715088,999.0,13.817961165707278,999.0,SAFE
36.60590171813965,209.392059554021,13.00117015838623,4.3333282470703125,999.0,13.819249238248524,999.0,SAFE
36.66433811187744,210.0129057761117,11.582846641540527,4.3333587646484375,999.0,13.820523731793699,999.0,SAFE
36.72553205490112,210.63429694784426,12.387019157409668,4.333392143249512,999.0,13.821784858631895,999.0,SAFE
36.78980779647827,211.25616474935106,12.78759765625,4.3333587646484375,999.0,13.823029855845203,999.0,SAFE
36.84944438934326,211.87850167622534,11.921457290649414,4.333361625671387,999.0,13.824261675888716,999.0,SAFE
36.910094261169434,212.5013211339403,13.047805786132812,4.33330774307251,999.0,13.825479937948327,999.0,SAFE
36.97191023826599,213.12464369524017,15.37328052520752,4.333374977111816,999.0,13.826679253485798,999.0,SAFE
37.03428554534912,213.74840029293873,12.800372123718262,4.333363056182861,999.0,13.82786507315203,999.0,SAFE
37.13161087036133,214.3726655088914,13.415274620056152,4.333377838134766,999.0,13.829035585857858,999.0,SAFE
37.186277627944946,214.99734497681095,12.76490306854248,4.333377838134766,999.0,13.830194768477751,999.0,SAFE
37.241838216781616,215.62252696934897,12.76490306854248,4.333355903625488,999.0,13.831341665550422,999.0,SAFE
37.303534269332886,216.24812930284398,13.229808807373047,4.333385467529297,999.0,13.83247507499317,999.0,SAFE
37.34958362579346,216.87422598074545,12.030679702758789,4.333376884460449,999.0,13.83359617606558,999.0,SAFE
37.39489483833313,217.50073755553515,15.070801734924316,4.333367824554443,999.0,13.834703035010598,999.0,SAFE
37.44690704345703,218.12771008151918,14.089717864990234,4.3333964347839355,999.0,13.835798468035788,999.0,SAFE
37.498955726623535,218.75510372870602,11.991714477539062,4.33336067199707,999.0,13.836881385681385,999.0,SAFE
37.548914432525635,219.3829655232668,13.896838188171387,4.333377838134766,999.0,13.837951940564558,999.0,SAFE
37.60204601287842,220.0112281930863,13.970094680786133,4.333363056182861,999.0,13.839009044117832,999.0,SAFE
37.653637409210205,220.63995095358155,14.183528900146484,4.333374500274658,999.0,13.840056688140907,999.0,SAFE
37.710521936416626,221.26906981910858,12.311322212219238,4.333126068115234,999.0,13.841092016744627,999.0,SAFE
37.761411905288696,221.89862989150697,12.149680137634277,4.333362579345703,999.0,13.842115901317436,999.0,SAFE
37.817906618118286,222.52859247637048,12.230059623718262,4.333336353302002,999.0,13.843128240894467,999.0,SAFE
37.86888575553894,223.15898828928536,12.035314559936523,4.333309650421143,999.0,13.844128393591058,999.0,SAFE
37.92790174484253,223.78976832615157,12.016444206237793,4.3333587646484375,999.0,13.84511715109092,999.0,SAFE
37.97689461708069,224.42097706554318,12.470612525939941,4.333377838134766,999.0,13.846095305756515,999.0,SAFE
38.026904582977295,225.05256255740557,14.984505653381348,4.3333845138549805,999.0,13.847062873380187,999.0,SAFE
38.0853545665741,225.68458468106627,12.22419548034668,4.333338737487793,999.0,13.84801897619043,999.0,SAFE
38.14094924926758,226.3169638458366,12.517317771911621,4.3333587646484375,999.0,13.84896357510229,999.0,SAFE
38.19783926010132,226.9497858001951,12.029292106628418,4.333348751068115,999.0,13.849898812642266,999.0,SAFE
38.24995565414429,227.5829610773691,15.117935180664062,4.333344459533691,999.0,13.85082173769999,999.0,SAFE
38.30500340461731,228.21653321585904,14.145553588867188,4.333341598510742,999.0,13.851735041341197,999.0,SAFE
38.366350412368774,228.85047933075265,14.816864013671875,4.33336067199707,999.0,13.85263871470063,999.0,SAFE
38.409425497055054,229.48484257880457,14.816864013671875,4.33336067199707,999.0,13.853532040287424,999.0,SAFE
38.46000933647156,230.11954843235713,13.303384780883789,4.333385467529297,999.0,13.854414932773015,999.0,SAFE
38.5149028301239,230.75463983022124,12.104933738708496,4.333349227905273,999.0,13.85528818386818,999.0,SAFE
38.565191984176636,231.39009460477448,12.808140754699707,4.333355903625488,999.0,13.856152767705064,999.0,SAFE
38.61998748779297,232.02591536729702,12.360861778259277,4.333329677581787,999.0,13.857006017031443,999.0,SAFE
38.6685996055603,232.66210843355054,11.716856002807617,4.333358287811279,999.0,13.857848679579634,999.0,SAFE
38.720691442489624,233.29867384422437,11.663192749023438,4.333385467529297,999.0,13.858681762721856,999.0,SAFE
38.7712767124176,233.9355665840917,13.887226104736328,4.333381652832031,999.0,13.85950657935917,999.0,SAFE
38.82171058654785,234.5728569029543,12.104949951171875,4.333347320556641,999.0,13.860320741506527,999.0,SAFE
38.87307381629944,235.21046730229648,13.033584594726562,4.333377838134766,999.0,13.86112071641749,999.0,SAFE
38.9269335269928,235.84845354062458,11.840607643127441,4.33335018157959,999.0,13.861911916547406,999.0,SAFE
38.99719190597534,236.48675745078853,12.841503143310547,4.3333916664123535,999.0,13.862694675932344,999.0,SAFE
39.03954339027405,237.12542051156643,12.841503143310547,4.3333587646484375,999.0,13.863469823894166,999.0,SAFE
39.09502863883972,237.76440814172184,12.227277755737305,4.33336067199707,999.0,13.864237240269368,999.0,SAFE
39.148173093795776,238.40376408736017,11.771676063537598,4.333371162414551,999.0,13.864995143536266,999.0,SAFE
39.2059006690979,239.043411675752,12.90086555480957,4.333343029022217,999.0,13.865743440860886,999.0,SAFE
39.26095724105835,239.6834482805014,11.771293640136719,4.333360195159912,999.0,13.866485113684414,999.0,SAFE
39.31715106964111,240.3237604874518,12.935887336730957,4.333377838134766,999.0,13.867217383377062,999.0,SAFE
39.3674430847168,240.96444553505637,12.526432037353516,4.333395481109619,999.0,13.86794200794807,999.0,SAFE
39.42597055435181,241.60541314928417,14.1398286819458,4.33330774307251,999.0,13.8686570210508,999.0,SAFE
39.47707486152649,242.24673189819507,13.629300117492676,4.33336067199707,999.0,13.869364392501359,999.0,SAFE
39.52910876274109,242.88835999838454,12.424888610839844,4.333309173583984,999.0,13.870064242938856,999.0,SAFE
39.58363938331604,243.53030916858114,12.26943302154541,4.3333868980407715,999.0,13.870756424359342,999.0,SAFE
39.64952778816223,244.17254636050757,14.216938018798828,4.333286285400391,999.0,13.871439957893136,999.0,SAFE
39.694679260253906,244.8151284822065,14.216938018798828,4.333385467529297,999.0,13.872116801228204,999.0,SAFE
39.74108147621155,245.45800151425766,12.645564079284668,4.33335018157959,999.0,13.872785978756118,999.0,SAFE
39.78876447677612,246.10120488311952,12.774601936340332,4.333354949951172,999.0,13.87344658582181,999.0,SAFE
39.83889102935791,246.74468387958535,11.634608268737793,4.333292484283447,999.0,13.874099716470539,999.0,SAFE
39.88859009742737,247.3884848612156,12.834376335144043,4.333385467529297,999.0,13.874746118402536,999.0,SAFE
39.93938732147217,248.03255434380986,13.255754470825195,4.333340167999268,999.0,13.87538500297175,999.0,SAFE
39.99702024459839,248.67695966629032,11.976788520812988,4.333395957946777,999.0,13.876016008683768,999.0,SAFE
40.04471015930176,249.32163983647013,13.21737289428711,4.333362579345703,999.0,13.87664067237055,999.0,SAFE
40.09489727020264,249.96661933027002,16.230915069580078,4.333380222320557,999.0,13.87725836904487,999.0,SAFE
40.14863872528076,250.61187368750728,12.217464447021484,4.3333845138549805,999.0,13.877868583441213,999.0,SAFE
40.20026636123657,251.25743038632382,12.984514236450195,4.333344459533691,999.0,13.87847204241445,999.0,SAFE
40.25128149986267,251.90325100171052,13.702882766723633,4.333347797393799,999.0,13.879067845743714,999.0,SAFE
40.302942991256714,252.5494021579117,13.737505912780762,4.333359718322754,999.0,13.879657871057873,999.0,SAFE
40.352925062179565,253.19578123335077,12.299118041992188,4.333398342132568,999.0,13.880241579041884,999.0,SAFE
40.40590691566467,253.84246895312154,12.28908920288086,4.333347797393799,999.0,13.88081922913565,999.0,SAFE
40.45675015449524,254.48941316992628,12.108804702758789,4.333367347717285,999.0,13.881390383252185,999.0,SAFE
40.507819414138794,255.1366586022538,15.646903038024902,4.333376884460449,999.0,13.881952849474542,999.0,SAFE
40.55772662162781,255.7841568691144,12.924262046813965,4.333376884460449,999.0,13.882509747547632,999.0,SAFE
40.608317852020264,256.4319133219854,12.958771705627441,4.333377838134766,999.0,13.883060950972606,999.0,SAFE
40.66097021102905,257.07996189159184,13.978373527526855,4.333398342132568,999.0,13.883605394910747,999.0,SAFE
40.71290183067322,257.72825072571686,13.44058895111084,4.333367347717285,999.0,13.884144160760854,999.0,SAFE
40.76563572883606,258.3768315302182,12.814220428466797,4.333378791809082,999.0,13.88467694642824,999.0,SAFE
40.813087463378906,259.02565990736696,13.640645027160645,4.333328723907471,999.0,13.885203375783222,999.0,SAFE
40.867366313934326,259.67474470624484,12.230320930480957,4.33336067199707,999.0,13.885723970554732,999.0,SAFE
40.91777682304382,260.3240913562589,14.080270767211914,4.3333845138549805,999.0,13.886237948353171,999.0,SAFE
40.968199491500854,260.9736838127377,11.904885292053223,4.333344459533691,999.0,13.88674786730401,999.0,SAFE
41.018898248672485,261.6235523118494,11.628875732421875,4.333343029022217,999.0,13.887250256211273,999.0,SAFE
41.06968641281128,262.2736527647212,12.9894380569458,4.33335018157959,999.0,13.88774804104679,999.0,SAFE
41.118650913238525,262.92400830693737,12.006914138793945,4.333395481109619,999.0,13.888240136769019,999.0,SAFE
41.16776633262634,263.5746029384449,12.102360725402832,4.33334493637085,999.0,13.888726430407834,999.0,SAFE
41.22075963020325,264.2254493711684,12.15794849395752,4.333407878875732,999.0,13.889207831023185,999.0,SAFE
41.27025079727173,264.876549113251,11.582292556762695,4.333400726318359,999.0,13.88968442602142,999.0,SAFE
41.32786226272583,265.52788710314115,16.787006378173828,4.333400249481201,999.0,13.890154621645678,999.0,SAFE
41.38033938407898,266.1794577148549,14.101078987121582,4.333346366882324,999.0,13.890619952036209,999.0,SAFE
41.43304395675659,266.8312941948588,13.095683097839355,4.333383083343506,999.0,13.891079581910159,999.0,SAFE
41.48401927947998,267.4833264311146,15.148499488830566,4.3333964347839355,999.0,13.891534720698875,999.0,SAFE
41.533379793167114,268.13562739959673,12.19594955444336,4.333367347717285,999.0,13.891984494246495,999.0,SAFE
41.584932804107666,268.7881385879961,11.804872512817383,4.333367347717285,999.0,13.892428893135,999.0,SAFE
41.63967537879944,269.44088774669575,14.322829246520996,4.3334126472473145,999.0,13.892868371793913,999.0,SAFE
41.69089722633362,270.09386160252154,11.61121654510498,4.3333868980407715,999.0,13.893303228390803,999.0,SAFE
41.74708819389343,270.7470803951941,12.12096118927002,4.333377838134766,999.0,13.893732200852561,999.0,SAFE
41.81474781036377,271.4005037210377,12.844270706176758,4.333385467529297,999.0,13.894156726533858,999.0,SAFE
41.859965324401855,272.0541660588093,11.750300407409668,4.333405017852783,999.0,13.894575303999172,999.0,SAFE
41.91424870491028,272.708040218533,12.190673828125,4.333326816558838,999.0,13.894986386800754,999.0,SAFE
41.96740484237671,273.3621603726432,11.658528327941895,4.333404064178467,999.0,13.895390578594029,999.0,SAFE
42.02218842506409,274.01644800238495,12.160457611083984,4.333347320556641,999.0,13.895790152229734,999.0,SAFE
42.07509779930115,274.67101745909116,16.41059112548828,4.333377838134766,999.0,13.896186506834587,999.0,SAFE
42.13089728355408,275.3257544587175,11.869208335876465,4.333329200744629,999.0,13.896579456248705,999.0,SAFE
42.186500787734985,275.98072885859654,13.069123268127441,4.333339691162109,999.0,13.896966498101778,999.0,SAFE
42.241539001464844,276.63589972783893,12.021245002746582,4.333361625671387,999.0,13.897348257376798,999.0,SAFE
42.286643505096436,277.29129332709005,13.736873626708984,4.333343029022217,999.0,13.897727709044318,999.0,SAFE
42.33468556404114,277.94689259281995,12.380864143371582,4.333359241485596,999.0,13.898099581406582,999.0,SAFE
42.38737463951111,278.6027189751205,14.739996910095215,4.333347320556641,999.0,13.898474085151852,999.0,SAFE
42.43560290336609,279.25877562420396,14.739996910095215,4.333343029022217,999.0,13.898832918588472,999.0,SAFE
42.488738775253296,279.9151000218423,12.40826416015625,4.333329200744629,999.0,13.899206283605578,999.0,SAFE
42.53961181640625,280.571610485439,16.647302627563477,4.333273410797119,999.0,13.899551715764634,999.0,SAFE
42.593899726867676,281.2284169287321,12.768888473510742,4.33338737487793,999.0,13.899919022810073,999.0,SAFE
42.644282817840576,281.8854065405928,15.588601112365723,4.333308696746826,999.0,13.900256553849859,999.0,SAFE
42.695003509521484,282.542628680432,12.585370063781738,4.333385467529297,999.0,13.900614182632598,999.0,SAFE
42.75013589859009,283.2000915087015,12.212447166442871,4.333345890045166,999.0,13.900944880366247,999.0,SAFE
42.803468227386475,283.8577502447799,14.098367691040039,4.333414077758789,999.0,13.901293596141828,999.0,SAFE
42.85624670982361,284.51564678706404,13.219096183776855,4.333309173583984,999.0,13.90161879735807,999.0,SAFE
42.90656518936157,285.17377010024785,12.449405670166016,4.333377838134766,999.0,13.901956805045232,999.0,SAFE
42.96290421485901,285.83205893037444,11.985662460327148,4.333323955535889,999.0,13.90227822640884,999.0,SAFE
43.013668060302734,286.49061265925326,13.321638107299805,4.333347320556641,999.0,13.902607011689984,999.0,SAFE
43.06439256668091,287.1493483518021,12.67827033996582,4.33330774307251,999.0,13.902921132311478,999.0,SAFE
43.117835998535156,287.8082887226647,12.641072273254395,4.333362579345703,999.0,13.903242864613164,999.0,SAFE
43.16488528251648,288.4673780382563,15.68188762664795,4.333311080932617,999.0,13.903547994061697,999.0,SAFE
43.22289848327637,289.12672184070647,12.370681762695312,4.333366870880127,999.0,13.903862608154668,999.0,SAFE
43.26777958869934,289.78625925525887,11.63144588470459,4.333274841308594,999.0,13.904163697670672,999.0,SAFE
43.32109498977661,290.44598690465693,12.250093460083008,4.333368301391602,999.0,13.904469438547077,999.0,SAFE
43.37586832046509,291.1058921688614,15.02518367767334,4.3332905769348145,999.0,13.904764218956357,999.0,SAFE
43.42634677886963,291.76598745926384,12.801470756530762,4.3333306312561035,999.0,13.905063998235802,999.0,SAFE
43.4753212928772,292.42625089103916,12.395309448242188,4.33330774307251,999.0,13.90535077185211,999.0,SAFE
43.528369188308716,293.08675570526293,12.905508995056152,4.333362579345703,999.0,13.905642374375645,999.0,SAFE
43.581897497177124,293.74741701231267,12.359442710876465,4.333362579345703,999.0,13.905924536062686,999.0,SAFE
43.63105297088623,294.40826159192164,11.642338752746582,4.333377838134766,999.0,13.906208725308801,999.0,SAFE
43.683696031570435,295.0692626073759,12.445127487182617,4.33334493637085,999.0,13.906484773937315,999.0,SAFE
43.73737168312073,295.73047040669934,13.460896492004395,4.333395481109619,999.0,13.906763484194126,999.0,SAFE
43.790170669555664,296.39182142386403,11.929025650024414,4.333326816558838,999.0,13.90703515047932,999.0,SAFE
43.83979845046997,297.05334416047805,13.207590103149414,4.333379745483398,999.0,13.90730653563077,999.0,SAFE
43.894898891448975,297.7150265331551,13.47362232208252,4.33335542678833,999.0,13.907571303267689,999.0,SAFE
43.94261908531189,298.3768967636793,13.322237014770508,4.333372592926025,999.0,13.907836768793628,999.0,SAFE
43.99161767959595,299.0389773118047,11.73652172088623,4.333330154418945,999.0,13.908096114146604,999.0,SAFE
44.04690718650818,299.7012160763477,12.482325553894043,4.33336877822876,999.0,13.90835589748214,999.0,SAFE
44.10097050666809,300.3636266358615,14.46727466583252,4.333374500274658,999.0,13.908607823586634,999.0,SAFE
44.15890121459961,301.0262042154299,12.701642990112305,4.333375453948975,999.0,13.908860808612475,999.0,SAFE
44.21177005767822,301.6889335335941,12.169954299926758,4.33336067199707,999.0,13.909109539999884,999.0,SAFE
44.26938605308533,302.35182784556827,12.970304489135742,4.33336067199707,999.0,13.909358165602633,999.0,SAFE
44.323612689971924,303.01486308821023,12.356221199035645,4.333365440368652,999.0,13.90960039323547,999.0,SAFE
44.37158465385437,303.6780703229018,12.010502815246582,4.333377838134766,999.0,13.909841147753642,999.0,SAFE
44.420250415802,304.3414256535773,12.203988075256348,4.333332061767578,999.0,13.910077607124835,999.0,SAFE
44.4721200466156,305.004936763326,11.919605255126953,4.33336067199707,999.0,13.910313545915807,999.0,SAFE
44.52264976501465,305.6686067760052,12.41109561920166,4.333377838134766,999.0,13.910546025002681,999.0,SAFE
44.57458424568176,306.3324233843408,12.268253326416016,4.333323955535889,999.0,13.910777222536396,999.0,SAFE
44.62496089935303,306.9963898118201,13.743937492370605,4.333308696746826,999.0,13.911003913651804,999.0,SAFE
44.67534613609314,307.6605207596331,12.00901985168457,4.333403587341309,999.0,13.911228375580645,999.0,SAFE
44.724302530288696,308.3247821098474,12.410561561584473,4.333323955535889,999.0,13.911449604632214,999.0,SAFE
44.77269768714905,308.9892112981935,13.39914608001709,4.333343505859375,999.0,13.911669354414514,999.0,SAFE
44.822155475616455,309.6537707071511,12.83511734008789,4.33333683013916,999.0,13.911884748014923,999.0,SAFE
44.87272071838379,310.3184894958821,13.198305130004883,4.333346366882324,999.0,13.912099782843558,999.0,SAFE
44.92172145843506,310.9833433882133,14.255176544189453,4.3333587646484375,999.0,13.912310468299264,999.0,SAFE
44.97455334663391,311.6483447391478,12.731955528259277,4.33336067199707,999.0,13.912522643442289,999.0,SAFE
45.02245736122131,312.3135143031131,14.15739917755127,4.333363056182861,999.0,13.912730327904185,999.0,SAFE
45.076950788497925,312.9788382359314,12.597878456115723,4.333332538604736,999.0,13.912936260975421,999.0,SAFE
45.14457654953003,313.64431107639876,16.3757266998291,4.33336067199707,999.0,13.913138096962191,999.0,SAFE
45.20079946517944,314.3099551496068,12.02658748626709,4.333301544189453,999.0,13.913339882229405,999.0,SAFE
45.25497817993164,314.9757140831296,16.139665603637695,4.333301067352295,999.0,13.913536015911545,999.0,SAFE
45.32302379608154,315.64160205626865,12.710977554321289,4.3333587646484375,999.0,13.913731828878353,999.0,SAFE
45.373077392578125,316.307623051624,12.838296890258789,4.33336877822876,999.0,13.913924951025056,999.0,SAFE
45.422343492507935,316.97378867528965,13.2777099609375,4.333377838134766,999.0,13.91411650245804,999.0,SAFE
45.464900493621826,317.64007969943816,12.98550796508789,4.333395481109619,999.0,13.91430466586906,999.0,SAFE
45.512977600097656,318.3064978484439,12.592907905578613,4.33336877822876,999.0,13.91449336823975,999.0,SAFE
45.56395435333252,318.97305451126925,12.278568267822266,4.333363056182861,999.0,13.914679107311878,999.0,SAFE
45.61097812652588,319.6397622864397,12.931567192077637,4.33336067199707,999.0,13.9148617538221,999.0,SAFE
45.65683960914612,320.3065839396094,11.595398902893066,4.333377838134766,999.0,13.915042124740252,999.0,SAFE
45.70350241661072,320.97354896833997,12.50487995147705,4.333345890045166,999.0,13.915221097677305,999.0,SAFE
45.74917030334473,321.64065062655635,13.394471168518066,4.333377838134766,999.0,13.91539954916857,999.0,SAFE
45.800697326660156,322.30788449803663,11.97054672241211,4.333345413208008,999.0,13.915575911473134,999.0,SAFE
45.848905086517334,322.9752341016153,12.40134334564209,4.333377838134766,999.0,13.915747007965336,999.0,SAFE
45.8959641456604,323.64272284990585,12.388410568237305,4.333377838134766,999.0,13.915917682002288,999.0,SAFE
45.9429087638855,324.31031752222907,13.221888542175293,4.3333845138549805,999.0,13.916086744317216,999.0,SAFE
45.99679684638977,324.9780582229871,13.058996200561523,4.333361625671387,999.0,13.916256237967492,999.0,SAFE
46.041805267333984,325.6459154638143,13.259970664978027,4.333343029022217,999.0,13.916421447924582,999.0,SAFE
46.089961528778076,326.31390520474804,15.136829376220703,4.333345890045166,999.0,13.916585324750669,999.0,SAFE
46.13689565658569,326.982001795455,11.659183502197266,4.333320140838623,999.0,13.916747635053149,999.0,SAFE
46.18540668487549,327.65023774490646,12.790628433227539,4.33333683013916,999.0,13.916905640938364,999.0,SAFE
46.234209299087524,328.3185874665051,13.41860580444336,4.333345890045166,999.0,13.917065128297585,999.0,SAFE
46.27889895439148,328.9870704758989,13.244729995727539,4.333341598510742,999.0,13.917222140605821,999.0,SAFE
46.327924489974976,329.65563300426163,12.2085542678833,4.3333587646484375,999.0,13.917377910064522,999.0,SAFE
46.384018421173096,330.3242590676065,12.58928394317627,4.333305835723877,999.0,13.917508347731308,999.0,SAFE
46.44913864135742,330.9928655321294,14.804584503173828,4.333393096923828,999.0,13.917645341930125,999.0,SAFE
46.49028563499451,331.6613606468412,12.44582748413086,4.333134651184082,999.0,13.917622528390266,999.0,SAFE
46.54615616798401,332.3296063883116,11.742938041687012,4.333359241485596,999.0,13.91768338410844,999.0,SAFE
46.597585916519165,332.99749636164455,11.82634449005127,4.33278226852417,999.0,13.917384272771148,999.0,SAFE
46.64775061607361,333.66488722091555,12.391318321228027,4.3336381912231445,999.0,13.917339612603183,999.0,SAFE
46.700798988342285,334.3316722293539,12.505911827087402,4.332290172576904,999.0,13.916736645562363,999.0,SAFE
46.75410437583923,334.997681334051,13.56550407409668,4.333359241485596,999.0,13.916580366870928,999.0,SAFE
46.804171562194824,335.662814828677,13.312639236450195,4.331490993499756,999.0,13.915685535519362,999.0,SAFE
46.86057186126709,336.32694039134856,13.032459259033203,4.333654403686523,999.0,13.915391832936864,999.0,SAFE
46.90518021583557,336.9899240127802,13.032459259033203,4.330757141113281,999.0,13.914210180537282,999.0,SAFE
46.95389986038208,337.6516534379938,13.392876625061035,4.333359241485596,999.0,13.91374690076971,999.0,SAFE
47.005096435546875,338.3119901973064,12.210673332214355,4.330076217651367,999.0,13.912272014544229,999.0,SAFE
47.05838871002197,338.9708054039246,12.259610176086426,4.33328104019165,999.0,13.911602755655549,999.0,SAFE
47.107478618621826,339.62795387881226,11.670944213867188,4.329377174377441,999.0,13.909829712021976,999.0,SAFE
47.16138815879822,340.2833067229977,12.48272705078125,4.333359241485596,999.0,13.908942221779453,999.0,SAFE
47.210246086120605,340.93674000616045,13.786849021911621,4.328818321228027,999.0,13.906881784430686,999.0,SAFE
47.26043677330017,341.5881251597614,13.380829811096191,4.333320140838623,999.0,13.905768388079451,999.0,SAFE
47.31103253364563,342.2372892971304,12.476305961608887,4.32824182510376,999.0,13.903430735524541,999.0,SAFE
47.359007358551025,342.88374230682035,13.365110397338867,4.334598541259766,999.0,13.900081577398621,999.0,SAFE
47.407854080200195,343.5272264785693,12.175724029541016,4.327403545379639,999.0,13.896411232437018,999.0,SAFE
47.46249318122864,344.1674056649518,15.36194133758545,4.33328104019165,999.0,13.892674435986173,999.0,SAFE
47.51395606994629,344.80418084970347,12.696337699890137,4.326824188232422,999.0,13.88903621481444,999.0,SAFE
47.56312370300293,345.43721715020655,12.877081871032715,4.336127758026123,999.0,13.885414376584363,999.0,SAFE
47.612143993377686,346.0665062587459,12.432356834411621,4.326141834259033,999.0,13.882007059533082,999.0,SAFE
47.66591763496399,346.6921177455819,12.431815147399902,4.33328104019165,999.0,13.880448949270715,999.0,SAFE
47.716493129730225,347.3137526268041,16.785499572753906,4.326442718505859,999.0,13.876171284467564,999.0,SAFE
47.76812553405762,347.93132479099955,12.774250984191895,4.333202838897705,999.0,13.873936288894003,999.0,SAFE
47.8145649433136,348.5445273507584,13.208354949951172,4.328668594360352,999.0,13.869120082970838,999.0,SAFE
47.864341497421265,349.1533075070581,14.006999969482422,4.333241939544678,999.0,13.866562759274725,999.0,SAFE
47.91632390022278,349.75753807238476,12.07073974609375,4.324521064758301,999.0,13.862364862280081,999.0,SAFE
47.966745376586914,350.35722137413666,12.698796272277832,4.333970546722412,999.0,13.860170828176539,999.0,SAFE
48.01984524726868,350.9520212587673,12.037623405456543,4.32434606552124,999.0,13.855258075183741,999.0,SAFE
48.07252097129822,351.5418760657227,11.992609977722168,4.333241939544678,999.0,13.852646741787158,999.0,SAFE
48.12503004074097,352.1264812381412,12.726471900939941,4.324499607086182,999.0,13.84748291093879,999.0,SAFE
48.17503213882446,352.70579738933134,12.787067413330078,4.332343578338623,999.0,13.844813874474845,999.0,SAFE
48.228678703308105,353.28003659183616,13.101937294006348,4.323048114776611,999.0,13.84199983653214,999.0,SAFE
48.29042387008667,353.8488599413428,11.792390823364258,4.331132888793945,999.0,13.83827817822323,999.0,SAFE
48.34936213493347,354.41218358934697,11.80049991607666,4.321446418762207,999.0,13.834612077495095,999.0,SAFE
48.403833627700806,354.96967299566757,17.2850341796875,4.330937385559082,999.0,13.831727981567383,999.0,SAFE
48.45789551734924,355.52129952903374,12.43080997467041,4.322628021240234,999.0,13.826522637828598,999.0,SAFE
48.5080087184906,356.06730439389145,13.838875770568848,4.332148551940918,999.0,13.824645243724044,999.0,SAFE
48.56346559524536,356.60728950967496,11.822504997253418,4.325198173522949,999.0,13.819756135209852,999.0,SAFE
48.62082552909851,357.14115084079435,12.84537124633789,4.333125114440918,999.0,13.81721322831251,999.0,SAFE
48.679187059402466,357.66860579567805,12.735281944274902,4.324286460876465,999.0,13.81189959482398,999.0,SAFE
48.731658697128296,358.1896363519862,13.2119722366333,4.333163738250732,999.0,13.809207759192978,999.0,SAFE
48.791733503341675,358.7039489193987,12.895748138427734,4.324832439422607,999.0,13.803899734136495,999.0,SAFE
48.8430290222168,359.21156574878677,12.282727241516113,4.333202838897705,999.0,13.801346663714275,999.0,SAFE
48.89423394203186,359.71283892226717,12.274175643920898,4.324047088623047,999.0,13.798694911177492,999.0,SAFE
48.943965673446655,360.20735851671566,13.74628734588623,4.334795951843262,999.0,13.795184468892053,999.0,SAFE
48.99414587020874,360.6951327367018,12.321796417236328,4.323350429534912,999.0,13.791858109881506,999.0,SAFE
49.0455424785614,361.17578943899133,11.782602310180664,4.333163738250732,999.0,13.787897314440297,999.0,SAFE
49.09719681739807,361.64937571275453,13.516135215759277,4.324019432067871,999.0,13.784377803174442,999.0,SAFE
49.14705729484558,362.1162267145732,12.397000312805176,4.333241939544678,999.0,13.782935496670243,999.0,SAFE
49.200894355773926,362.57593758488883,13.749420166015625,4.324158191680908,999.0,13.778293650291149,999.0,SAFE
49.255717277526855,363.0284291277994,12.853947639465332,4.333202838897705,999.0,13.776163031015894,999.0,SAFE
49.30632567405701,363.47338565538587,13.988006591796875,4.324051856994629,999.0,13.77108773046788,999.0,SAFE
49.364497423172,363.91083151527715,13.77851676940918,4.334713459014893,999.0,13.768849773511224,999.0,SAFE
49.42616415023804,364.3404859963262,13.830065727233887,4.323263168334961,999.0,13.76382360261583,999.0,SAFE
49.48890280723572,364.7623795676009,15.791814804077148,4.333125114440918,999.0,13.761761789166265,999.0,SAFE
49.54989695549011,365.17696711466436,12.641592979431152,4.323114395141602,999.0,13.759451301572554,999.0,SAFE
49.60798001289368,365.5838018348623,11.623018264770508,4.333241939544678,999.0,13.756429659254183,999.0,SAFE
49.67197036743164,365.9829496523927,11.01042366027832,4.324716091156006,999.0,13.753447743223598,999.0,SAFE
49.735899925231934,366.3740566054191,15.359368324279785,4.334714889526367,999.0,13.749992201305526,999.0,SAFE
49.79941368103027,366.75716643006757,11.036073684692383,4.323184490203857,999.0,13.746816436003089,999.0,SAFE
49.85930418968201,367.1326971711161,10.998309135437012,4.333775997161865,999.0,13.745912911232386,999.0,SAFE
49.925633907318115,367.5002365239794,11.322287559509277,4.324016094207764,999.0,13.741675822915028,999.0,SAFE
49.9839231967926,367.8597155655959,10.90548038482666,4.331406116485596,999.0,13.739992212284676,999.0,SAFE
50.04790186882019,368.2107999020751,11.563851356506348,4.323361873626709,999.0,13.735168032595412,999.0,SAFE
50.110966205596924,368.55359394848784,11.806310653686523,4.330429553985596,999.0,13.733223830911571,999.0,SAFE
50.17860436439514,368.88789146928406,10.990415573120117,4.321236610412598,999.0,13.72841382686067,999.0,SAFE
50.26682209968567,369.2136023129544,11.024298667907715,4.309542655944824,999.0,13.726565687248234,999.0,SAFE
50.3297176361084,369.5311836216285,10.54580307006836,4.285277843475342,999.0,13.724395337285744,999.0,SAFE
50.38292479515076,369.840326477713,11.344797134399414,4.261874675750732,999.0,13.720009042423833,999.0,SAFE
50.43837571144104,370.1411746371331,11.638646125793457,4.252748966217041,999.0,13.711095214548951,999.0,SAFE
50.49855828285217,370.43334983479593,11.073224067687988,4.253509998321533,999.0,13.700494040967486,999.0,SAFE
50.55196523666382,370.716908037448,12.392815589904785,4.282024383544922,999.0,13.693684721998919,999.0,SAFE
50.604660511016846,370.9916600586092,11.412678718566895,4.29201078414917,999.0,13.689454935067221,999.0,SAFE
50.668696880340576,371.25640377742207,15.568364143371582,4.330179691314697,999.0,13.677817452873692,999.0,SAFE
50.716899156570435,371.5136019146393,15.568364143371582,4.349758625030518,999.0,13.672379720769948,999.0,SAFE
50.775789737701416,371.7625165697606,14.65162181854248,4.3567657470703125,999.0,13.664797698384607,999.0,SAFE
50.830068826675415,372.00212836954734,12.92541217803955,4.347973346710205,999.0,13.668665885925293,999.0,SAFE
50.894898653030396,372.23199951232516,14.4292573928833,4.350700378417969,999.0,13.648895047645805,999.0,SAFE
50.9491503238678,372.4538332745838,18.50887680053711,4.343437194824219,999.0,13.645710908986679,999.0,SAFE
51.00710082054138,372.66806891771,12.908369064331055,4.327077388763428,999.0,13.637346487338979,999.0,SAFE
51.069345474243164,372.8733699023671,15.671993255615234,4.335853099822998,999.0,13.631990953910831,999.0,SAFE
51.131027936935425,373.069317542463,12.80463695526123,4.323018550872803,999.0,13.62328026141307,999.0,SAFE
51.18539762496948,373.25599627901306,12.362335205078125,4.333867073059082,999.0,13.61804547040143,999.0,SAFE
51.247883319854736,373.43403965646576,13.015326499938965,4.323912620544434,999.0,13.612075287373257,999.0,SAFE
51.31343173980713,373.60300430007277,13.232396125793457,4.333749771118164,999.0,13.605913827458886,999.0,SAFE
51.379897117614746,373.7630273961394,12.383484840393066,4.324102878570557,999.0,13.599336032312934,999.0,SAFE
51.44424605369568,373.9137316171215,12.721467018127441,4.333437442779541,999.0,13.59285895935897,999.0,SAFE
51.51958107948303,374.0553183540594,13.879369735717773,4.323228359222412,999.0,13.586198584851578,999.0,SAFE
51.59427833557129,374.18745193716455,12.231327056884766,4.33416748046875,999.0,13.579871663322923,999.0,SAFE
51.668243646621704,374.3103576473809,12.944063186645508,4.323798179626465,999.0,13.573407479074433,999.0,SAFE
51.74955105781555,374.42455116838664,13.807920455932617,4.335701942443848,999.0,13.569898681101636,999.0,SAFE
51.82229733467102,374.5297204119221,13.586042404174805,4.325469017028809,999.0,13.562414644604056,999.0,SAFE
51.90571880340576,374.62587887111584,12.10904598236084,4.333320140838623,999.0,13.558280750863332,999.0,SAFE
51.98290252685547,374.7127935881824,12.687078475952148,4.323407173156738,999.0,13.55039507373276,999.0,SAFE
52.035062313079834,374.7905265815574,12.32396125793457,4.3341288566589355,999.0,13.546175711304214,999.0,SAFE
52.09464764595032,374.8596889134671,11.750218391418457,4.324765205383301,999.0,13.540797143317544,999.0,SAFE
52.163206338882446,374.9197761077907,13.840518951416016,4.333320140838623,999.0,13.535539145844686,999.0,SAFE
52.23837685585022,374.9709409787774,13.989140510559082,4.323568820953369,999.0,13.529545734554977,999.0,SAFE
52.314409494400024,375.0127781608631,12.615949630737305,4.333241939544678,999.0,13.523967642847685,999.0,SAFE
52.384522438049316,375.04544541729643,11.397698402404785,4.323420524597168,999.0,13.517719458812547,999.0,SAFE
52.46680736541748,375.06917443060786,12.69754695892334,4.338551998138428,999.0,13.514140592054083,999.0,SAFE
52.54090213775635,375.0836002622148,11.926487922668457,4.3313307762146,999.0,13.50666593793794,999.0,SAFE
52.622366428375244,375.08900332240705,12.464557647705078,4.343398571014404,999.0,13.503695853950191,999.0,SAFE
52.71125316619873,375.0857016393298,11.175166130065918,4.336277961730957,999.0,13.499228790971554,999.0,SAFE
52.804001808166504,375.0747256597253,12.309504508972168,4.346900463104248,999.0,13.498937673425665,999.0,SAFE
52.877538204193115,375.056554225368,12.146484375,4.329951286315918,999.0,13.496062630839527,999.0,SAFE
52.96190547943115,375.0319964115768,11.575550079345703,4.318376541137695,999.0,13.49612401180498,999.0,SAFE
53.072911739349365,375.00219435053805,10.947461128234863,4.307692527770996,999.0,13.49449942365933,999.0,SAFE
53.12794089317322,374.96781380888854,10.37614631652832,4.29812479019165,999.0,13.494194748232834,999.0,SAFE
53.193891525268555,374.92931343376716,11.693171501159668,4.289836883544922,999.0,13.48735061227639,999.0,SAFE
53.258291721343994,374.8874205290049,12.11353588104248,4.293749809265137,999.0,13.484988930934554,999.0,SAFE
53.32221221923828,374.8425490542169,13.073473930358887,4.303888320922852,999.0,13.481429618808757,999.0,SAFE
53.38168954849243,374.7952644055025,13.089513778686523,4.314921855926514,999.0,13.479329324255582,999.0,SAFE
53.440624475479126,374.74584588534196,11.813748359680176,4.32144832611084,999.0,13.475432750326075,999.0,SAFE
53.50985026359558,374.69456357312976,13.817981719970703,4.335053443908691,999.0,13.472839377935959,999.0,SAFE
53.57970690727234,374.64198777611057,12.593873023986816,4.32744026184082,999.0,13.469754249808368,999.0,SAFE
53.66538858413696,374.58826687433043,11.940974235534668,4.329804420471191,999.0,13.467443320320179,999.0,SAFE
53.730454206466675,374.53375541374515,11.940974235534668,4.325741291046143,999.0,13.464453999577074,999.0,SAFE
53.804945945739746,374.4784960899011,12.365707397460938,4.324413776397705,999.0,13.462044917604356,999.0,SAFE
53.88387370109558,374.422744359801,11.590540885925293,4.320580005645752,999.0,13.458158130471794,999.0,SAFE
53.95804166793823,374.36655581536604,11.999983787536621,4.321674823760986,999.0,13.454714016576649,999.0,SAFE
54.0369815826416,374.310154403267,11.747136116027832,4.322831630706787,999.0,13.450933259573103,999.0,SAFE
54.10925221443176,374.25351715133405,12.24651050567627,4.326952934265137,999.0,13.447716317410759,999.0,SAFE
54.19215798377991,374.19686031235585,12.04859447479248,4.3288421630859375,999.0,13.443992863407342,999.0,SAFE
54.27151131629944,374.14015310529544,11.45118522644043,4.3310017585754395,999.0,13.440720846128883,999.0,SAFE
54.35366940498352,374.08359717291444,12.57376766204834,4.328172206878662,999.0,13.43718175737448,999.0,SAFE
54.43773627281189,374.0271231620552,12.434932708740234,4.325546741485596,999.0,13.434002369306791,999.0,SAFE
54.52267670631409,373.9709178033468,13.147405624389648,4.322356224060059,999.0,13.429984121981652,999.0,SAFE
54.63399934768677,373.91492369108875,13.868945121765137,4.320722579956055,999.0,13.425806925538883,999.0,SAFE
54.71248817443848,373.85933938725617,13.868945121765137,4.322486877441406,999.0,13.421453958378795,999.0,SAFE
54.820961236953735,373.80408310425605,11.631922721862793,4.326241970062256,999.0,13.417511513539687,999.0,SAFE
54.878100633621216,373.7493465663144,11.768476486206055,4.328484535217285,999.0,13.413325510603968,999.0,SAFE
54.94141745567322,373.6950533438318,12.446343421936035,4.331295013427734,999.0,13.409289646103423,999.0,SAFE
55.01199769973755,373.6413876015636,12.726393699645996,4.329331874847412,999.0,13.405205460416616,999.0,SAFE
55.08373737335205,373.58824548193695,16.358030319213867,4.326679706573486,999.0,13.401359412021723,999.0,SAFE
55.15405225753784,373.5358004276172,11.370566368103027,4.323676586151123,999.0,13.397182352402092,999.0,SAFE
55.22689747810364,373.4839432091912,12.837786674499512,4.320898532867432,999.0,13.392360802804633,999.0,SAFE
55.29470944404602,373.43285652971315,14.58361530303955,4.321683883666992,999.0,13.38742345830044,999.0,SAFE
55.3811674118042,373.3824371362818,13.718207359313965,4.324511528015137,999.0,13.382792555385745,999.0,SAFE
55.45495891571045,373.33285165213164,13.450702667236328,4.327668190002441,999.0,13.378144783727757,999.0,SAFE
55.52555298805237,373.28399289623366,11.67783260345459,4.331152439117432,999.0,13.373432701623608,999.0,SAFE
55.58591389656067,373.23603640489125,12.234140396118164,4.330408096313477,999.0,13.368780142323162,999.0,SAFE
55.64863848686218,373.1888605834793,12.501255989074707,4.327831745147705,999.0,13.36431703721424,999.0,SAFE
55.716840505599976,373.1426188345975,12.209495544433594,4.324878692626953,999.0,13.359758908652184,999.0,SAFE
55.80672645568848,373.09718675991553,11.793760299682617,4.321914196014404,999.0,13.354596476015251,999.0,SAFE
55.88135528564453,373.0527295998327,11.051397323608398,4.321009635925293,999.0,13.349089749082097,999.0,SAFE
55.968754053115845,373.0091263561073,11.262393951416016,4.323320388793945,999.0,13.343819700641811,999.0,SAFE
56.06800937652588,372.9665447428063,12.410446166992188,4.326437950134277,999.0,13.338610403251966,999.0,SAFE
56.146758794784546,372.9248486139288,11.6032075881958,4.329726696014404,999.0,13.333408528430747,999.0,SAFE
56.24769067764282,372.8842118012477,12.511178970336914,4.331194877624512,999.0,13.32818158154947,999.0,SAFE
56.33130669593811,372.8444980790619,11.508777618408203,4.329042911529541,999.0,13.323148513489487,999.0,SAFE
56.42991065979004,372.8058552546544,12.274727821350098,4.326237201690674,999.0,13.318085543272097,999.0,SAFE
56.51252508163452,372.76815364625554,13.01331901550293,4.323261737823486,999.0,13.312790854464255,999.0,SAFE
56.58205986022949,372.7315440151785,11.535210609436035,4.320871829986572,999.0,13.306767223983185,999.0,SAFE
56.665618658065796,372.69589549993196,11.636689186096191,4.322167873382568,999.0,13.300907818030998,999.0,SAFE
56.72414231300354,372.6613694735229,16.80374526977539,4.325074672698975,999.0,13.295162170173477,999.0,SAFE
56.79568386077881,372.62782057299677,11.954146385192871,4.328391075134277,999.0,13.2896032947655,999.0,SAFE
56.87274718284607,372.5954118643076,12.267266273498535,4.331255912780762,999.0,13.28383452762623,999.0,SAFE
56.960352659225464,372.5640071538384,14.97869873046875,4.330195426940918,999.0,13.27825945262279,999.0,SAFE
57.04510307312012,372.533757062308,12.794906616210938,4.3275227546691895,999.0,13.272713278358049,999.0,SAFE
57.132970571517944,372.50451256758237,11.808327674865723,4.324609279632568,999.0,13.26723835694812,999.0,SAFE
57.224910736083984,372.47642907667154,11.67318344116211,4.321675777435303,999.0,13.260858468729134,999.0,SAFE
57.31773138046265,372.4493588933607,12.172744750976562,4.321308135986328,999.0,13.254464136782849,999.0,SAFE
57.40590977668762,372.4234672208297,11.360610961914062,4.323963165283203,999.0,13.248198395404955,999.0,SAFE
57.49156403541565,372.39860137831545,13.328531265258789,4.3268818855285645,999.0,13.242118752374335,999.0,SAFE
57.58101034164429,372.3749182873681,12.772604942321777,4.3300557136535645,999.0,13.235959308186482,999.0,SAFE
57.659966468811035,372.3522791847844,13.31847858428955,4.331132888793945,999.0,13.229854682775848,999.0,SAFE
57.7389280796051,372.3308317880986,13.860990524291992,4.328910827636719,999.0,13.223860277601737,999.0,SAFE
57.790613889694214,372.31042809997746,13.10312557220459,4.326157569885254,999.0,13.21793632620904,999.0,SAFE
57.85525965690613,372.29121892692154,11.424723625183105,4.323227882385254,999.0,13.211691531537301,999.0,SAFE
57.91728925704956,372.27305106437456,11.73240852355957,4.320917129516602,999.0,13.204819532113564,999.0,SAFE
57.994909048080444,372.25608958391234,11.096006393432617,4.322402477264404,999.0,13.19805240949342,999.0,SAFE
58.085906982421875,372.2401751012386,11.81342887878418,4.325293064117432,999.0,13.191483234565894,999.0,SAFE
58.18596529960632,372.2254665200492,12.925541877746582,4.328489303588867,999.0,13.18504535731269,999.0,SAFE
58.258246421813965,372.21181577943634,12.159255027770996,4.33132791519165,999.0,13.178462670024013,999.0,SAFE
58.346805572509766,372.19937697747184,13.445247650146484,4.330278396606445,999.0,13.172014319707865,999.0,SAFE
58.43090343475342,372.18799138487253,13.451333045959473,4.327647686004639,999.0,13.165662323026705,999.0,SAFE
58.51710629463196,372.1778175448771,12.214512825012207,4.324769020080566,999.0,13.159344940576833,999.0,SAFE
58.606664419174194,372.16869005397353,11.354395866394043,4.321816444396973,999.0,13.152185947629468,999.0,SAFE
58.69140338897705,372.1607850866515,12.260496139526367,4.32130241394043,999.0,13.144964598134386,999.0,SAFE
58.78571796417236,372.1539289186806,11.33113956451416,4.323594570159912,999.0,13.13792409035912,999.0,SAFE
58.88486075401306,372.1482899574525,12.051908493041992,4.326780319213867,999.0,13.131043099683243,999.0,SAFE
58.980146169662476,372.14370356488524,11.703343391418457,4.330019474029541,999.0,13.124112903321562,999.0,SAFE
59.07616972923279,372.1403340331559,12.119855880737305,4.331216812133789,999.0,13.117212477780013,999.0,SAFE
59.16903853416443,372.1380159123992,11.818524360656738,4.329233646392822,999.0,13.110465649859265,999.0,SAFE
59.25790548324585,372.13691433469444,14.510821342468262,4.326452732086182,999.0,13.103774984552642,999.0,SAFE
59.35191583633423,372.1368621533035,13.132342338562012,4.323495864868164,999.0,13.096834052642384,999.0,SAFE
59.44603109359741,372.1380267582929,11.798662185668945,4.321086883544922,999.0,13.089208322253763,999.0,SAFE
59.542054653167725,372.1402371112048,12.429039001464844,4.322203636169434,999.0,13.08172139144966,999.0,SAFE
59.638797998428345,372.1436668633499,11.380170822143555,4.3250017166137695,999.0,13.074413955402376,999.0,SAFE
59.738911628723145,372.14813994092674,11.924494743347168,4.328186988830566,999.0,13.067269209492133,999.0,SAFE
59.83503174781799,372.1538235831595,11.45180892944336,4.3313679695129395,999.0,13.05993401971192,999.0,SAFE
59.93087196350098,372.1605496414065,11.1032075881958,4.330668926239014,999.0,13.05277962521071,999.0,SAFE
59.98768758773804,372.1684876560408,11.1032075881958,4.328136920928955,999.0,13.04573382165989,999.0,SAFE
60.05542850494385,372.1774611740021,12.49528980255127,4.3253493309021,999.0,13.038746075275164,999.0,SAFE
60.11503624916077,372.18765028389544,13.790882110595703,4.322422027587891,999.0,13.031100855014952,999.0,SAFE
60.17492389678955,372.1988724215451,13.153849601745605,4.321132659912109,999.0,13.023193971255935,999.0,SAFE
60.241257667541504,372.21130662059977,14.152433395385742,4.323302745819092,999.0,13.015462749396887,999.0,SAFE
60.322484731674194,372.2247735803304,11.11212158203125,4.326152324676514,999.0,13.007921723588073,999.0,SAFE
60.39719200134277,372.23944347739507,13.078539848327637,4.329457759857178,999.0,13.000420738009515,999.0,SAFE
60.478474617004395,372.25513807187554,11.577221870422363,4.3318915367126465,999.0,12.992818771946329,999.0,SAFE
60.55846405029297,372.2720336811811,14.71232795715332,4.33001184463501,999.0,12.985411976804857,999.0,SAFE
60.632079124450684,372.28995141189813,12.070152282714844,4.327128887176514,999.0,12.97809288935415,999.0,SAFE
60.706963539123535,372.30907148910853,11.334844589233398,4.324357509613037,999.0,12.970836739481538,999.0,SAFE
60.78290319442749,372.3292114988686,11.399916648864746,4.321386814117432,999.0,12.962656452681355,999.0,SAFE
60.854990005493164,372.3505534367459,11.18856143951416,4.321793079376221,999.0,12.95451533751587,999.0,SAFE
60.938212394714355,372.37291057890866,12.312850952148438,4.324199199676514,999.0,12.94657322055278,999.0,SAFE
61.02263808250427,372.39646078398874,12.494311332702637,4.327366828918457,999.0,12.938806824150276,999.0,SAFE
61.109612226486206,372.4210187731011,11.736407279968262,4.330555438995361,999.0,12.931011285739725,999.0,SAFE
61.20074820518494,372.4467617073931,11.460968017578125,4.331398963928223,999.0,12.92321428508418,999.0,SAFE
61.29048943519592,372.47350541207527,11.851542472839355,4.3291015625,999.0,12.91557161861662,999.0,SAFE
61.37280488014221,372.5014373616102,11.656123161315918,4.326409816741943,999.0,12.90800402579138,999.0,SAFE
61.46269917488098,372.53036882786716,11.89001178741455,4.323399543762207,999.0,12.900183326181045,999.0,SAFE
61.55458974838257,372.5604881548496,11.01595687866211,4.32107400894165,999.0,12.89169222171021,999.0,SAFE
61.613667726516724,372.59160873878767,12.032768249511719,4.322363376617432,999.0,12.88335880302041,999.0,SAFE
61.67039680480957,372.62390903372926,12.61769962310791,4.325160026550293,999.0,12.875225031858388,999.0,SAFE
61.753315925598145,372.6571942721103,12.65682315826416,4.328312873840332,999.0,12.867255399127528,999.0,SAFE
61.81090831756592,372.6916554874702,12.65682315826416,4.331466197967529,999.0,12.859094407032776,999.0,SAFE
61.87838387489319,372.7270932306797,12.958823204040527,4.330820083618164,999.0,12.85110616610348,999.0,SAFE
61.95072817802429,372.76370182607906,11.333714485168457,4.328489780426025,999.0,12.843249887455437,999.0,SAFE
62.02412724494934,372.8012828341352,12.16504955291748,4.325568675994873,999.0,12.835464412879384,999.0,SAFE
62.100589990615845,372.8400391723738,12.871105194091797,4.322773456573486,999.0,12.827195862454996,999.0,SAFE
62.17389726638794,372.8797768671013,13.021912574768066,4.321171760559082,999.0,12.81849197161024,999.0,SAFE
62.25055766105652,372.92067167686406,12.951679229736328,4.322988986968994,999.0,12.809982692321647,999.0,SAFE
62.34298872947693,372.96254031911593,11.603604316711426,4.32595682144165,999.0,12.801670525549037,999.0,SAFE
62.41018295288086,373.00556734128713,11.603604316711426,4.32912540435791,999.0,12.793514785609128,999.0,SAFE
62.50371980667114,373.04954762917924,12.466526985168457,4.331698894500732,999.0,12.785102306114847,999.0,SAFE
62.55883026123047,373.09467371953343,12.466526985168457,4.3305745124816895,999.0,12.776928100101248,999.0,SAFE
62.616034507751465,373.14075582129743,13.627897262573242,4.327812194824219,999.0,12.768867887782658,999.0,SAFE
62.676358699798584,373.1879879290451,13.008987426757812,4.325003623962402,999.0,12.760878450016506,999.0,SAFE
62.739933013916016,373.2361719703175,12.302815437316895,4.322185039520264,999.0,12.752194757812779,999.0,SAFE
62.80809426307678,373.28551464479483,11.683180809020996,4.321603775024414,999.0,12.74331280031312,999.0,SAFE
62.87231731414795,373.3358010179455,13.260284423828125,4.323575496673584,999.0,12.734638667593257,999.0,SAFE
62.947168827056885,373.3872295560906,14.146934509277344,4.32660436630249,999.0,12.726157394579934,999.0,SAFE
63.023815870285034,373.4395917521178,12.507707595825195,4.329733848571777,999.0,12.717725524156744,999.0,SAFE
63.096885204315186,373.493086995616,11.549263954162598,4.331763744354248,999.0,12.709169676802286,999.0,SAFE
63.17526984214783,373.54750014798924,12.633207321166992,4.330156326293945,999.0,12.700817069878887,999.0,SAFE
63.26124930381775,373.60304499609805,12.354207038879395,4.32749080657959,999.0,12.692578063778244,999.0,SAFE
63.352909088134766,373.6595173093648,13.190386772155762,4.324611186981201,999.0,12.684405321248006,999.0,SAFE
63.44843506813049,373.71712606775435,11.542933464050293,4.321835517883301,999.0,12.675346981844637,999.0,SAFE
63.54451513290405,373.77565566244914,12.049346923828125,4.321699142456055,999.0,12.666302643349336,999.0,SAFE
63.634202003479004,373.83531556253024,13.29267406463623,4.324168682098389,999.0,12.657477231243643,999.0,SAFE
63.72968792915344,373.8958829227694,11.771964073181152,4.327070236206055,999.0,12.648839955674124,999.0,SAFE
63.81551122665405,373.9575755705756,12.461917877197266,4.330219745635986,999.0,12.640264708843063,999.0,SAFE
63.903156042099,374.02014880486763,13.753520965576172,4.332382678985596,999.0,12.631549010898885,999.0,SAFE
63.997068881988525,374.08383051721063,12.453378677368164,4.331959247589111,999.0,12.62303168600613,999.0,SAFE
64.09890246391296,374.14841129755075,11.515873908996582,4.33064603805542,999.0,12.614625017159488,999.0,SAFE
64.19672441482544,374.2141040679976,12.02174186706543,4.329184055328369,999.0,12.606291074729848,999.0,SAFE
64.29113483428955,374.2806961388158,11.831417083740234,4.327754020690918,999.0,12.597523483019868,999.0,SAFE
64.3806803226471,374.34839894556546,12.364030838012695,4.3279218673706055,999.0,12.588817890554475,999.0,SAFE
64.46736693382263,374.4169903086295,12.909455299377441,4.329218864440918,999.0,12.580257583521158,999.0,SAFE
64.5533139705658,374.48668140441237,12.183659553527832,4.3307318687438965,999.0,12.57182740353538,999.0,SAFE
64.64230728149414,374.5572577377384,12.137740135192871,4.332284927368164,999.0,12.56342260648124,999.0,SAFE
64.7139003276825,374.6289161702473,12.440536499023438,4.333539962768555,999.0,12.555032656593724,999.0,SAFE
64.77432632446289,374.7014481000069,15.184680938720703,4.33388614654541,999.0,12.546785164210148,999.0,SAFE
64.83566522598267,374.7750744295995,12.620527267456055,4.333909511566162,999.0,12.538631592192587,999.0,SAFE
64.89406442642212,374.8495750379675,13.450697898864746,4.334061145782471,999.0,12.530554601228484,999.0,SAFE
64.95598483085632,374.92516480528184,14.634766578674316,4.33387565612793,999.0,12.522551685563117,999.0,SAFE
65.02221393585205,375.0016179842798,14.659132957458496,4.333956718444824,999.0,12.514620170570502,999.0,SAFE
65.10030364990234,375.07916100609884,14.157322883605957,4.333895206451416,999.0,12.506762011359678,999.0,SAFE
65.19067358970642,375.15756759793527,11.875996589660645,4.334003448486328,999.0,12.498973483853495,999.0,SAFE
65.26085805892944,375.2370570663549,14.209925651550293,4.3339524269104,999.0,12.491267198287373,999.0,SAFE
65.34224009513855,375.3174041810516,12.373602867126465,4.333985328674316,999.0,12.483639082686107,999.0,SAFE
65.43392539024353,375.3988286997873,12.777020454406738,4.333949089050293,999.0,12.476089243323408,999.0,SAFE
65.532146692276,375.4811098561486,13.722129821777344,4.333988666534424,999.0,12.468613114886798,999.0,SAFE
65.64946055412292,375.5644661809441,11.77588939666748,4.333957195281982,999.0,12.461221901024437,999.0,SAFE
65.73147821426392,375.6486673668191,13.493741989135742,4.33402156829834,999.0,12.453904983847313,999.0,SAFE
65.79990029335022,375.7339460556497,12.539776802062988,4.333950996398926,999.0,12.446673307594148,999.0,SAFE
65.86537265777588,375.8200671172958,15.059675216674805,4.333968162536621,999.0,12.43951160816119,999.0,SAFE
65.95178866386414,375.9072603502793,13.949528694152832,4.333956241607666,999.0,12.43242856534216,999.0,SAFE
66.0353856086731,375.9952892307285,13.138673782348633,4.333970069885254,999.0,12.425415925237978,999.0,SAFE
66.11813306808472,376.0843887651041,11.94765853881836,4.333950996398926,999.0,12.418482714010587,999.0,SAFE
66.2004988193512,376.17432162619394,12.319095611572266,4.333977222442627,999.0,12.411624641017706,999.0,SAFE
66.27373576164246,376.2653228610238,13.22228717803955,4.333958625793457,999.0,12.404840573832184,999.0,SAFE
66.34090089797974,376.3571534024017,12.427817344665527,4.3339996337890625,999.0,12.398126135789052,999.0,SAFE
66.40671372413635,376.45004186048396,13.73090648651123,4.3340044021606445,999.0,12.391485534887375,999.0,SAFE
66.48223972320557,376.5437565322943,12.780242919921875,4.334002494812012,999.0,12.384909229790718,999.0,SAFE
66.56403040885925,376.6385310829466,11.936177253723145,4.333986282348633,999.0,12.378407809490064,999.0,SAFE
66.64100956916809,376.7341265886169,13.871481895446777,4.334030628204346,999.0,12.37197358692493,999.0,SAFE
66.73080968856812,376.8307807135362,13.251823425292969,4.333984851837158,999.0,12.365607992960383,999.0,SAFE
66.81690955162048,376.9282520760772,12.215041160583496,4.333988189697266,999.0,12.359309291932455,999.0,SAFE
66.90394043922424,377.02676947711655,12.777033805847168,4.333980560302734,999.0,12.35307669617985,999.0,SAFE
66.99297404289246,377.1261050789405,13.62320613861084,4.334015846252441,999.0,12.3469123933961,999.0,SAFE
67.09895825386047,377.226490254695,12.464567184448242,4.33401346206665,999.0,12.340810796626634,999.0,SAFE
67.19528675079346,377.32768833741176,12.959051132202148,4.334025859832764,999.0,12.334776557476447,999.0,SAFE
67.25690078735352,377.42993341826457,12.959051132202148,4.333980560302734,999.0,12.328807298567995,999.0,SAFE
67.32651901245117,377.53298046110103,14.180246353149414,4.334036827087402,999.0,12.322896838091573,999.0,SAFE
67.39210677146912,377.637075647808,14.00761604309082,4.3339715003967285,999.0,12.317053104223643,999.0,SAFE
67.45879364013672,377.74196843158154,14.129395484924316,4.3339619636535645,999.0,12.311266504830616,999.0,SAFE
67.53889870643616,377.84790497113363,11.643388748168945,4.3339738845825195,999.0,12.30554597342161,999.0,SAFE
67.61204624176025,377.95463955892745,12.254267692565918,4.334011554718018,999.0,12.29988197151472,999.0,SAFE
67.70182251930237,378.0624144811737,12.814926147460938,4.334028720855713,999.0,12.294282457317312,999.0,SAFE
67.79039120674133,378.1709824165442,14.05455493927002,4.334036350250244,999.0,12.288739091475069,999.0,SAFE
67.88837933540344,378.28058336892053,12.617659568786621,4.333993434906006,999.0,12.283259403941676,999.0,SAFE
67.98452544212341,378.3909798675093,11.748147964477539,4.334061622619629,999.0,12.277834219345195,999.0,SAFE
68.08712768554688,378.5024040595061,11.996944427490234,4.333959579467773,999.0,12.272462679136856,999.0,SAFE
68.18049335479736,378.61462204547723,12.78785228729248,4.33403205871582,999.0,12.267148215320422,999.0,SAFE
68.25673055648804,378.72786435350463,11.842071533203125,4.334000587463379,999.0,12.261894277610336,999.0,SAFE
68.33861589431763,378.8418908876796,13.886058807373047,4.334083080291748,999.0,12.256698318304485,999.0,SAFE
68.42700505256653,378.95695202615354,12.042153358459473,4.334028720855713,999.0,12.251551791002075,999.0,SAFE
68.520827293396,379.07279185654613,11.89193058013916,4.334089756011963,999.0,12.24646069049641,999.0,SAFE
68.60271096229553,379.18964696484215,12.914254188537598,4.333995342254639,999.0,12.241423880801156,999.0,SAFE
68.69374370574951,379.3072861594259,13.558022499084473,4.334050178527832,999.0,12.236439066724015,999.0,SAFE
68.78559875488281,379.42593989682405,11.985980987548828,4.334030628204346,999.0,12.231506937173558,999.0,SAFE
68.87326002120972,379.5453747922802,14.402888298034668,4.33404016494751,999.0,12.226624670557618,999.0,SAFE
68.9695839881897,379.66582466481526,14.170267105102539,4.3339433670043945,999.0,12.221800179132666,999.0,SAFE
69.06099772453308,379.7870453007119,12.942144393920898,4.3340020179748535,999.0,12.217022848186842,999.0,SAFE
69.14196681976318,379.90928757942584,12.878193855285645,4.33402156829834,999.0,12.212299746894919,999.0,SAFE
69.23592519760132,380.03229632432556,13.808439254760742,4.334066867828369,999.0,12.207623869669593,999.0,SAFE
69.3214750289917,380.1563165284085,12.296360969543457,4.334012508392334,999.0,12.202993481850575,999.0,SAFE
69.41649007797241,380.2810986982369,12.509161949157715,4.334038734436035,999.0,12.19841402604572,999.0,SAFE
69.5337541103363,380.4068984070222,14.71778678894043,4.333996772766113,999.0,12.193884666898981,999.0,SAFE
69.60797214508057,380.53345594213596,12.519055366516113,4.334063529968262,999.0,12.189399148007809,999.0,SAFE
69.67371463775635,380.6610186213898,16.752458572387695,4.334672451019287,999.0,12.184963714525107,999.0,SAFE
69.74302625656128,380.789344040812,13.21304988861084,4.3361287117004395,999.0,12.180579264207767,999.0,SAFE
69.80363583564758,380.91867126813213,12.866399765014648,4.3372721672058105,999.0,12.176242055776264,999.0,SAFE
69.86689710617065,381.04874954175494,12.654276847839355,4.338172912597656,999.0,12.17224780343393,999.0,SAFE
69.93298482894897,381.179823850028,12.916984558105469,4.338565826416016,999.0,12.168428069307279,999.0,SAFE
70.01232361793518,381.311656931216,13.244722366333008,4.337977886199951,999.0,12.164567579034454,999.0,SAFE
