time_s,ego_speed_mps,ego_x,ego_y,ego_yaw,throttle,brake,steer,action,decision_reason
0.0024480819702148438,0.0,225.72586059570312,-364.1121826171875,-0.2099609524011612,0.5,0.0,-0.0027096783742308617,DRIVING,Path clear
0.012538671493530273,0.0025508618503261044,225.72586059570312,-364.1121826171875,-0.2099609524011612,0.5,0.0,-0.0027184931095689535,DRIVING,Path clear
0.07430648803710938,0.00032199342473715356,225.7258758544922,-364.1121826171875,-0.2099609524011612,0.5,0.0,-0.0027093649841845036,DRIVING,Path clear
0.09703397750854492,0.00591819201331858,225.72763061523438,-364.1121826171875,-0.2100525051355362,0.5,0.0,-0.0027123061008751392,DRIVING,Path clear
0.11147809028625488,0.16241900746100543,225.73292541503906,-364.1121826171875,-0.2085265964269638,0.5,0.0,-0.002773751737549901,DRIVING,Path clear
0.13843035697937012,0.2660323249055016,225.7445831298828,-364.1121826171875,-0.211639404296875,0.5,0.0,-0.002695750677958131,DRIVING,Path clear
0.16763043403625488,0.37963000914690476,225.7608184814453,-364.1123352050781,-0.19769287109375,0.5,0.0,-0.003133557504042983,DRIVING,Path clear
0.1991262435913086,0.49198075344591596,225.7842559814453,-364.11248779296875,-0.201507568359375,0.5,0.0,-0.0030024375300854445,DRIVING,Path clear
0.22335195541381836,0.6352763755141565,225.814453125,-364.11285400390625,-0.17877197265625,0.5,0.0,-0.0036868732422590256,DRIVING,Path clear
0.24818038940429688,0.8003318735274729,225.8518524169922,-364.1130065917969,-0.1819763034582138,0.5,0.0,-0.003594042267650366,DRIVING,Path clear
0.32428956031799316,0.9551251638605471,225.89703369140625,-364.1131286621094,-0.2004699558019638,0.5,0.0,-0.0030204327777028084,DRIVING,Path clear
0.35392141342163086,1.0821003498786672,225.9496307373047,-364.1134338378906,-0.21432490646839142,0.5,0.0,-0.0025528157129883766,DRIVING,Path clear
0.3781437873840332,1.2806916454894435,226.00933837890625,-364.11376953125,-0.2237853854894638,0.5,0.0,-0.002222302835434675,DRIVING,Path clear
0.4093129634857178,1.394997970653643,226.07672119140625,-364.1140441894531,-0.2439880073070526,0.5,0.0,-0.0015835262602195144,DRIVING,Path clear
0.4359109401702881,1.591895906256818,226.15182495117188,-364.1142883300781,-0.2676086127758026,0.5,0.0,-0.000840797321870923,DRIVING,Path clear
0.4584372043609619,1.7064507975594418,226.23483276367188,-364.1146545410156,-0.2731322944164276,0.5,0.0,-0.0006798518006689847,DRIVING,Path clear
0.4860858917236328,1.9198096123729689,226.32662963867188,-364.1151123046875,-0.27484130859375,0.5,0.0,-0.0006237581255845726,DRIVING,Path clear
0.5204355716705322,2.028702657256183,226.42587280273438,-364.1156921386719,-0.2762756049633026,0.5,0.0,-0.000555870879907161,DRIVING,Path clear
0.5653705596923828,2.227976802310888,226.53335571289062,-364.11627197265625,-0.277679443359375,0.5,0.0,-0.0005026691360399127,DRIVING,Path clear
0.6026301383972168,2.3364151548980177,226.64796447753906,-364.1168518066406,-0.2790221869945526,0.5,0.0,-0.0004572032776195556,DRIVING,Path clear
0.6191356182098389,2.5230358954194485,226.77044677734375,-364.1174011230469,-0.2803038954734802,0.5,0.0,-0.0004449571424629539,DRIVING,Path clear
0.6627025604248047,2.628940183483318,226.89968872070312,-364.1180419921875,-0.2824096381664276,0.5,0.0,-0.00038467743434011936,DRIVING,Path clear
0.6910688877105713,2.7504604066952063,227.03469848632812,-364.1188049316406,-0.2837524116039276,0.5,0.0,-0.0003202841035090387,DRIVING,Path clear
0.7250661849975586,2.8709267312125806,227.17581176757812,-364.1195983886719,-0.2848204970359802,0.5,0.0,-0.00026616977993398905,DRIVING,Path clear
0.7601265907287598,3.006807343889823,227.32337951660156,-364.1203308105469,-0.2857665717601776,0.5,0.0,-0.00024006105377338827,DRIVING,Path clear
0.7898736000061035,3.135146552758786,227.47756958007812,-364.1211242675781,-0.2866210639476776,0.5,0.0,-0.00021372504124883562,DRIVING,Path clear
0.814072847366333,3.2737501391124173,227.63848876953125,-364.1219177246094,-0.28744497895240784,0.5,0.0,-0.0001980708766495809,DRIVING,Path clear
0.8408136367797852,3.4031411451469893,227.8060760498047,-364.1226806640625,-0.2881774306297302,0.5,0.0,-0.00020021293312311172,DRIVING,Path clear
0.8613255023956299,3.5402317346965266,227.9803466796875,-364.1236572265625,-0.2889708876609802,0.5,0.0,-0.00015258797793649137,DRIVING,Path clear
0.8966765403747559,3.6684916683911766,228.1612091064453,-364.1246337890625,-0.28964224457740784,0.5,0.0,-0.0001238755212398246,DRIVING,Path clear
0.9190716743469238,3.8030345602153126,228.34866333007812,-364.1256103515625,-0.2901915907859802,0.5,0.0,-0.00010320576257072389,DRIVING,Path clear
0.9459841251373291,3.9289192066539247,228.54261779785156,-364.1265869140625,-0.2906798720359802,0.5,0.0,-9.052840323420241e-05,DRIVING,Path clear
0.980187177658081,4.0574795087719675,228.742919921875,-364.1275634765625,-0.29110708832740784,0.5,0.0,-9.415461681783199e-05,DRIVING,Path clear
1.0080742835998535,4.178675139152162,228.94943237304688,-364.1285705566406,-0.2915343940258026,0.5,0.0,-9.441841393709183e-05,DRIVING,Path clear
1.0355861186981201,4.301413382293555,229.16204833984375,-364.1297607421875,-0.2919616103172302,0.5,0.0,-5.375546243158169e-05,DRIVING,Path clear
1.0619089603424072,4.419145737576898,229.3806610107422,-364.1308898925781,-0.2922973036766052,0.5,0.0,-4.347849608166143e-05,DRIVING,Path clear
1.0907156467437744,4.535235555146392,229.60508728027344,-364.1320495605469,-0.2925414443016052,0.5,0.0,-3.7318994145607576e-05,DRIVING,Path clear
1.111135721206665,4.648857304251208,229.83526611328125,-364.13323974609375,-0.2927550673484802,0.5,0.0,-2.6007730411947705e-05,DRIVING,Path clear
1.140038013458252,4.760665563414248,230.07107543945312,-364.1343994140625,-0.29290762543678284,0.5,0.0,-3.335571091156453e-05,DRIVING,Path clear
1.165100336074829,4.87084989080334,230.3124237060547,-364.1355895996094,-0.2930602431297302,0.5,0.0,-4.1558749217074364e-05,DRIVING,Path clear
1.1904644966125488,4.979547972061572,230.55918884277344,-364.1368408203125,-0.29327383637428284,0.5,0.0,-4.089428693987429e-05,DRIVING,Path clear
1.2213358879089355,5.086532225929645,230.81138610839844,-364.13818359375,-0.2935180366039276,0.5,0.0,-2.5147215637844056e-05,DRIVING,Path clear
1.2486391067504883,5.100648227202826,231.0676727294922,-364.1395568847656,-0.29376220703125,0.5,0.0,-5.638410698338703e-07,DRIVING,Path clear
1.2762582302093506,5.074599878055318,231.32174682617188,-364.14093017578125,-0.2938232719898224,0.5,0.0,1.5112105756998062e-05,DRIVING,Path clear
1.3029379844665527,5.0278804736196525,231.57391357421875,-364.1423034667969,-0.293792724609375,0.5,0.0,2.9814564186381176e-05,DRIVING,Path clear
1.3329973220825195,5.051881161467293,231.825927734375,-364.1436767578125,-0.293670654296875,0.5,0.0,4.8467623855685815e-05,DRIVING,Path clear
1.3633387088775635,5.048822390904231,232.07835388183594,-364.14501953125,-0.2934875190258026,0.5,0.0,4.7965826524887234e-05,DRIVING,Path clear
1.3929328918457031,5.107726614212805,232.33248901367188,-364.1463928222656,-0.2932738959789276,0.5,0.0,5.527034591068514e-05,DRIVING,Path clear
1.4286293983459473,5.132822213730759,232.58859252929688,-364.14776611328125,-0.2929992377758026,0.5,0.0,6.181565549923107e-05,DRIVING,Path clear
1.4495034217834473,5.21265266017419,232.84759521484375,-364.1491394042969,-0.292694091796875,0.5,0.0,6.393934017978609e-05,DRIVING,Path clear
1.4818384647369385,5.253838882307355,233.10948181152344,-364.1505126953125,-0.2923583984375,0.5,0.0,5.5919605074450374e-05,DRIVING,Path clear
1.5081570148468018,5.3448800466676945,233.37489318847656,-364.15191650390625,-0.292022705078125,0.5,0.0,4.892774813924916e-05,DRIVING,Path clear
1.5372958183288574,5.394536093416226,233.6436309814453,-364.15325927734375,-0.2917175590991974,0.5,0.0,3.228198693250306e-05,DRIVING,Path clear
1.561849594116211,5.490991988326128,233.91622924804688,-364.1546325683594,-0.291473388671875,0.5,0.0,1.6956002582446672e-05,DRIVING,Path clear
1.5925402641296387,5.544766696369075,234.19239807128906,-364.156005859375,-0.2913207709789276,0.5,0.0,-6.600270808121422e-06,DRIVING,Path clear
1.6161506175994873,5.643412480712011,234.47259521484375,-364.1573791503906,-0.2912597358226776,0.5,0.0,-2.155329093511682e-05,DRIVING,Path clear
1.6418342590332031,5.698948768426478,234.7564239501953,-364.15875244140625,-0.29132080078125,0.5,0.0,-4.387670196592808e-05,DRIVING,Path clear
1.669370412826538,5.798044845977276,235.04437255859375,-364.16021728515625,-0.29150390625,0.5,0.0,-4.2868367017945275e-05,DRIVING,Path clear
1.6987578868865967,5.854089869040397,235.33590698242188,-364.1617736816406,-0.2917480170726776,0.5,0.0,-2.2601589080295525e-05,DRIVING,Path clear
1.731537103652954,5.952717746958317,235.631591796875,-364.1633605957031,-0.291961669921875,0.5,0.0,5.452224058899446e-07,DRIVING,Path clear
1.7561254501342773,6.008606435993283,235.930908203125,-364.1649169921875,-0.2920532524585724,0.5,0.0,8.321922905452084e-06,DRIVING,Path clear
1.7911403179168701,6.106293358464285,236.23426818847656,-364.1664733886719,-0.2920837104320526,0.5,0.0,3.3430194434913574e-06,DRIVING,Path clear
1.8211944103240967,6.161671543508504,236.54124450683594,-364.16802978515625,-0.2920837104320526,0.5,0.0,6.834343366790563e-07,DRIVING,Path clear
1.8600339889526367,6.25817130167677,236.8522186279297,-364.1695861816406,-0.2920532524585724,0.5,0.0,-1.3914712326368317e-05,DRIVING,Path clear
1.8830995559692383,6.31285728980648,237.16677856445312,-364.1711730957031,-0.2921142280101776,0.5,0.0,-2.183114702347666e-05,DRIVING,Path clear
1.9067230224609375,6.408046867588008,237.4852752685547,-364.1726989746094,-0.292205810546875,0.5,0.0,-4.67568970634602e-05,DRIVING,Path clear
1.9291565418243408,6.461937701442814,237.80726623535156,-364.17425537109375,-0.2924194037914276,0.5,0.0,-6.366345769492909e-05,DRIVING,Path clear
1.9575817584991455,6.555755707849917,238.1331787109375,-364.1759948730469,-0.292755126953125,0.5,0.0,-3.943881529266946e-05,DRIVING,Path clear
1.987070083618164,6.6088102921627225,238.46255493164062,-364.1777648925781,-0.2930907905101776,0.5,0.0,-1.1401242772990372e-05,DRIVING,Path clear
2.018289566040039,6.701229525090012,238.79576110839844,-364.1795349121094,-0.2933349609375,0.5,0.0,8.711253030924127e-06,DRIVING,Path clear
2.0550878047943115,6.753416912239635,239.1323699951172,-364.1812744140625,-0.2933960258960724,0.5,0.0,1.3284852684591897e-05,DRIVING,Path clear
2.151958703994751,6.844428499735945,239.47276306152344,-364.18304443359375,-0.2933960258960724,0.5,0.0,1.750813862599898e-05,DRIVING,Path clear
2.1687614917755127,6.895739575562618,239.81654357910156,-364.1847839355469,-0.293304443359375,0.5,0.0,2.971680487462436e-06,DRIVING,Path clear
2.189074993133545,6.985341376702408,240.16400146484375,-364.1865539550781,-0.293304443359375,0.5,0.0,-3.1343839168584964e-07,DRIVING,Path clear
2.226423978805542,7.035769532044858,240.51475524902344,-364.1883239746094,-0.293243408203125,0.5,0.0,-7.488846677006222e-06,DRIVING,Path clear
2.24886417388916,7.123971846006721,240.86917114257812,-364.1900634765625,-0.293243408203125,0.5,0.0,-3.1429604860022664e-05,DRIVING,Path clear
2.276158094406128,7.173516212724082,241.2268524169922,-364.19183349609375,-0.293365478515625,0.5,0.0,-3.952256156480871e-05,DRIVING,Path clear
2.3040363788604736,7.260323997410857,241.58811950683594,-364.1936950683594,-0.293609619140625,0.5,0.0,-2.933545329142362e-05,DRIVING,Path clear
2.328099489212036,7.30898692698457,241.9525909423828,-364.1956481933594,-0.293853759765625,0.5,0.0,4.329363946453668e-05,DRIVING,Path clear
2.352771520614624,7.394414586038913,242.32061767578125,-364.1976013183594,-0.293853759765625,0.5,0.0,0.0003326844598632306,DRIVING,Path clear
2.386897325515747,7.4421981910896475,242.69175720214844,-364.1995544433594,-0.29278564453125,0.5,0.0,0.00078056805068627,DRIVING,Path clear
2.402019500732422,7.526252406201332,243.06637573242188,-364.20135498046875,-0.2893371880054474,0.5,0.0,0.0013518466148525476,DRIVING,Path clear
2.431130886077881,7.57316257270896,243.444091796875,-364.2031555175781,-0.2825317084789276,0.5,0.0,0.0020027649588882923,DRIVING,Path clear
2.4624836444854736,7.655855768370139,243.8252410888672,-364.2048034667969,-0.271240234375,0.5,0.0,0.002752115949988365,DRIVING,Path clear
2.492354154586792,7.701893277707222,244.20941162109375,-364.2063293457031,-0.2548827826976776,0.5,0.0,0.0034901555627584457,DRIVING,Path clear
2.520350217819214,7.78323368653141,244.596923828125,-364.2076416015625,-0.2325744330883026,0.5,0.0,0.004282211419194937,DRIVING,Path clear
2.5476908683776855,7.828406373976629,244.98744201660156,-364.2087097167969,-0.2043762058019638,0.5,0.0,0.0050096651539206505,DRIVING,Path clear
2.5752575397491455,7.908405481565466,245.3812713623047,-364.20947265625,-0.1696472018957138,0.5,0.0,0.005768505856394768,DRIVING,Path clear
2.6058237552642822,7.9527203193950236,245.7779998779297,-364.20989990234375,-0.12890625,0.5,0.0,0.006440803408622742,DRIVING,Path clear
2.6375317573547363,8.031389144656712,246.17800903320312,-364.2099914550781,-0.081634521484375,0.5,0.0,0.007180508691817522,DRIVING,Path clear
2.6604206562042236,8.074854920730493,246.5808563232422,-364.2096862792969,-0.0285034142434597,0.5,0.0,0.0078088343143463135,DRIVING,Path clear
2.6883580684661865,8.152208693607367,246.98692321777344,-364.2088928222656,0.031091803684830666,0.5,0.0,0.008495103567838669,DRIVING,Path clear
2.7144289016723633,8.194830144090043,247.39581298828125,-364.20751953125,0.09630582481622696,0.5,0.0,0.009049072861671448,DRIVING,Path clear
2.7374227046966553,8.270882580722901,247.80784606933594,-364.20562744140625,0.1676541268825531,0.5,0.0,0.009686482138931751,DRIVING,Path clear
2.7684197425842285,8.312668841341258,248.22265625,-364.203125,0.24424432218074799,0.5,0.0,0.010189593769609928,DRIVING,Path clear
2.8414413928985596,8.387432791914849,248.6405029296875,-364.199951171875,0.32668089866638184,0.5,0.0,0.009759903885424137,DRIVING,Path clear
2.8521952629089355,8.428411910171993,249.0610809326172,-364.1961364746094,0.4106932282447815,0.5,0.0,0.009939257055521011,DRIVING,Path clear
2.879681348800659,8.501919244525874,249.4846954345703,-364.19171142578125,0.4961169958114624,0.5,0.0,0.010735612362623215,DRIVING,Path clear
2.903059720993042,8.54207142250969,249.9109649658203,-364.18658447265625,0.5847632884979248,0.5,0.0,0.011464405804872513,DRIVING,Path clear
2.926974296569824,8.614298008548586,250.3402099609375,-364.1806640625,0.6795758008956909,0.5,0.0,0.012269146740436554,DRIVING,Path clear
2.955355405807495,8.653632787525032,250.7720489501953,-364.1738586425781,0.7805283665657043,0.5,0.0,0.012889709323644638,DRIVING,Path clear
2.986990213394165,8.724606222738263,251.206787109375,-364.16619873046875,0.8886739015579224,0.5,0.0,0.013543810695409775,DRIVING,Path clear
3.019096612930298,8.763141506438524,251.6440887451172,-364.1575622558594,1.002724289894104,0.5,0.0,0.014010142534971237,DRIVING,Path clear
3.0458896160125732,8.832881954983222,252.08425903320312,-364.14788818359375,1.1231927871704102,0.5,0.0,0.014520326629281044,DRIVING,Path clear
3.0722060203552246,8.870632702913477,252.52688598632812,-364.1371765136719,1.2485079765319824,0.5,0.0,0.014859120361506939,DRIVING,Path clear
3.103398323059082,8.939153179695792,252.97232055664062,-364.12542724609375,1.379176139831543,0.5,0.0,0.015296616591513157,DRIVING,Path clear
3.137838125228882,8.976128233574194,253.42019653320312,-364.11248779296875,1.513785719871521,0.5,0.0,0.015582413412630558,DRIVING,Path clear
3.1591227054595947,9.04344486105874,253.87081909179688,-364.098388671875,1.6531063318252563,0.5,0.0,0.015964439138770103,DRIVING,Path clear
3.20373797416687,9.079653619975089,254.32382202148438,-364.08306884765625,1.7958195209503174,0.5,0.0,0.01619523949921131,DRIVING,Path clear
3.22808575630188,9.145783046420568,254.77947998046875,-364.0665283203125,1.9427587985992432,0.5,0.0,0.016571175307035446,DRIVING,Path clear
3.2530665397644043,9.181236124817799,255.23748779296875,-364.0486145019531,2.092775821685791,0.5,0.0,0.022225089371204376,DRIVING,Path clear
3.2770371437072754,9.24593681540806,255.69805908203125,-364.029052734375,2.2661688327789307,0.5,0.0,0.021905608475208282,DRIVING,Path clear
3.3031108379364014,9.28056654440533,256.1609191894531,-364.0076904296875,2.45767879486084,0.5,0.0,0.020851939916610718,DRIVING,Path clear
3.325249671936035,9.344330796509682,256.62628173828125,-363.9846496582031,2.654470443725586,0.5,0.0,0.019787302240729332,DRIVING,Path clear
3.351496696472168,9.37832463897342,257.0938720703125,-363.96002197265625,2.8475730419158936,0.5,0.0,0.018774405121803284,DRIVING,Path clear
3.3795886039733887,9.441015838987035,257.5639343261719,-363.9338684082031,3.0349698066711426,0.5,0.0,0.018181588500738144,DRIVING,Path clear
3.404825210571289,9.474301280986191,258.03619384765625,-363.9061584472656,3.215568780899048,0.5,0.0,0.017741026356816292,DRIVING,Path clear
3.4331305027008057,9.535861178447895,258.5108642578125,-363.876953125,3.39182186126709,0.5,0.0,0.017693543806672096,DRIVING,Path clear
3.457449197769165,9.568425849020928,258.98760986328125,-363.84619140625,3.564763069152832,0.5,0.0,0.017699310556054115,DRIVING,Path clear
3.4851536750793457,9.62885495416972,259.4667663574219,-363.8138732910156,3.737431049346924,0.5,0.0,0.01796036586165428,DRIVING,Path clear
3.508272647857666,9.660706942921276,259.9479675292969,-363.7799072265625,3.9104504585266113,0.5,0.0,0.023806214332580566,DRIVING,Path clear
3.5409998893737793,9.719722598073075,260.4314270019531,-363.7439880371094,4.106638431549072,0.5,0.0,0.023431090638041496,DRIVING,Path clear
3.5636179447174072,9.75079043865136,260.9168395996094,-363.7059020996094,4.32149076461792,0.5,0.0,0.022251764312386513,DRIVING,Path clear
3.5924532413482666,9.808977260746795,261.40447998046875,-363.6658020019531,4.5412983894348145,0.5,0.0,0.021084263920783997,DRIVING,Path clear
3.619102716445923,9.839476353589435,261.8940124511719,-363.6238708496094,4.756551265716553,0.5,0.0,0.019970523193478584,DRIVING,Path clear
3.649068832397461,9.896681873895503,262.3857421875,-363.5799865722656,4.964929580688477,0.5,0.0,0.01926666684448719,DRIVING,Path clear
3.671069383621216,9.926532293576416,262.8793640136719,-363.5343322753906,5.165244102478027,0.5,0.0,0.018777530640363693,DRIVING,Path clear
3.697118043899536,9.98268246599448,263.3751220703125,-363.48681640625,5.360085487365723,0.5,0.0,0.018671836704015732,DRIVING,Path clear
3.718731164932251,10.011866377096922,263.8726501464844,-363.4375305175781,5.550748348236084,0.5,0.0,0.01865893229842186,DRIVING,Path clear
3.75039005279541,10.066958290121717,264.3722839355469,-363.3863525390625,5.7404890060424805,0.5,0.0,0.024744264781475067,DRIVING,Path clear
3.7698726654052734,10.095222083785407,264.8736572265625,-363.3329162597656,5.9511332511901855,0.5,0.0,0.024157049134373665,DRIVING,Path clear
3.800839424133301,10.149096588313007,265.3769226074219,-363.2770690917969,6.182119846343994,0.5,0.0,0.02301088720560074,DRIVING,Path clear
3.8321728706359863,10.176961309384,265.88189697265625,-363.21905517578125,6.4165449142456055,0.5,0.0,0.021613694727420807,DRIVING,Path clear
3.8502509593963623,10.230023997112852,266.38873291015625,-363.1588439941406,6.64658260345459,0.5,0.0,0.020539896562695503,DRIVING,Path clear
3.8776464462280273,10.257324804265416,266.8972473144531,-363.0965881347656,6.867678642272949,0.5,0.0,0.01965721882879734,DRIVING,Path clear
3.9030683040618896,10.309431512378714,267.40765380859375,-363.03228759765625,7.080609321594238,0.5,0.0,0.019270170480012894,DRIVING,Path clear
3.9291927814483643,10.33612088269393,267.91961669921875,-362.9660339355469,7.28632926940918,0.5,0.0,0.019038919359445572,DRIVING,Path clear
3.9614193439483643,10.387231969261917,268.4334411621094,-362.8976745605469,7.488306522369385,0.5,0.0,0.01915617287158966,DRIVING,Path clear
3.980071544647217,10.413303946123166,268.94879150390625,-362.8273010253906,7.68812894821167,0.5,0.0,0.02525491639971733,DRIVING,Path clear
4.006349325180054,10.463064371993621,269.4658203125,-362.75445556640625,7.911346912384033,0.5,0.0,0.024738427251577377,DRIVING,Path clear
4.03366494178772,10.488434852003818,269.9842224121094,-362.6789855957031,8.154072761535645,0.5,0.0,0.023401465266942978,DRIVING,Path clear
4.1105897426605225,10.53755046303285,270.5043029785156,-362.6010437011719,8.401119232177734,0.5,0.0,0.022043047472834587,DRIVING,Path clear
4.123657703399658,10.562467410761263,271.0257873535156,-362.52081298828125,8.642122268676758,0.5,0.0,0.020792171359062195,DRIVING,Path clear
4.139099836349487,10.610759108796376,271.54888916015625,-362.4382629394531,8.8742036819458,0.5,0.0,0.01999436877667904,DRIVING,Path clear
4.1740710735321045,10.635125038292623,272.0733642578125,-362.353515625,9.09643268585205,0.5,0.0,0.019457973539829254,DRIVING,Path clear
4.198222875595093,10.682498179933392,272.5993957519531,-362.26654052734375,9.311619758605957,0.5,0.0,0.01934567280113697,DRIVING,Path clear
4.2255449295043945,10.706295256697956,273.12677001953125,-362.1774597167969,9.521705627441406,0.5,0.0,0.025376982986927032,DRIVING,Path clear
4.2528076171875,10.752356401291728,273.65557861328125,-362.0856628417969,9.753363609313965,0.5,0.0,0.024802278727293015,DRIVING,Path clear
4.279355525970459,10.775488409881177,274.185546875,-361.99114990234375,10.003652572631836,0.5,0.0,0.023432109504938126,DRIVING,Path clear
4.306134462356567,10.820972167724815,274.71685791015625,-361.89404296875,10.257511138916016,0.5,0.0,0.022069625556468964,DRIVING,Path clear
4.337769985198975,10.843685094519975,275.2493591308594,-361.79443359375,10.504815101623535,0.5,0.0,0.020804382860660553,DRIVING,Path clear
4.361835479736328,10.88840192193862,275.7831726074219,-361.69244384765625,10.74267292022705,0.5,0.0,0.02003130130469799,DRIVING,Path clear
4.388559103012085,10.910608433813408,276.3182067871094,-361.5881652832031,10.970388412475586,0.5,0.0,0.019534120336174965,DRIVING,Path clear
4.415013313293457,10.9544666352311,276.8545837402344,-361.48150634765625,11.190969467163086,0.5,0.0,0.019456343725323677,DRIVING,Path clear
4.440072298049927,10.97614450138019,277.3919982910156,-361.37255859375,11.406583786010742,0.5,0.0,0.025532154366374016,DRIVING,Path clear
4.4682958126068115,11.018727874476413,277.9306335449219,-361.2607727050781,11.644258499145508,0.5,0.0,0.024946441873908043,DRIVING,Path clear
4.49365496635437,11.039779529723642,278.4701843261719,-361.1461486816406,11.901103973388672,0.5,0.0,0.023559650406241417,DRIVING,Path clear
4.526843786239624,11.081857013580745,279.01080322265625,-361.02880859375,12.161588668823242,0.5,0.0,0.022169876843690872,DRIVING,Path clear
4.545068979263306,11.102530222639581,279.55242919921875,-360.9089050292969,12.415323257446289,0.5,0.0,0.020905708894133568,DRIVING,Path clear
4.569109678268433,11.143902417102902,280.0951232910156,-360.7864074707031,12.659284591674805,0.5,0.0,0.020113345235586166,DRIVING,Path clear
4.598649978637695,11.164110030997211,280.6387939453125,-360.6615295410156,12.89277458190918,0.5,0.0,0.019615143537521362,DRIVING,Path clear
4.620127201080322,11.20467913968112,281.1835021972656,-360.53411865234375,13.118793487548828,0.5,0.0,0.01952892169356346,DRIVING,Path clear
4.648110628128052,11.224395560362792,281.7291259765625,-360.4043273925781,13.33962345123291,0.5,0.0,0.025628598406910896,DRIVING,Path clear
4.672131538391113,11.263727813046541,282.2756652832031,-360.2716369628906,13.582656860351562,0.5,0.0,0.025052694603800774,DRIVING,Path clear
4.696939706802368,11.282859781496438,282.8228759765625,-360.13592529296875,13.84527587890625,0.5,0.0,0.023655906319618225,DRIVING,Path clear
4.726216554641724,11.32175081513592,283.3709411621094,-359.9974670410156,14.11159896850586,0.5,0.0,0.022246403619647026,DRIVING,Path clear
4.753096580505371,11.34054203768392,283.9197082519531,-359.8562927246094,14.37104320526123,0.5,0.0,0.020963219925761223,DRIVING,Path clear
4.781012773513794,11.378796517560387,284.4693908691406,-359.71246337890625,14.620336532592773,0.5,0.0,0.020164132118225098,DRIVING,Path clear
4.804510593414307,11.397157421601067,285.01971435546875,-359.5661315917969,14.858841896057129,0.5,0.0,0.019672082737088203,DRIVING,Path clear
4.828972578048706,11.43466013220569,285.57098388671875,-359.41717529296875,15.089601516723633,0.5,0.0,0.019594678655266762,DRIVING,Path clear
4.856212139129639,11.452565470198834,286.12286376953125,-359.2657775878906,15.31505012512207,0.5,0.0,0.025747012346982956,DRIVING,Path clear
4.886133909225464,11.488867478010603,286.6753845214844,-359.1113586425781,15.56304931640625,0.5,0.0,0.025171469897031784,DRIVING,Path clear
4.91198992729187,11.506227365180834,287.2283630371094,-358.9538879394531,15.831137657165527,0.5,0.0,0.023763960227370262,DRIVING,Path clear
4.938981294631958,11.54215341424034,287.7819519042969,-358.79351806640625,16.103025436401367,0.5,0.0,0.022328969091176987,DRIVING,Path clear
4.9644598960876465,11.559204309617884,288.3360595703125,-358.6303405761719,16.36789321899414,0.5,0.0,0.021031180396676064,DRIVING,Path clear
4.990140676498413,11.594548583255932,288.89080810546875,-358.4644470214844,16.62226676940918,0.5,0.0,0.0202284287661314,DRIVING,Path clear
5.016230821609497,11.61120840871056,289.4460144042969,-358.2959289550781,16.86557388305664,0.5,0.0,0.01972860097885132,DRIVING,Path clear
5.042389392852783,11.645854125975609,290.0018615722656,-358.124755859375,17.100797653198242,0.5,0.0,0.019663330167531967,DRIVING,Path clear
5.071037292480469,11.662094203833945,290.55810546875,-357.9510498046875,17.33061408996582,0.5,0.0,0.025842800736427307,DRIVING,Path clear
5.0947136878967285,11.695572999926904,291.11480712890625,-357.7742614746094,17.583179473876953,0.5,0.0,0.02526874467730522,DRIVING,Path clear
5.122070789337158,11.711301011368722,291.6717224121094,-357.5943298339844,17.856220245361328,0.5,0.0,0.023859938606619835,DRIVING,Path clear
5.148603439331055,11.74446883789817,292.22900390625,-357.4113464355469,18.133161544799805,0.5,0.0,0.02239157445728779,DRIVING,Path clear
5.1843109130859375,11.759920655358112,292.78656005859375,-357.2255859375,18.402915954589844,0.5,0.0,0.02108853869140148,DRIVING,Path clear
5.214061498641968,11.792561805697414,293.3445129394531,-357.0369873046875,18.66185760498047,0.5,0.0,0.02027082070708275,DRIVING,Path clear
5.242656707763672,11.807652325869896,293.9027099609375,-356.845703125,18.909448623657227,0.5,0.0,0.01978289522230625,DRIVING,Path clear
5.268377780914307,11.839644736918501,294.4613342285156,-356.6517028808594,19.148725509643555,0.5,0.0,0.025805385783314705,DRIVING,Path clear
5.297743558883667,11.854022203753518,295.0199890136719,-356.4546813964844,19.406450271606445,0.5,0.0,0.025036685168743134,DRIVING,Path clear
5.327575445175171,11.885104230882805,295.57879638671875,-356.2543640136719,19.683366775512695,0.5,0.0,0.023666227236390114,DRIVING,Path clear
5.353118896484375,11.89940601514845,296.1376647949219,-356.0511779785156,19.962026596069336,0.5,0.0,0.02215246483683586,DRIVING,Path clear
5.382537841796875,11.930107939959228,296.6967468261719,-355.84490966796875,20.233417510986328,0.5,0.0,0.02095925249159336,DRIVING,Path clear
5.405413627624512,11.944106960973437,297.255859375,-355.63592529296875,20.49315643310547,0.5,0.0,0.020104583352804184,DRIVING,Path clear
5.4304039478302,11.974247302563946,297.8152160644531,-355.42413330078125,20.74212646484375,0.5,0.0,0.01974503882229328,DRIVING,Path clear
5.458755254745483,11.987893912698038,298.3746337890625,-355.2096862792969,20.98244285583496,0.5,0.0,0.019646329805254936,DRIVING,Path clear
5.486349582672119,12.017404359708024,298.9342346191406,-354.9924621582031,21.218185424804688,0.5,0.0,0.025945665314793587,DRIVING,Path clear
5.510643482208252,12.030354796781374,299.49371337890625,-354.7721862792969,21.47622299194336,0.5,0.0,0.025318879634141922,DRIVING,Path clear
5.551599502563477,12.058988337188385,300.0530700683594,-354.5486755371094,21.756515502929688,0.5,0.0,0.023994790390133858,DRIVING,Path clear
5.574368238449097,12.071906153000903,300.6122131347656,-354.322021484375,22.040489196777344,0.5,0.0,0.02241910994052887,DRIVING,Path clear
5.602679967880249,12.100230571584431,301.1713562011719,-354.0923767089844,22.31785011291504,0.5,0.0,0.021168986335396767,DRIVING,Path clear
5.6406261920928955,12.112880763053987,301.7303466796875,-353.8599548339844,22.58346176147461,0.5,0.0,0.020258620381355286,DRIVING,Path clear
5.671727895736694,12.140696175656771,302.2893371582031,-353.62469482421875,22.837778091430664,0.5,0.0,0.019856218248605728,DRIVING,Path clear
5.706649541854858,12.153021596809154,302.84820556640625,-353.38671875,23.08289337158203,0.5,0.0,0.025815317407250404,DRIVING,Path clear
5.719344854354858,12.179776619224542,303.40679931640625,-353.1455078125,23.3476619720459,0.5,0.0,0.02510136365890503,DRIVING,Path clear
5.748154640197754,12.191686474370446,303.9649658203125,-352.901123046875,23.630895614624023,0.5,0.0,0.023657463490962982,DRIVING,Path clear
5.772857904434204,12.218274047864025,304.52288818359375,-352.65362548828125,23.91642189025879,0.5,0.0,0.022194301709532738,DRIVING,Path clear
5.799802541732788,12.229977027845617,305.08050537109375,-352.40325927734375,24.19382667541504,0.5,0.0,0.02094830945134163,DRIVING,Path clear
5.828142166137695,12.256159086815869,305.6379089355469,-352.1498718261719,24.459796905517578,0.5,0.0,0.02018279768526554,DRIVING,Path clear
5.854451656341553,12.267572263115401,306.1950378417969,-351.89373779296875,24.71430778503418,0.5,0.0,0.01976608857512474,DRIVING,Path clear
5.8810670375823975,12.293221158307595,306.751953125,-351.63482666015625,24.9605770111084,0.5,0.0,0.019764486700296402,DRIVING,Path clear
5.906980514526367,12.304301419352587,307.3085021972656,-351.3731994628906,25.201711654663086,0.5,0.0,0.026015501469373703,DRIVING,Path clear
5.933969259262085,12.328880593461761,307.8645935058594,-351.1083068847656,25.466598510742188,0.5,0.0,0.025439349934458733,DRIVING,Path clear
5.961073160171509,12.339534848879584,308.4200439453125,-350.8402404785156,25.75322914123535,0.5,0.0,0.024022961035370827,DRIVING,Path clear
5.983541011810303,12.364004796286826,308.9750061035156,-350.5689697265625,26.0440673828125,0.5,0.0,0.022503137588500977,DRIVING,Path clear
6.011519908905029,12.374471515726476,309.52947998046875,-350.2947998046875,26.327486038208008,0.5,0.0,0.02118082344532013,DRIVING,Path clear
6.038510322570801,12.398600885024285,310.0834655761719,-350.0177307128906,26.599287033081055,0.5,0.0,0.020352359861135483,DRIVING,Path clear
6.066683530807495,12.40879405330335,310.6369323730469,-349.73785400390625,26.85906982421875,0.5,0.0,0.019883807748556137,DRIVING,Path clear
6.098267078399658,12.432446862209158,311.1900329589844,-349.45513916015625,27.109912872314453,0.5,0.0,0.025943556800484657,DRIVING,Path clear
6.125551223754883,12.441985992294459,311.7423095703125,-349.16925048828125,27.37972640991211,0.5,0.0,0.025181874632835388,DRIVING,Path clear
6.1524999141693115,12.464857060314623,312.29388427734375,-348.8800964355469,27.66927146911621,0.5,0.0,0.023791074752807617,DRIVING,Path clear
6.181352615356445,12.474446532430715,312.8446960449219,-348.58782958984375,27.960792541503906,0.5,0.0,0.02224023826420307,DRIVING,Path clear
6.206806421279907,12.49713606552695,313.3948669433594,-348.29254150390625,28.2445068359375,0.5,0.0,0.02103353478014469,DRIVING,Path clear
6.23243260383606,12.50650896263674,313.9443359375,-347.99444580078125,28.516008377075195,0.5,0.0,0.020193297415971756,DRIVING,Path clear
6.260124921798706,12.528804922725735,314.49322509765625,-347.6935119628906,28.776063919067383,0.5,0.0,0.019855407997965813,DRIVING,Path clear
6.285784006118774,12.537909154221117,315.04144287109375,-347.3898010253906,29.027172088623047,0.5,0.0,0.025878390297293663,DRIVING,Path clear
6.313035249710083,12.559222451734618,315.58880615234375,-347.0828857421875,29.298620223999023,0.5,0.0,0.025201896205544472,DRIVING,Path clear
6.338129281997681,12.567964399997503,316.1351623535156,-346.77276611328125,29.58953857421875,0.5,0.0,0.023753706365823746,DRIVING,Path clear
6.366070985794067,12.589247120305274,316.6806640625,-346.45947265625,29.883134841918945,0.5,0.0,0.022270701825618744,DRIVING,Path clear
6.391331434249878,12.597847595715194,317.22528076171875,-346.1432800292969,30.168588638305664,0.5,0.0,0.020996229723095894,DRIVING,Path clear
6.422935485839844,12.618857959746629,317.76910400390625,-345.8242492675781,30.442153930664062,0.5,0.0,0.020219996571540833,DRIVING,Path clear
6.446495056152344,12.627224480226076,318.31207275390625,-345.5024108886719,30.70382308959961,0.5,0.0,0.019816862419247627,DRIVING,Path clear
6.476709365844727,12.647820966338548,318.8542785644531,-345.1777648925781,30.95686149597168,0.5,0.0,0.025911252945661545,DRIVING,Path clear
6.499185562133789,12.655566073891437,319.3954162597656,-344.85003662109375,31.229507446289062,0.5,0.0,0.025203194469213486,DRIVING,Path clear
6.528127670288086,12.67543042740933,319.9353942871094,-344.5190124511719,31.522563934326172,0.5,0.0,0.023813359439373016,DRIVING,Path clear
6.551284313201904,12.683275842744683,320.4742431640625,-344.1850280761719,31.818052291870117,0.5,0.0,0.022265763953328133,DRIVING,Path clear
6.579910516738892,12.703034995965469,321.0121765136719,-343.8480529785156,32.1058349609375,0.5,0.0,0.02106243185698986,DRIVING,Path clear
6.60942530632019,12.710702551997036,321.5490417480469,-343.5082702636719,32.38138961791992,0.5,0.0,0.020220765843987465,DRIVING,Path clear
6.635646343231201,12.73013394666676,322.08502197265625,-343.1656188964844,32.645347595214844,0.5,0.0,0.019874725490808487,DRIVING,Path clear
6.663004159927368,12.737572966918949,322.6199645996094,-342.8203125,32.90022277832031,0.5,0.0,0.025912614539265633,DRIVING,Path clear
6.69046950340271,12.756065677222416,323.1536865234375,-342.4718017578125,33.175472259521484,0.5,0.0,0.02522839792072773,DRIVING,Path clear
6.719120979309082,12.76317591715551,323.68603515625,-342.1201477050781,33.47041702270508,0.5,0.0,0.023784980177879333,DRIVING,Path clear
6.748818635940552,12.781706161408566,324.2171630859375,-341.7654113769531,33.7680549621582,0.5,0.0,0.022284915670752525,DRIVING,Path clear
6.774132966995239,12.788712408102397,324.7470703125,-341.40777587890625,34.05746078491211,0.5,0.0,0.021004797890782356,DRIVING,Path clear
6.809300899505615,12.807038125188226,325.2759094238281,-341.0473327636719,34.334739685058594,0.5,0.0,0.020231911912560463,DRIVING,Path clear
6.834743499755859,12.813845517680765,325.8035583496094,-340.6841735839844,34.59993362426758,0.5,0.0,0.019841987639665604,DRIVING,Path clear
6.864518165588379,12.831809281948676,326.33013916015625,-340.3182373046875,34.85636901855469,0.5,0.0,0.025947796180844307,DRIVING,Path clear
6.890125036239624,12.838019277338667,326.8552551269531,-339.94927978515625,35.13258743286133,0.5,0.0,0.025230128318071365,DRIVING,Path clear
6.913872003555298,12.855297241538187,327.37890625,-339.5771484375,35.42936325073242,0.5,0.0,0.023850837722420692,DRIVING,Path clear
6.941380500793457,12.861658256967335,327.9010925292969,-339.2021484375,35.728668212890625,0.5,0.0,0.02231096476316452,DRIVING,Path clear
6.964803457260132,12.87889397882614,328.42193603515625,-338.8241271972656,36.02027893066406,0.5,0.0,0.021082889288663864,DRIVING,Path clear
6.992299795150757,12.885103331466242,328.94146728515625,-338.443359375,36.299476623535156,0.5,0.0,0.0202416330575943,DRIVING,Path clear
7.021694183349609,12.902067104673757,329.4597473144531,-338.0597839355469,36.56684494018555,0.5,0.0,0.019882947206497192,DRIVING,Path clear
7.0494043827056885,12.908080965249926,329.97674560546875,-337.6736145019531,36.82490158081055,0.5,0.0,0.025931909680366516,DRIVING,Path clear
7.081532955169678,12.924139894389675,330.49212646484375,-337.28436279296875,37.10334777832031,0.5,0.0,0.02525545284152031,DRIVING,Path clear
7.110871076583862,12.929857857748765,331.00579833984375,-336.89208984375,37.40167999267578,0.5,0.0,0.023810889571905136,DRIVING,Path clear
7.138835906982422,12.946020998472237,331.51800537109375,-336.4969177246094,37.702754974365234,0.5,0.0,0.022333243861794472,DRIVING,Path clear
7.211437463760376,12.95166854384503,332.0286560058594,-336.09881591796875,37.99567794799805,0.0,1.0,0.0,EMERGENCY_BRAKE,FusedDist=12.0 TTC=0.93
7.226434230804443,12.933067686941161,332.5384216308594,-335.6996765136719,38.18723678588867,0.0,1.0,0.0,STOPPED,Waiting before lane change
7.261399269104004,12.78793176364791,333.0440673828125,-335.30291748046875,38.28103256225586,0.0,1.0,0.0,STOPPED,Waiting before lane change
7.301386117935181,12.558712752132848,333.5413513183594,-334.91162109375,38.32713317871094,0.0,1.0,0.0,STOPPED,Waiting before lane change
7.337553262710571,12.23636198948886,334.0269775390625,-334.5287780761719,38.34992218017578,0.0,1.0,0.0,STOPPED,Waiting before lane change
7.379747152328491,11.903329294859473,334.4992370605469,-334.1558532714844,38.36126708984375,0.0,1.0,0.0,STOPPED,Waiting before lane change
7.406650066375732,11.53615741981139,334.95758056640625,-333.7936706542969,38.36716079711914,0.0,1.0,0.0,STOPPED,Waiting before lane change
7.4361732006073,11.190357590471853,335.4017028808594,-333.4424133300781,38.36985778808594,0.0,1.0,0.0,STOPPED,Waiting before lane change
7.477362632751465,10.815777905370235,335.8316345214844,-333.10223388671875,38.37153625488281,0.0,1.0,0.0,STOPPED,Waiting before lane change
7.501302003860474,10.480089433129116,336.24774169921875,-332.77288818359375,38.372222900390625,0.0,1.0,0.0,STOPPED,Waiting before lane change
7.5312886238098145,10.11100294966519,336.6498107910156,-332.45452880859375,38.372711181640625,0.0,1.0,0.0,STOPPED,Waiting before lane change
7.565073490142822,9.789069042260765,337.03857421875,-332.1466979980469,38.372955322265625,0.0,1.0,0.0,STOPPED,Waiting before lane change
7.596451044082642,9.429054916310104,337.413818359375,-331.8496398925781,38.373085021972656,0.0,1.0,0.0,STOPPED,Waiting before lane change
7.63355565071106,9.120923570723141,337.7762145996094,-331.5627746582031,38.3731803894043,0.0,1.0,0.0,STOPPED,Waiting before lane change
7.674032926559448,8.770238027246625,338.1254577636719,-331.28619384765625,38.373260498046875,0.0,1.0,0.0,STOPPED,Waiting before lane change
7.72817850112915,8.475923966064686,338.4623107910156,-331.01947021484375,38.37331771850586,0.0,1.0,0.0,STOPPED,Waiting before lane change
7.770949363708496,8.134842205260139,338.78656005859375,-330.7627258300781,38.37336730957031,0.0,1.0,0.0,STOPPED,Waiting before lane change
7.805234432220459,7.854505446923962,339.0988464355469,-330.5155029296875,38.373409271240234,0.0,1.0,0.0,STOPPED,Waiting before lane change
7.873376131057739,7.523450871418788,339.39892578125,-330.27783203125,38.37345504760742,0.0,1.0,0.0,STOPPED,Waiting before lane change
7.898127794265747,7.25746830193354,339.68756103515625,-330.0492858886719,38.37349319458008,0.0,1.0,0.0,STOPPED,Waiting before lane change
7.930975914001465,6.937135969331192,339.9644775390625,-329.8299865722656,38.37351989746094,0.0,1.0,0.0,STOPPED,Waiting before lane change
7.9731316566467285,6.686169823904189,340.23046875,-329.6194152832031,38.37355041503906,0.0,1.0,0.0,STOPPED,Waiting before lane change
8.010963678359985,6.37786877372017,340.4853515625,-329.4176025390625,38.37359619140625,0.0,1.0,0.0,STOPPED,Waiting before lane change
8.049860954284668,5.0219528470536625,340.70318603515625,-329.2451171875,38.373626708984375,0.0,1.0,0.0,STOPPED,Waiting before lane change
8.080554008483887,3.6844329300437764,340.86846923828125,-329.1142883300781,38.373695373535156,0.0,1.0,0.0,STOPPED,Waiting before lane change
8.111397743225098,2.3407015715066715,340.98101806640625,-329.025146484375,38.37374496459961,0.0,1.0,0.0,STOPPED,Waiting before lane change
8.141913414001465,1.0068547830208836,341.0411376953125,-328.9775390625,38.3737678527832,0.0,1.0,0.0,STOPPED,Waiting before lane change
8.173764944076538,0.004283683246598433,341.053466796875,-328.96771240234375,38.37362289428711,0.0,1.0,0.0,STOPPED,Waiting before lane change
8.200177431106567,0.0007426930230136037,341.0536193847656,-328.9676208496094,38.373619079589844,0.0,1.0,0.0,STOPPED,Waiting before lane change
8.229218482971191,0.0007880121858725532,341.0538635253906,-328.9674072265625,38.373626708984375,0.0,1.0,0.0,STOPPED,Waiting before lane change
8.255535364151001,0.0006843538495913552,341.0541076660156,-328.96722412109375,38.373634338378906,0.0,1.0,0.0,STOPPED,Waiting before lane change
8.285315752029419,0.0005445713858881701,341.0542907714844,-328.9670715332031,38.37362289428711,0.0,1.0,0.0,STOPPED,Waiting before lane change
8.308094501495361,0.00041549192758750684,341.054443359375,-328.9669494628906,38.373626708984375,0.0,1.0,0.0,STOPPED,Waiting before lane change
8.336591958999634,0.00030898491961652214,341.0545654296875,-328.96685791015625,38.37362289428711,0.0,1.0,0.0,STOPPED,Waiting before lane change
8.35715365409851,0.00022627017819174355,341.05462646484375,-328.966796875,38.37362289428711,0.0,1.0,0.0,STOPPED,Waiting before lane change
8.399209260940552,0.00016390028227916285,341.0547180175781,-328.96673583984375,38.373626708984375,0.0,1.0,0.0,STOPPED,Waiting before lane change
8.418421268463135,0.0,341.0547180175781,-328.96673583984375,38.373626708984375,0.0,1.0,0.0,STOPPED,Waiting before lane change
8.442104578018188,0.0,341.0547180175781,-328.96673583984375,38.373626708984375,0.0,1.0,0.0,STOPPED,Waiting before lane change
8.46904706954956,0.0,341.0547180175781,-328.96673583984375,38.373626708984375,0.0,1.0,0.0,STOPPED,Waiting before lane change
8.495740413665771,0.0,341.0547180175781,-328.96673583984375,38.373626708984375,0.0,1.0,0.0,STOPPED,Waiting before lane change
8.523066759109497,0.0,341.0547180175781,-328.96673583984375,38.373626708984375,0.3499999940395355,0.0,-0.25,LANE_CHANGE,Steering around obstacle
8.553206443786621,0.0025200217270792604,341.0547180175781,-328.9667053222656,38.373626708984375,0.3499999940395355,0.0,-0.25,LANE_CHANGE,Steering around obstacle
8.580314874649048,0.0002947172810678272,341.05474853515625,-328.9667053222656,38.373634338378906,0.3499999940395355,0.0,-0.25,LANE_CHANGE,Steering around obstacle
8.611348390579224,0.008226237420684516,341.05615234375,-328.9658203125,38.365020751953125,0.3499999940395355,0.0,-0.25,LANE_CHANGE,Steering around obstacle
8.637068510055542,0.1011689527127811,341.05859375,-328.9644470214844,38.35108947753906,0.3499999940395355,0.0,-0.25,LANE_CHANGE,Steering around obstacle
8.66677212715149,0.17126831758582178,341.06317138671875,-328.9616394042969,38.321929931640625,0.3499999940395355,0.0,-0.25,LANE_CHANGE,Steering around obstacle
8.686701774597168,0.16563944944454062,341.0710754394531,-328.9569396972656,38.273681640625,0.3499999940395355,0.0,-0.25,LANE_CHANGE,Steering around obstacle
8.721380710601807,0.2840603897377557,341.08221435546875,-328.95013427734375,38.18600082397461,0.3499999940395355,0.0,-0.25,LANE_CHANGE,Steering around obstacle
8.750224590301514,0.4241028623610023,341.0973815917969,-328.9410400390625,38.09995651245117,0.3499999940395355,0.0,-0.25,LANE_CHANGE,Steering around obstacle
8.77807092666626,0.49020448210208206,341.1163635253906,-328.9295959472656,37.96486282348633,0.3499999940395355,0.0,-0.25,LANE_CHANGE,Steering around obstacle
8.814404726028442,0.6060822218288552,341.13983154296875,-328.91571044921875,37.80778121948242,0.3499999940395355,0.0,-0.25,LANE_CHANGE,Steering around obstacle
8.837067127227783,0.6431347432546154,341.16668701171875,-328.8997497558594,37.62480163574219,0.3499999940395355,0.0,-0.25,LANE_CHANGE,Steering around obstacle
8.8623046875,0.7542941314689671,341.1978454589844,-328.881591796875,37.40538024902344,0.3499999940395355,0.0,-0.25,LANE_CHANGE,Steering around obstacle
8.897222518920898,0.8639333405262445,341.2334289550781,-328.8610534667969,37.18263626098633,0.3499999940395355,0.0,-0.25,LANE_CHANGE,Steering around obstacle
8.932065486907959,0.9229666553369064,341.27239990234375,-328.8387145996094,36.941349029541016,0.3499999940395355,0.0,-0.25,LANE_CHANGE,Steering around obstacle
8.955124139785767,1.053834869575413,341.31573486328125,-328.81414794921875,36.67072677612305,0.3499999940395355,0.0,-0.25,LANE_CHANGE,Steering around obstacle
8.98188304901123,1.1460454058977252,341.3636169433594,-328.78729248046875,36.37446594238281,0.3499999940395355,0.0,-0.25,LANE_CHANGE,Steering around obstacle
9.013515710830688,1.2448038297442805,341.41510009765625,-328.75872802734375,36.049583435058594,0.3499999940395355,0.0,-0.25,LANE_CHANGE,Steering around obstacle
9.04331636428833,1.2972522691464539,341.4706115722656,-328.7283630371094,35.71173858642578,0.3499999940395355,0.0,-0.25,LANE_CHANGE,Steering around obstacle
9.07203221321106,1.4298328393663504,341.531005859375,-328.69580078125,35.35955047607422,0.3499999940395355,0.0,-0.25,LANE_CHANGE,Steering around obstacle
9.09810495376587,1.4864014252577893,341.5955505371094,-328.66156005859375,34.9953498840332,0.3499999940395355,0.0,-0.25,LANE_CHANGE,Steering around obstacle
9.127117395401001,1.6293411210301039,341.6646423339844,-328.6253967285156,34.58634567260742,0.3499999940395355,0.0,-0.25,LANE_CHANGE,Steering around obstacle
9.158140897750854,1.6686807092394855,341.7377624511719,-328.5877990722656,34.14619827270508,0.3499999940395355,0.0,-0.25,LANE_CHANGE,Steering around obstacle
9.18513822555542,1.819015209633302,341.81597900390625,-328.5483093261719,33.678287506103516,0.3499999940395355,0.0,-0.25,LANE_CHANGE,Steering around obstacle
9.21811032295227,1.8554457361208632,341.89813232421875,-328.5076599121094,33.189945220947266,0.3499999940395355,0.0,-0.25,LANE_CHANGE,Steering around obstacle
9.239843606948853,1.9986199841334027,341.9851379394531,-328.4655456542969,32.675819396972656,0.3499999940395355,0.0,-0.25,LANE_CHANGE,Steering around obstacle
9.316374778747559,2.0346591882856653,342.0760498046875,-328.4224548339844,32.14210891723633,0.3499999940395355,0.0,-0.25,LANE_CHANGE,Steering around obstacle
9.326919078826904,2.1714870088814195,342.1717224121094,-328.37823486328125,31.584049224853516,0.3499999940395355,0.0,-0.25,LANE_CHANGE,Steering around obstacle
9.346903562545776,2.208366052649061,342.271240234375,-328.33343505859375,31.0068416595459,0.3499999940395355,0.0,-0.25,LANE_CHANGE,Steering around obstacle
9.38528060913086,2.3385759526478935,342.37548828125,-328.28759765625,30.406665802001953,0.3499999940395355,0.0,-0.25,LANE_CHANGE,Steering around obstacle
9.432511329650879,2.3725521382224497,342.48345947265625,-328.2415466308594,29.787139892578125,0.3499999940395355,0.0,-0.25,LANE_CHANGE,Steering around obstacle
9.468981266021729,2.4661524182271126,342.5951232910156,-328.1953125,29.145994186401367,0.3499999940395355,0.0,-0.25,LANE_CHANGE,Steering around obstacle
9.498158693313599,2.5066980786032556,342.7100830078125,-328.14892578125,28.481510162353516,0.3499999940395355,0.0,-0.25,LANE_CHANGE,Steering around obstacle
9.522423505783081,2.6074212382231,342.8291320800781,-328.1025695800781,27.804391860961914,0.3499999940395355,0.0,-0.25,LANE_CHANGE,Steering around obstacle
9.546295404434204,2.6546817760388497,342.951904296875,-328.05633544921875,27.105031967163086,0.3499999940395355,0.0,-0.25,LANE_CHANGE,Steering around obstacle
9.573824167251587,2.754987798886399,343.0790100097656,-328.01031494140625,26.392744064331055,0.3499999940395355,0.0,-0.25,LANE_CHANGE,Steering around obstacle
9.60018014907837,2.8046321388839184,343.2099609375,-327.964599609375,25.65817642211914,0.3499999940395355,0.0,-0.25,LANE_CHANGE,Steering around obstacle
9.628923416137695,2.901860783794915,343.3451843261719,-327.9194030761719,24.910905838012695,0.3499999940395355,0.0,-0.25,LANE_CHANGE,Steering around obstacle
9.655808210372925,2.952429785609629,343.4842224121094,-327.8748474121094,24.141658782958984,0.3499999940395355,0.0,-0.25,LANE_CHANGE,Steering around obstacle
9.68106722831726,3.04559574909997,343.62750244140625,-327.8310852050781,23.36021614074707,0.3499999940395355,0.0,-0.25,LANE_CHANGE,Steering around obstacle
9.704066753387451,3.0966188082910477,343.7745361328125,-327.7882385253906,22.557212829589844,0.3499999940395355,0.0,-0.25,LANE_CHANGE,Steering around obstacle
9.731067657470703,3.1852286412526403,343.92572021484375,-327.74652099609375,21.742753982543945,0.3499999940395355,0.0,-0.25,LANE_CHANGE,Steering around obstacle
9.75171160697937,3.2364542242449246,344.0806884765625,-327.7060852050781,20.907299041748047,0.3499999940395355,0.0,-0.25,LANE_CHANGE,Steering around obstacle
9.777724266052246,3.3202837486978076,344.23968505859375,-327.66705322265625,20.061227798461914,0.3499999940395355,0.0,-0.25,LANE_CHANGE,Steering around obstacle
9.809129476547241,3.37292004327463,344.40228271484375,-327.62957763671875,19.194028854370117,0.3499999940395355,0.0,-0.25,LANE_CHANGE,Steering around obstacle
9.83304476737976,3.4426024747195987,344.5687561035156,-327.5938720703125,18.320775985717773,0.3499999940395355,0.0,-0.25,LANE_CHANGE,Steering around obstacle
9.859619855880737,3.4998065479850555,344.7384948730469,-327.56005859375,17.425867080688477,0.3499999940395355,0.0,-0.25,LANE_CHANGE,Steering around obstacle
9.885606527328491,3.5647256105250955,344.911865234375,-327.5283508300781,16.527189254760742,0.3499999940395355,0.0,-0.25,LANE_CHANGE,Steering around obstacle
9.911458730697632,3.6222437018703952,345.0886535644531,-327.4987487792969,15.604581832885742,0.3499999940395355,0.0,-0.25,LANE_CHANGE,Steering around obstacle
9.932256698608398,3.686701632653253,345.26898193359375,-327.4715881347656,14.67703628540039,0.3499999940395355,0.0,-0.25,LANE_CHANGE,Steering around obstacle
9.958127737045288,3.7429774353682896,345.45263671875,-327.44683837890625,13.726391792297363,0.3499999940395355,0.0,-0.25,LANE_CHANGE,Steering around obstacle
9.984100341796875,3.805993733696092,345.6396789550781,-327.4248046875,12.769769668579102,0.3499999940395355,0.0,-0.25,LANE_CHANGE,Steering around obstacle
10.011569023132324,3.860519635592928,345.8298645019531,-327.405517578125,11.791022300720215,0.3499999940395355,0.0,-0.25,LANE_CHANGE,Steering around obstacle
10.042255878448486,3.9218922530486027,346.0233459472656,-327.3892517089844,10.80576229095459,0.3499999940395355,0.0,-0.25,LANE_CHANGE,Steering around obstacle
10.064980745315552,3.9747011679656343,346.2198486328125,-327.37603759765625,9.79971981048584,0.3499999940395355,0.0,-0.25,LANE_CHANGE,Steering around obstacle
10.089683055877686,4.03435463329324,346.41937255859375,-327.3660888671875,8.786775588989258,0.3499999940395355,0.0,-0.25,LANE_CHANGE,Steering around obstacle
10.118587493896484,4.085536370592121,346.62176513671875,-327.35955810546875,7.754396915435791,0.3499999940395355,0.0,-0.25,LANE_CHANGE,Steering around obstacle
10.14627480506897,4.143411501739686,346.8269348144531,-327.35662841796875,6.714725017547607,0.3499999940395355,0.0,-0.25,LANE_CHANGE,Steering around obstacle
10.170079708099365,4.193085142986972,347.03485107421875,-327.3573303222656,5.656958103179932,0.3499999940395355,0.0,-0.25,LANE_CHANGE,Steering around obstacle
10.194451808929443,4.249122271281605,347.2453308105469,-327.3619384765625,4.591493606567383,0.3499999940395355,0.0,-0.25,LANE_CHANGE,Steering around obstacle
10.221210718154907,4.297428896963246,347.4582824707031,-327.3704528808594,3.5092549324035645,0.44999998807907104,0.0,0.0,STRAIGHTENING,Completing lane change
10.261188268661499,4.357952929439581,347.674560546875,-327.37603759765625,2.7687437534332275,0.44999998807907104,0.0,0.02500000037252903,STRAIGHTENING,Completing lane change
10.287197589874268,4.422007067150905,347.89410400390625,-327.3697509765625,2.6618804931640625,0.44999998807907104,0.0,0.05000000074505806,STRAIGHTENING,Completing lane change
10.310152053833008,4.502332755363224,348.1171875,-327.3569030761719,2.815700054168701,0.44999998807907104,0.0,0.07500000298023224,STRAIGHTENING,Completing lane change
10.336077690124512,4.586186724997142,348.34405517578125,-327.3393859863281,3.1147522926330566,0.44999998807907104,0.0,0.10000000149011612,STRAIGHTENING,Completing lane change
10.365336179733276,4.670218224001463,348.5746765136719,-327.3172912597656,3.540837526321411,0.44999998807907104,0.0,0.125,STRAIGHTENING,Completing lane change
10.396477222442627,4.753337255381185,348.8089904785156,-327.2902526855469,4.092460632324219,0.44999998807907104,0.0,0.15000000596046448,STRAIGHTENING,Completing lane change
10.421071767807007,4.834956116401962,349.0466003417969,-327.25775146484375,4.7711262702941895,0.44999998807907104,0.0,0.17499999701976776,STRAIGHTENING,Completing lane change
10.45219087600708,4.914768796776849,349.2872314453125,-327.21917724609375,5.578742980957031,0.44999998807907104,0.0,0.20000000298023224,STRAIGHTENING,Completing lane change
10.486198902130127,4.992591059270276,349.53057861328125,-327.1738586425781,6.51721715927124,0.44999998807907104,0.0,0.22499999403953552,STRAIGHTENING,Completing lane change
10.516314268112183,5.068121736575106,349.7762451171875,-327.12115478515625,7.589369297027588,0.44999998807907104,0.0,0.25,STRAIGHTENING,Completing lane change
10.541769027709961,5.1367190989722005,350.0235900878906,-327.0603942871094,8.800183296203613,0.44999998807907104,0.0,0.2750000059604645,STRAIGHTENING,Completing lane change
10.568252325057983,5.064030128150312,350.2684020996094,-326.9931945800781,10.126042366027832,0.44999998807907104,0.0,0.23270346224308014,STRAIGHTENING,Completing lane change
10.604326725006104,5.11592665480399,350.51080322265625,-326.9223937988281,11.394554138183594,0.44999998807907104,0.0,0.2579405605792999,STRAIGHTENING,Completing lane change
10.64411473274231,5.12679264414739,350.7547912597656,-326.8444519042969,12.646536827087402,0.44999998807907104,0.0,0.27519744634628296,STRAIGHTENING,Completing lane change
10.662125587463379,5.0837560307200835,350.9950256347656,-326.7619934082031,14.02540397644043,0.44999998807907104,0.0,0.2895396649837494,STRAIGHTENING,Completing lane change
10.692143201828003,5.069271137600411,351.2315673828125,-326.6731872558594,15.406009674072266,0.44999998807907104,0.0,0.30293288826942444,STRAIGHTENING,Completing lane change
10.712124347686768,5.0590000016939,351.46490478515625,-326.5780944824219,16.92020034790039,0.44999998807907104,0.0,0.31318122148513794,STRAIGHTENING,Completing lane change
10.739649057388306,5.071757480327643,351.6951904296875,-326.4754943847656,18.425674438476562,0.44999998807907104,0.0,0.32206669449806213,STRAIGHTENING,Completing lane change
10.76551866531372,5.084480563308526,351.9228820800781,-326.3659362792969,20.049772262573242,0.44999998807907104,0.0,0.3273264765739441,STRAIGHTENING,Completing lane change
10.79751181602478,5.115747766153134,352.14788818359375,-326.2484436035156,21.650114059448242,0.44999998807907104,0.0,0.3309730291366577,STRAIGHTENING,Completing lane change
10.823467254638672,5.1431767154881705,352.37054443359375,-326.1237487792969,23.349895477294922,0.44999998807907104,0.0,0.3306773602962494,STRAIGHTENING,Completing lane change
10.897972822189331,5.1863945037034505,352.5906982421875,-325.9910888671875,25.005735397338867,0.5,0.0,0.5977593064308167,DRIVING,Path clear
11.122071743011475,5.560290372337248,354.43865966796875,-324.4544982910156,40.99440383911133,0.5,0.0,0.1910729557275772,DRIVING,Path clear
11.146803855895996,5.642536232529199,354.62103271484375,-324.2440185546875,42.91276550292969,0.5,0.0,0.13678371906280518,DRIVING,Path clear
11.173130512237549,5.716177793546369,354.8092956542969,-324.03192138671875,44.28033447265625,0.5,0.0,0.09568575024604797,DRIVING,Path clear
11.200608730316162,5.7964472532641595,355.00201416015625,-323.8180236816406,45.13927459716797,0.5,0.0,0.07235982269048691,DRIVING,Path clear
11.226939678192139,5.865866623031351,355.19842529296875,-323.6023254394531,45.80176544189453,0.5,0.0,0.05609312281012535,DRIVING,Path clear
11.252763986587524,5.941479158523527,355.3973083496094,-323.3837890625,46.23735427856445,0.5,0.0,0.04764832556247711,DRIVING,Path clear
11.279747009277344,6.012638670649847,355.59869384765625,-323.16265869140625,46.640777587890625,0.5,0.0,0.040488820523023605,DRIVING,Path clear
11.308084726333618,6.087800030642471,355.8020324707031,-322.93817138671875,46.91582489013672,0.5,0.0,0.03766200318932533,DRIVING,Path clear
11.339067935943604,6.16055242934181,356.0075378417969,-322.7107238769531,47.21797561645508,0.5,0.0,0.03404521197080612,DRIVING,Path clear
11.36513876914978,6.235508606248406,356.2147216796875,-322.4797058105469,47.4299430847168,0.5,0.0,0.033403098583221436,DRIVING,Path clear
11.390933990478516,6.308413204473026,356.423828125,-322.2455749511719,47.69172668457031,0.5,0.0,0.0311585646122694,DRIVING,Path clear
11.41951847076416,6.382813898938138,356.6343688964844,-322.0078125,47.87881088256836,0.5,0.0,0.03131129965186119,DRIVING,Path clear
11.456209659576416,6.455284708422058,356.8468933105469,-321.7668151855469,48.12408447265625,0.5,0.0,0.029596449807286263,DRIVING,Path clear
11.482431888580322,6.52892344184515,357.06072998046875,-321.52215576171875,48.30109786987305,0.5,0.0,0.030055753886699677,DRIVING,Path clear
11.522938013076782,6.600615435648963,357.2764892578125,-321.2742614746094,48.53913116455078,0.5,0.0,0.028546130284667015,DRIVING,Path clear
11.55007004737854,6.6733085690370935,357.4934387207031,-321.0226745605469,48.7118034362793,0.5,0.0,0.029089447110891342,DRIVING,Path clear
11.581791400909424,6.744043830881863,357.71221923828125,-320.7679748535156,48.94596862792969,0.5,0.0,0.032403603196144104,DRIVING,Path clear
11.616266012191772,6.815517238468073,357.93194580078125,-320.5093994140625,49.130096435546875,0.5,0.0,0.03241206333041191,DRIVING,Path clear
11.640788078308105,6.885101880632198,358.1531677246094,-320.2474670410156,49.38577651977539,0.5,0.0,0.030025767162442207,DRIVING,Path clear
11.670670747756958,6.955771228560945,358.37542724609375,-319.9817810058594,49.57892990112305,0.5,0.0,0.029604386538267136,DRIVING,Path clear
11.696674823760986,7.0243178566000495,358.5992736816406,-319.712890625,49.828529357910156,0.5,0.0,0.027345240116119385,DRIVING,Path clear
11.727065324783325,7.093919735640717,358.82415771484375,-319.4404296875,50.01026153564453,0.5,0.0,0.02726922556757927,DRIVING,Path clear
11.754525661468506,7.161402869919122,359.0505676269531,-319.164794921875,50.24636459350586,0.5,0.0,0.02543252892792225,DRIVING,Path clear
11.780189990997314,7.229843095438444,359.2779846191406,-318.8855895996094,50.41633224487305,0.5,0.0,0.025727126747369766,DRIVING,Path clear
11.806528806686401,7.296245152426878,359.5069580078125,-318.6033020019531,50.64188003540039,0.5,0.0,0.02425132505595684,DRIVING,Path clear
11.836288213729858,7.363523371355946,359.73681640625,-318.31744384765625,50.80423355102539,0.5,0.0,0.024800846353173256,DRIVING,Path clear
11.86521053314209,7.428827863417008,359.96820068359375,-318.0285339355469,51.02357864379883,0.5,0.0,0.023538241162896156,DRIVING,Path clear
11.894067525863647,7.494967108483981,360.2004089355469,-317.7361145019531,51.182228088378906,0.5,0.0,0.02422582358121872,DRIVING,Path clear
11.921427726745605,7.559170486325338,360.4340515136719,-317.4406433105469,51.39849853515625,0.5,0.0,0.023078763857483864,DRIVING,Path clear
11.948200225830078,7.624194308999111,360.66845703125,-317.1416931152344,51.555850982666016,0.5,0.0,0.027865543961524963,DRIVING,Path clear
11.980042695999146,7.687106090360672,360.9039611816406,-316.83953857421875,51.783477783203125,0.5,0.0,0.02627413161098957,DRIVING,Path clear
12.010080814361572,7.751000287428884,361.1399841308594,-316.5337829589844,51.96324920654297,0.5,0.0,0.02615267038345337,DRIVING,Path clear
12.033043384552002,7.81293338085918,361.3771057128906,-316.2248840332031,52.20086669921875,0.5,0.0,0.024149304255843163,DRIVING,Path clear
12.062163829803467,7.875873134400645,361.6148376464844,-315.91253662109375,52.37773132324219,0.5,0.0,0.024097435176372528,DRIVING,Path clear
12.094154357910156,7.936765864466312,361.8536682128906,-315.59716796875,52.6056022644043,0.5,0.0,0.022428017109632492,DRIVING,Path clear
12.124897003173828,7.998606424321607,362.0931091308594,-315.2784423828125,52.77186965942383,0.5,0.0,0.022743694484233856,DRIVING,Path clear
12.148154258728027,8.058459357347203,362.3336486816406,-314.95672607421875,52.989356994628906,0.5,0.0,0.021462757140398026,DRIVING,Path clear
12.177449703216553,8.119187972196428,362.57476806640625,-314.63165283203125,53.14805603027344,0.5,0.0,0.022095132619142532,DRIVING,Path clear
12.212866067886353,8.177993907894532,362.8168640136719,-314.3036193847656,53.359703063964844,0.5,0.0,0.021045219153165817,DRIVING,Path clear
12.238518476486206,8.23763337347688,363.0594787597656,-313.9722595214844,53.515445709228516,0.5,0.0,0.021820735186338425,DRIVING,Path clear
12.26714563369751,8.295392103467167,363.30303955078125,-313.6379699707031,53.72511291503906,0.5,0.0,0.020890891551971436,DRIVING,Path clear
12.31650424003601,8.353976109697047,363.5470275878906,-313.30035400390625,53.88092041015625,0.5,0.0,0.025436867028474808,DRIVING,Path clear
12.35372543334961,8.410503111952048,363.7916564941406,-312.959716796875,54.10303497314453,0.5,0.0,0.024079950526356697,DRIVING,Path clear
12.39692997932434,8.468028164114807,364.03643798828125,-312.6156311035156,54.282344818115234,0.5,0.0,0.024046512320637703,DRIVING,Path clear
12.417178392410278,8.523619062260483,364.2818603515625,-312.2685546875,54.516021728515625,0.5,0.0,0.022261355072259903,DRIVING,Path clear
12.456169128417969,8.580248912955721,364.5274963378906,-311.9182434082031,54.693885803222656,0.5,0.0,0.022297793999314308,DRIVING,Path clear
12.49502682685852,8.634865986479284,364.7738342285156,-311.56500244140625,54.919010162353516,0.5,0.0,0.020826002582907677,DRIVING,Path clear
12.522069931030273,8.69046345118546,365.0203552246094,-311.20855712890625,55.087318420410156,0.5,0.0,0.021223213523626328,DRIVING,Path clear
12.554658651351929,8.744106453104562,365.267578125,-310.8492431640625,55.30307388305664,0.5,0.0,0.020131055265665054,DRIVING,Path clear
12.58756136894226,8.798662283680512,365.51495361328125,-310.48675537109375,55.46487808227539,0.5,0.0,0.020811237394809723,DRIVING,Path clear
12.617939472198486,8.851324376657294,365.7629089355469,-310.1214904785156,55.67593002319336,0.5,0.0,0.019950702786445618,DRIVING,Path clear
12.655970335006714,8.904864164545847,366.0109558105469,-309.7530212402344,55.83599853515625,0.5,0.0,0.02076822519302368,DRIVING,Path clear
12.677298545837402,8.956542261454903,366.259521484375,-309.38177490234375,56.04643630981445,0.5,0.0,0.023570207878947258,DRIVING,Path clear
12.722106695175171,9.00896189895549,366.5078430175781,-309.0072326660156,56.22010803222656,0.5,0.0,0.023928994312882423,DRIVING,Path clear
12.757245063781738,9.059544909051594,366.7564392089844,-308.6297912597656,56.45405960083008,0.5,0.0,0.02232389710843563,DRIVING,Path clear
12.780190229415894,9.111209104642596,367.00482177734375,-308.2491455078125,56.640811920166016,0.5,0.0,0.02224886789917946,DRIVING,Path clear
12.817901611328125,9.160881812525032,367.2535400390625,-307.8656921386719,56.87329864501953,0.5,0.0,0.02070675790309906,DRIVING,Path clear
12.849092245101929,9.211627424228546,367.5020751953125,-307.47918701171875,57.05256652832031,0.5,0.0,0.02092156745493412,DRIVING,Path clear
12.865974187850952,9.260398405118123,367.7508544921875,-307.08984375,57.274959564208984,0.5,0.0,0.019773708656430244,DRIVING,Path clear
12.913896322250366,9.31016416398787,367.99951171875,-306.6974792480469,57.44576644897461,0.5,0.0,0.020327646285295486,DRIVING,Path clear
12.93919563293457,9.358024200231577,368.2484436035156,-306.30242919921875,57.66124725341797,0.5,0.0,0.01950651966035366,DRIVING,Path clear
12.975106000900269,9.406830550402718,368.49713134765625,-305.90435791015625,57.82842254638672,0.5,0.0,0.02028776705265045,DRIVING,Path clear
13.026118993759155,9.45377257108893,368.7460021972656,-305.5035705566406,58.042152404785156,0.5,0.0,0.02310231514275074,DRIVING,Path clear
13.056349992752075,9.501510386333619,368.99432373046875,-305.0997009277344,58.22254943847656,0.5,0.0,0.023453256115317345,DRIVING,Path clear
13.085488319396973,9.547414173719293,369.2425231933594,-304.6930236816406,58.460147857666016,0.5,0.0,0.021944161504507065,DRIVING,Path clear
13.125669956207275,9.594459911846194,369.49017333984375,-304.28326416015625,58.654170989990234,0.5,0.0,0.021828623488545418,DRIVING,Path clear
13.15565800666809,9.639521344165441,369.73779296875,-303.8708190917969,58.89063262939453,0.5,0.0,0.020379556342959404,DRIVING,Path clear
13.186075925827026,9.685710577742796,369.9849548339844,-303.4554138183594,59.077144622802734,0.5,0.0,0.020571088418364525,DRIVING,Path clear
13.221828937530518,9.729935774168515,370.2320556640625,-303.0373840332031,59.303428649902344,0.5,0.0,0.019527388736605644,DRIVING,Path clear
13.284270763397217,9.7752099300583,370.4786682128906,-302.6164245605469,59.481449127197266,0.5,0.0,0.02007337287068367,DRIVING,Path clear
13.322586297988892,9.81858888119719,370.72515869140625,-302.1929016113281,59.700992584228516,0.5,0.0,0.019328799098730087,DRIVING,Path clear
13.356066465377808,9.86296652324461,370.9710998535156,-301.7664794921875,59.875648498535156,0.5,0.0,0.020074155181646347,DRIVING,Path clear
13.386717081069946,9.905490878882272,371.21685791015625,-301.3374938964844,60.09368896484375,0.5,0.0,0.022945649921894073,DRIVING,Path clear
13.417523860931396,9.948861786134358,371.46185302734375,-300.9055480957031,60.28196334838867,0.5,0.0,0.02329411171376705,DRIVING,Path clear
13.453199625015259,9.990402672369326,371.7063293457031,-300.4709167480469,60.52473449707031,0.5,0.0,0.02183978073298931,DRIVING,Path clear
13.506093263626099,10.03314715922672,371.9499816894531,-300.03338623046875,60.72746658325195,0.5,0.0,0.02169010043144226,DRIVING,Path clear
13.524718284606934,10.073915326536577,372.1932067871094,-299.5932312011719,60.96942138671875,0.5,0.0,0.020282195881009102,DRIVING,Path clear
13.554772853851318,10.115871137180097,372.4356689453125,-299.1502990722656,61.16450500488281,0.5,0.0,0.020432669669389725,DRIVING,Path clear
13.607486724853516,10.15587294852229,372.67767333984375,-298.7048645019531,61.3958854675293,0.5,0.0,0.019442243501544,DRIVING,Path clear
13.63333773612976,10.196975063538197,372.9189453125,-298.2566223144531,61.581966400146484,0.5,0.0,0.01996915228664875,DRIVING,Path clear
13.661353349685669,10.236196686262804,373.1597595214844,-297.805908203125,61.806304931640625,0.5,0.0,0.019301075488328934,DRIVING,Path clear
13.693071365356445,10.276464517532998,373.39971923828125,-297.3525085449219,61.98896408081055,0.5,0.0,0.023481806740164757,DRIVING,Path clear
13.721108198165894,10.314693049245088,373.63897705078125,-296.896484375,62.22465896606445,0.5,0.0,0.022477291524410248,DRIVING,Path clear
13.746301651000977,10.354139128128947,373.87713623046875,-296.43768310546875,62.43192672729492,0.5,0.0,0.022385256364941597,DRIVING,Path clear
13.775729417800903,10.391680998315103,374.11456298828125,-295.9763488769531,62.681190490722656,0.5,0.0,0.020928051322698593,DRIVING,Path clear
13.803796529769897,10.430473848968436,374.3508605957031,-295.5122985839844,62.88814926147461,0.5,0.0,0.020854374393820763,DRIVING,Path clear
13.83502745628357,10.467308412435367,374.58648681640625,-295.0458068847656,63.1290168762207,0.5,0.0,0.019709762185811996,DRIVING,Path clear
13.852981805801392,10.50532294065964,374.821044921875,-294.57666015625,63.32585525512695,0.5,0.0,0.020042402669787407,DRIVING,Path clear
13.880043745040894,10.541442030545026,375.05487060546875,-294.1051330566406,63.55705261230469,0.5,0.0,0.019294938072562218,DRIVING,Path clear
13.912665128707886,10.578663909181786,375.2876892089844,-293.63104248046875,63.74742126464844,0.5,0.0,0.019921567291021347,DRIVING,Path clear
13.938070297241211,10.614050509807175,375.5197448730469,-293.154541015625,63.97459411621094,0.5,0.0,0.02286420576274395,DRIVING,Path clear
13.963961124420166,10.650357181173911,375.7504577636719,-292.6753845214844,64.17730712890625,0.5,0.0,0.023122698068618774,DRIVING,Path clear
13.987935304641724,10.684870718060766,375.9801025390625,-292.19378662109375,64.42924499511719,0.5,0.0,0.02176607958972454,DRIVING,Path clear
14.021372079849243,10.720665529407427,376.2083435058594,-291.7095642089844,64.64654541015625,0.5,0.0,0.021518103778362274,DRIVING,Path clear
14.0539710521698,10.754530176061298,376.43560791015625,-291.2229919433594,64.89739227294922,0.5,0.0,0.020209964364767075,DRIVING,Path clear
14.078968286514282,10.789647354754734,376.66156005859375,-290.73388671875,65.10633087158203,0.5,0.0,0.020288679748773575,DRIVING,Path clear
14.105175256729126,10.822861386320644,376.8865661621094,-290.2424621582031,65.34593963623047,0.5,0.0,0.01942254602909088,DRIVING,Path clear
14.138213396072388,10.857240068735633,377.11029052734375,-289.74859619140625,65.54530334472656,0.5,0.0,0.01990702375769615,DRIVING,Path clear
14.162123441696167,10.88978483813594,377.33306884765625,-289.25250244140625,65.7777099609375,0.5,0.0,0.0193625595420599,DRIVING,Path clear
14.190736293792725,10.923438663627191,377.554443359375,-288.75396728515625,65.97376251220703,0.5,0.0,0.02350006438791752,DRIVING,Path clear
14.219182252883911,10.95508681120041,377.77459716796875,-288.25311279296875,66.2182846069336,0.5,0.0,0.022599520161747932,DRIVING,Path clear
14.265334606170654,10.988024133422886,377.9930114746094,-287.7497253417969,66.44026184082031,0.5,0.0,0.022390691563487053,DRIVING,Path clear
14.289555549621582,11.019109713974423,378.2101745605469,-287.2440490722656,66.69927215576172,0.5,0.0,0.020980730652809143,DRIVING,Path clear
14.325588703155518,11.051508341841606,378.42578125,-286.7359924316406,66.9206771850586,0.5,0.0,0.02082003466784954,DRIVING,Path clear
14.357067823410034,11.082005164305682,378.64019775390625,-286.2257080078125,67.17047882080078,0.5,0.0,0.019776368513703346,DRIVING,Path clear
14.382458448410034,11.113730447025214,378.85302734375,-285.7131042480469,67.38087463378906,0.5,0.0,0.020037824288010597,DRIVING,Path clear
14.414171934127808,11.14362029400625,379.0646667480469,-285.1983337402344,67.620361328125,0.5,0.0,0.019392846152186394,DRIVING,Path clear
14.441126108169556,11.174663081300679,379.2747497558594,-284.6812744140625,67.82379150390625,0.5,0.0,0.02342977561056614,DRIVING,Path clear
14.468270778656006,11.20370967176532,379.48333740234375,-284.1620178222656,68.07238006591797,0.5,0.0,0.02251514233648777,DRIVING,Path clear
14.495546340942383,11.234068660973808,379.6900634765625,-283.640380859375,68.29975891113281,0.5,0.0,0.022287871688604355,DRIVING,Path clear
14.5267915725708,11.262608012104954,379.8952941894531,-283.1166076660156,68.56160736083984,0.5,0.0,0.020928701385855675,DRIVING,Path clear
14.55347728729248,11.292466186560361,380.0987548828125,-282.5905456542969,68.78775787353516,0.5,0.0,0.02075836807489395,DRIVING,Path clear
14.583147048950195,11.320463037629265,380.3008117675781,-282.06243896484375,69.04014587402344,0.5,0.0,0.019770387560129166,DRIVING,Path clear
14.610890865325928,11.349692257622003,380.5011291503906,-281.5321044921875,69.2552490234375,0.5,0.0,0.02002379298210144,DRIVING,Path clear
14.641684770584106,11.377128116268791,380.6999816894531,-280.999755859375,69.4974136352539,0.5,0.0,0.019431473687291145,DRIVING,Path clear
14.667192459106445,11.405721394174648,380.8971252441406,-280.4652404785156,69.70573425292969,0.5,0.0,0.019992344081401825,DRIVING,Path clear
14.695069074630737,11.43257996352485,381.0928955078125,-279.9287414550781,69.94405364990234,0.5,0.0,0.023087453097105026,DRIVING,Path clear
14.727150678634644,11.460391341005693,381.2865295410156,-279.3900451660156,70.16553497314453,0.5,0.0,0.023242976516485214,DRIVING,Path clear
14.756768226623535,11.486513586237326,381.4783935546875,-278.8492736816406,70.43019104003906,0.5,0.0,0.021976115182042122,DRIVING,Path clear
14.788155555725098,11.513973054971139,381.6681823730469,-278.3063659667969,70.6672134399414,0.5,0.0,0.021593209356069565,DRIVING,Path clear
14.816847085952759,11.539609806932901,381.8563537597656,-277.761474609375,70.93074035644531,0.5,0.0,0.020378831773996353,DRIVING,Path clear
14.852252960205078,11.566545484931426,382.04254150390625,-277.2145080566406,71.15843200683594,0.5,0.0,0.02034769020974636,DRIVING,Path clear
14.87361478805542,11.591686953295248,382.22711181640625,-276.6656494140625,71.40960693359375,0.5,0.0,0.019601622596383095,DRIVING,Path clear
14.908127784729004,11.618026744947475,382.40972900390625,-276.11474609375,71.62670135498047,0.5,0.0,0.019997524097561836,DRIVING,Path clear
14.936723470687866,11.642644517827936,382.5906982421875,-275.5619812011719,71.86998748779297,0.5,0.0,0.023036692291498184,DRIVING,Path clear
14.96477222442627,11.668229562733178,382.7694091796875,-275.0071716308594,72.09690856933594,0.5,0.0,0.02313755825161934,DRIVING,Path clear
14.991257190704346,11.692164856189757,382.9461669921875,-274.4504089355469,72.3642807006836,0.5,0.0,0.02188860811293125,DRIVING,Path clear
15.019150257110596,11.717432241824397,383.1207275390625,-273.8916931152344,72.60527801513672,0.5,0.0,0.021522849798202515,DRIVING,Path clear
15.046851873397827,11.740922403921342,383.29345703125,-273.33111572265625,72.87083435058594,0.5,0.0,0.020356174558401108,DRIVING,Path clear
15.078593730926514,11.765701794111374,383.46405029296875,-272.76861572265625,73.10237884521484,0.5,0.0,0.020327409729361534,DRIVING,Path clear
15.10292387008667,11.788739260028828,383.6328430175781,-272.2043151855469,73.35572052001953,0.5,0.0,0.019634688273072243,DRIVING,Path clear
15.132126569747925,11.812966375869639,383.7995300292969,-271.6381530761719,73.57687377929688,0.5,0.0,0.020029127597808838,DRIVING,Path clear
15.163300275802612,11.835515780008873,383.96441650390625,-271.0702819824219,73.82266998291016,0.5,0.0,0.023115316405892372,DRIVING,Path clear
15.188965559005737,11.859023378921814,384.1268310546875,-270.5005187988281,74.05414581298828,0.5,0.0,0.023185215890407562,DRIVING,Path clear
15.224653244018555,11.8809304292584,384.287109375,-269.9289245605469,74.32461547851562,0.5,0.0,0.021960515528917313,DRIVING,Path clear
15.260955095291138,11.904164052783159,384.4449768066406,-269.35552978515625,74.57047271728516,0.5,0.0,0.021528685465455055,DRIVING,Path clear
15.289658546447754,11.925671783394053,384.6008605957031,-268.78045654296875,74.83900451660156,0.5,0.0,0.020383983850479126,DRIVING,Path clear
15.32421875,11.948461428020549,384.75439453125,-268.2035827636719,75.07496643066406,0.5,0.0,0.02031286247074604,DRIVING,Path clear
15.353383779525757,11.969552333530698,384.906005859375,-267.62506103515625,75.33079528808594,0.5,0.0,0.01964588277041912,DRIVING,Path clear
15.39071249961853,11.991823824604936,385.0553283691406,-267.0448303222656,75.55586242675781,0.5,0.0,0.020003709942102432,DRIVING,Path clear
15.433772563934326,12.012471254255399,385.20269775390625,-266.4629821777344,75.80377960205078,0.5,0.0,0.023128468543291092,DRIVING,Path clear
15.463932037353516,12.034054851748222,385.3475036621094,-265.87945556640625,76.03900909423828,0.5,0.0,0.02319173701107502,DRIVING,Path clear
15.493283033370972,12.05408880193095,385.4900207519531,-265.2942810058594,76.31181335449219,0.5,0.0,0.02200261875987053,DRIVING,Path clear
15.522475719451904,12.075443875704593,385.6300048828125,-264.7073974609375,76.561767578125,0.5,0.0,0.021557334810495377,DRIVING,Path clear
15.553376913070679,12.095114993511086,385.7677917480469,-264.11895751953125,76.8328628540039,0.5,0.0,0.020434577018022537,DRIVING,Path clear
15.578180074691772,12.116048118764684,385.9031677246094,-263.5289001464844,77.07295989990234,0.5,0.0,0.02035074308514595,DRIVING,Path clear
15.604685544967651,12.13532909890986,386.0364074707031,-262.9373474121094,77.3313980102539,0.5,0.0,0.01970207691192627,DRIVING,Path clear
15.637065172195435,12.155784239503056,386.1672668457031,-262.34423828125,77.56057739257812,0.5,0.0,0.023500319570302963,DRIVING,Path clear
15.663073539733887,12.174403618725504,386.2956848144531,-261.74957275390625,77.8249740600586,0.5,0.0,0.02267790585756302,DRIVING,Path clear
15.693204641342163,12.194352643163485,386.42144775390625,-261.15338134765625,78.07623291015625,0.5,0.0,0.022265641018748283,DRIVING,Path clear
15.725430011749268,12.21269046955831,386.5447998046875,-260.55572509765625,78.3526611328125,0.5,0.0,0.02102356031537056,DRIVING,Path clear
15.752026557922363,12.232328006311288,386.66552734375,-259.9565734863281,78.60108947753906,0.5,0.0,0.02069706656038761,DRIVING,Path clear
15.776283025741577,12.250326558449084,386.7840270996094,-259.35601806640625,78.86650085449219,0.5,0.0,0.019864635542035103,DRIVING,Path clear
15.804241180419922,12.2695335842846,386.9000244140625,-258.7539978027344,79.10226440429688,0.5,0.0,0.020024165511131287,DRIVING,Path clear
15.834681034088135,12.28715935163986,387.0137939453125,-258.1506042480469,79.35651397705078,0.5,0.0,0.019620288163423538,DRIVING,Path clear
15.860458612442017,12.305915480529785,387.1250305175781,-257.5458679199219,79.58505249023438,0.5,0.0,0.02354712411761284,DRIVING,Path clear
15.886486291885376,12.322893664088836,387.2337951660156,-256.9397277832031,79.84961700439453,0.5,0.0,0.022848157212138176,DRIVING,Path clear
15.921119689941406,12.341180390626466,387.3396911621094,-256.33221435546875,80.10420227050781,0.5,0.0,0.022432245314121246,DRIVING,Path clear
15.95810604095459,12.357908844980871,387.4430236816406,-255.723388671875,80.38373565673828,0.5,0.0,0.021179446950554848,DRIVING,Path clear
15.976072788238525,12.375929135658946,387.5437316894531,-255.1132049560547,80.63700866699219,0.5,0.0,0.020819570869207382,DRIVING,Path clear
16.00920557975769,12.392350073743222,387.6419982910156,-254.5017547607422,80.90593719482422,0.5,0.0,0.019972700625658035,DRIVING,Path clear
16.050522089004517,12.409976195300048,387.7376403808594,-253.88902282714844,81.14628601074219,0.5,0.0,0.020088665187358856,DRIVING,Path clear
16.081786394119263,12.426060855859054,387.8309020996094,-253.2750701904297,81.40351867675781,0.5,0.0,0.019680514931678772,DRIVING,Path clear
16.111204624176025,12.443273905876973,387.9215393066406,-252.65988159179688,81.6359634399414,0.5,0.0,0.02358502894639969,DRIVING,Path clear
16.13910675048828,12.458742313762452,388.0095520019531,-252.04348754882812,81.903076171875,0.5,0.0,0.022887535393238068,DRIVING,Path clear
16.17228603363037,12.47551490020115,388.09466552734375,-251.4258575439453,82.16130828857422,0.5,0.0,0.022464778274297714,DRIVING,Path clear
16.199493408203125,12.49077500114173,388.17706298828125,-250.80709838867188,82.44320678710938,0.5,0.0,0.021240677684545517,DRIVING,Path clear
16.226112127304077,12.507309640499765,388.2566223144531,-250.18716430664062,82.70010375976562,0.5,0.0,0.020848965272307396,DRIVING,Path clear
16.251482725143433,12.522291324412677,388.3336486816406,-249.56610107421875,82.9713134765625,0.5,0.0,0.019997328519821167,DRIVING,Path clear
16.28053903579712,12.53846437514771,388.4079895019531,-248.94393920898438,83.21501159667969,0.5,0.0,0.02010071650147438,DRIVING,Path clear
16.30653429031372,12.553136383630433,388.47979736328125,-248.32069396972656,83.47421264648438,0.5,0.0,0.023176655173301697,DRIVING,Path clear
16.332815408706665,12.56871755906142,388.5486145019531,-247.69638061523438,83.72394561767578,0.5,0.0,0.023090248927474022,DRIVING,Path clear
16.3634512424469,12.582903637370075,388.6147155761719,-247.07098388671875,84.00521850585938,0.5,0.0,0.021964648738503456,DRIVING,Path clear
16.393162965774536,12.598370621678601,388.6777648925781,-246.44456481933594,84.26759338378906,0.5,0.0,0.021430224180221558,DRIVING,Path clear
16.425113201141357,12.612321844300489,388.7381896972656,-245.817138671875,84.54573822021484,0.5,0.0,0.020393138751387596,DRIVING,Path clear
16.45172142982483,12.627498580123671,388.7958068847656,-245.18870544433594,84.79704284667969,0.5,0.0,0.020278241485357285,DRIVING,Path clear
16.483118057250977,12.64118004137689,388.85076904296875,-244.559326171875,85.06178283691406,0.5,0.0,0.019729910418391228,DRIVING,Path clear
16.51165223121643,12.65599757968819,388.9029541015625,-243.9290008544922,85.30183410644531,0.5,0.0,0.020036714151501656,DRIVING,Path clear
16.538066625595093,12.669377662894886,388.9526062011719,-243.29774475097656,85.55873107910156,0.5,0.0,0.023293189704418182,DRIVING,Path clear
16.564960956573486,12.683627629519949,388.9991455078125,-242.6655731201172,85.80950927734375,0.5,0.0,0.023267237469553947,DRIVING,Path clear
16.59584641456604,12.696538428079734,389.0427551269531,-242.0325164794922,86.09263610839844,0.5,0.0,0.02214977703988552,DRIVING,Path clear
16.62706685066223,12.71071462653968,389.0834045410156,-241.39857482910156,86.35890197753906,0.5,0.0,0.02178385481238365,DRIVING,Path clear
16.65256953239441,12.723408276139889,389.1212158203125,-240.76376342773438,86.64105224609375,0.5,0.0,0.02049296721816063,DRIVING,Path clear
16.68914484977722,12.737334461040048,389.1560363769531,-240.12814331054688,86.89724731445312,0.5,0.0,0.01952226832509041,DRIVING,Path clear
16.716622352600098,12.749857406076526,389.1883239746094,-239.49171447753906,87.16168975830078,0.5,0.0,0.017804475501179695,DRIVING,Path clear
16.745282649993896,12.76352124439444,389.21783447265625,-238.8544921875,87.3935775756836,0.5,0.0,0.019216444343328476,DRIVING,Path clear
16.77543544769287,12.775739857289434,389.244873046875,-238.216552734375,87.63916015625,0.5,0.0,0.01699407584965229,DRIVING,Path clear
16.800597190856934,12.78909006751375,389.269287109375,-237.57785034179688,87.858154296875,0.5,0.0,0.015194511041045189,DRIVING,Path clear
16.834068059921265,12.8012685048703,389.2914733886719,-236.9384307861328,88.07901000976562,0.5,0.0,0.012933366000652313,DRIVING,Path clear
16.862731218338013,12.81435852318501,389.3115234375,-236.2982940673828,88.26068878173828,0.5,0.0,0.011600476689636707,DRIVING,Path clear
16.89154314994812,12.82641361719352,389.329833984375,-235.657470703125,88.4395751953125,0.5,0.0,0.010054085403680801,DRIVING,Path clear
16.91752004623413,12.839151042758372,389.3463439941406,-235.01600646972656,88.58113861083984,0.5,0.0,0.009433229453861713,DRIVING,Path clear
16.949124574661255,12.851036564480127,389.3614501953125,-234.37388610839844,88.72510528564453,0.5,0.0,0.00995903555303812,DRIVING,Path clear
16.97772455215454,12.863404439706313,389.3748779296875,-233.73109436035156,88.84476470947266,0.5,0.0,0.009421239607036114,DRIVING,Path clear
17.00363326072693,12.8750576353129,389.3869934082031,-233.0876922607422,88.97769165039062,0.5,0.0,0.008219198323786259,DRIVING,Path clear
17.03283452987671,12.887179180044894,389.3976135253906,-232.4436492919922,89.08488464355469,0.5,0.0,0.007613257970660925,DRIVING,Path clear
17.063340663909912,12.898641689722519,389.40716552734375,-231.7989959716797,89.20027923583984,0.5,0.0,0.006554264575242996,DRIVING,Path clear
17.095466136932373,12.910475818943842,389.4154968261719,-231.15377807617188,89.28817749023438,0.5,0.0,0.006202368997037411,DRIVING,Path clear
17.127299547195435,12.921737467884633,389.42291259765625,-230.50794982910156,89.38449096679688,0.5,0.0,0.005411787424236536,DRIVING,Path clear
17.155781745910645,12.933284403801393,389.4293518066406,-229.86154174804688,89.45535278320312,0.5,0.0,0.00530195003375411,DRIVING,Path clear
17.182803630828857,12.944336315980465,389.4350280761719,-229.21458435058594,89.53694152832031,0.5,0.0,0.004702857229858637,DRIVING,Path clear
17.215654373168945,12.955602772484115,389.4398498535156,-228.56703186035156,89.5958251953125,0.5,0.0,0.004719174932688475,DRIVING,Path clear
17.250978708267212,12.966439813159594,389.4440002441406,-227.9189453125,89.66747283935547,0.5,0.0,0.004189189989119768,DRIVING,Path clear
17.272257804870605,12.97744428713622,389.44732666015625,-227.2703094482422,89.71820068359375,0.5,0.0,0.004220616538077593,DRIVING,Path clear
17.306644678115845,12.988059487049995,389.45013427734375,-226.62110900878906,89.7824935913086,0.5,0.0,0.003710459917783737,DRIVING,Path clear
17.341260194778442,12.998812265400638,389.45220947265625,-225.97140502929688,89.82672119140625,0.5,0.0,0.0037490325048565865,DRIVING,Path clear
17.368932485580444,13.009212948150337,389.4538269042969,-225.3211212158203,89.8846664428711,0.5,0.0,0.003246443346142769,DRIVING,Path clear
17.425467014312744,13.019715264305052,389.4548034667969,-224.67034912109375,89.92294311523438,0.5,0.0,0.0032951203174889088,DRIVING,Path clear
17.463570833206177,13.029895832726028,389.4553527832031,-224.01907348632812,89.97490692138672,0.5,0.0,0.0028091163840144873,DRIVING,Path clear
17.496798753738403,13.040159374510907,389.4553527832031,-223.36729431152344,90.007568359375,0.5,0.0,0.0028778843116015196,DRIVING,Path clear
17.53971552848816,13.05012930213968,389.4549865722656,-222.71495056152344,90.053955078125,0.5,0.0,0.0024264103267341852,DRIVING,Path clear
17.573227405548096,13.060154041727612,389.4541015625,-222.06211853027344,90.08148193359375,0.5,0.0,0.0025151807349175215,DRIVING,Path clear
17.606152057647705,13.069911916855093,389.4529113769531,-221.40879821777344,90.12287139892578,0.5,0.0,0.002094781957566738,DRIVING,Path clear
17.63945508003235,13.079710600402477,389.4513244628906,-220.75498962402344,90.1458740234375,0.5,0.0,0.0022144890390336514,DRIVING,Path clear
17.668142318725586,13.089262039718978,389.4494934082031,-220.10069274902344,90.18293762207031,0.5,0.0,0.0018288608407601714,DRIVING,Path clear
17.705226182937622,13.098831453463443,389.44720458984375,-219.44590759277344,90.20220184326172,0.5,0.0,0.001958808396011591,DRIVING,Path clear
17.741539001464844,13.108180974891757,389.44476318359375,-218.79074096679688,90.23558807373047,0.0,1.0,0.0,EMERGENCY_BRAKE,FusedDist=14.9 TTC=1.14
17.779655933380127,13.082429068634408,389.4420471191406,-218.13575744628906,90.24445343017578,0.0,1.0,0.0,STOPPED,Waiting before lane change
17.807315587997437,12.942418545613814,389.439453125,-217.48545837402344,90.26158142089844,0.0,1.0,0.0,STOPPED,Waiting before lane change
17.840424060821533,12.70171587102395,389.4366760253906,-216.84527587890625,90.2573013305664,0.0,1.0,0.0,STOPPED,Waiting before lane change
17.868109703063965,12.386565311637048,389.43402099609375,-216.21954345703125,90.2666015625,0.0,1.0,0.0,STOPPED,Waiting before lane change
17.90227699279785,12.041900364210576,389.4312438964844,-215.61062622070312,90.26133728027344,0.0,1.0,0.0,STOPPED,Waiting before lane change
17.929067373275757,11.683222645154904,389.4285583496094,-215.0193328857422,90.26847839355469,0.0,1.0,0.0,STOPPED,Waiting before lane change
17.959728240966797,11.318576361829617,389.4259033203125,-214.4461669921875,90.26148223876953,0.0,1.0,0.0,STOPPED,Waiting before lane change
17.99853491783142,10.952919977577224,389.4234313964844,-213.89126586914062,90.270263671875,0.0,1.0,0.0,STOPPED,Waiting before lane change
18.024019718170166,10.589632172403668,389.4208068847656,-213.35458374023438,90.25993347167969,0.0,1.0,0.0,STOPPED,Waiting before lane change
18.05146312713623,10.2332558305704,389.4185485839844,-212.83587646484375,90.27354431152344,0.0,1.0,0.0,STOPPED,Waiting before lane change
18.080076217651367,9.889928860481803,389.4161376953125,-212.33457946777344,90.2562026977539,0.0,1.0,0.0,STOPPED,Waiting before lane change
18.110914945602417,9.552655201639055,389.41400146484375,-211.85023498535156,90.27596282958984,0.0,1.0,0.0,STOPPED,Waiting before lane change
18.142072200775146,9.220182039536684,389.4117431640625,-211.38259887695312,90.25442504882812,0.0,1.0,0.0,STOPPED,Waiting before lane change
18.170183181762695,8.892921976846068,389.40972900390625,-210.9314422607422,90.27764892578125,0.0,1.0,0.0,STOPPED,Waiting before lane change
18.200079441070557,8.571107201362803,389.4075622558594,-210.49647521972656,90.2529067993164,0.0,1.0,0.0,STOPPED,Waiting before lane change
18.235249519348145,8.25494612905038,389.40576171875,-210.07742309570312,90.27913665771484,0.0,1.0,0.0,STOPPED,Waiting before lane change
18.259068250656128,7.944536427829216,389.40374755859375,-209.6739959716797,90.25162506103516,0.0,1.0,0.0,STOPPED,Waiting before lane change
18.285131454467773,7.640041837806446,389.4021911621094,-209.28591918945312,90.28038024902344,0.0,1.0,0.0,STOPPED,Waiting before lane change
18.31506586074829,7.341555979304852,389.4002380371094,-208.91287231445312,90.25056457519531,0.0,1.0,0.0,STOPPED,Waiting before lane change
18.343067407608032,7.049274361910112,389.3987731933594,-208.5545654296875,90.28142547607422,0.0,1.0,0.0,STOPPED,Waiting before lane change
18.369022369384766,6.763337467814924,389.39703369140625,-208.21067810058594,90.24966430664062,0.0,1.0,0.0,STOPPED,Waiting before lane change
18.399073839187622,6.483999336954543,389.3956604003906,-207.88092041015625,90.28227233886719,0.0,1.0,0.0,STOPPED,Waiting before lane change
18.425067901611328,5.8680662899378815,389.3939514160156,-207.5696258544922,90.24384307861328,0.0,1.0,0.0,STOPPED,Waiting before lane change
18.455000162124634,4.527807392717867,389.39276123046875,-207.31703186035156,90.23480224609375,0.0,1.0,0.0,STOPPED,Waiting before lane change
18.485048055648804,3.1789886512743077,389.3918762207031,-207.13145446777344,90.22978210449219,0.0,1.0,0.0,STOPPED,Waiting before lane change
18.513763189315796,1.8383451732317992,389.391357421875,-207.0130615234375,90.22737121582031,0.0,1.0,0.0,STOPPED,Waiting before lane change
18.542085647583008,0.5130676534638823,389.39111328125,-206.96124267578125,90.22657775878906,0.0,1.0,0.0,STOPPED,Waiting before lane change
18.574105739593506,0.0005318345208063104,389.39111328125,-206.9569854736328,90.22627258300781,0.0,1.0,0.0,STOPPED,Waiting before lane change
18.599117279052734,0.0007872453479349444,389.39111328125,-206.95672607421875,90.22626495361328,0.0,1.0,0.0,STOPPED,Waiting before lane change
18.631779670715332,0.0007550361186264595,389.3910827636719,-206.95640563964844,90.22628784179688,0.0,1.0,0.0,STOPPED,Waiting before lane change
18.659064769744873,0.0006285337626983455,389.3910827636719,-206.9561309814453,90.22628784179688,0.0,1.0,0.0,STOPPED,Waiting before lane change
18.68913221359253,0.0004904167492059808,389.3910827636719,-206.95591735839844,90.22628784179688,0.0,1.0,0.0,STOPPED,Waiting before lane change
18.725847244262695,0.00036970947544480594,389.3910827636719,-206.9557342529297,90.22628784179688,0.0,1.0,0.0,STOPPED,Waiting before lane change
18.74222755432129,0.00027390037412272785,389.3910827636719,-206.95559692382812,90.22630310058594,0.0,1.0,0.0,STOPPED,Waiting before lane change
18.771595239639282,0.00020107951835663185,389.3910827636719,-206.95550537109375,90.22628021240234,0.0,1.0,0.0,STOPPED,Waiting before lane change
18.801686763763428,0.0,389.3910827636719,-206.95550537109375,90.22628021240234,0.0,1.0,0.0,STOPPED,Waiting before lane change
18.830139636993408,0.0,389.3910827636719,-206.95550537109375,90.22628021240234,0.0,1.0,0.0,STOPPED,Waiting before lane change
18.863929271697998,0.0,389.3910827636719,-206.95550537109375,90.22628021240234,0.0,1.0,0.0,STOPPED,Waiting before lane change
18.8851637840271,0.0,389.3910827636719,-206.95550537109375,90.22628021240234,0.0,1.0,0.0,STOPPED,Waiting before lane change
18.91748833656311,0.0,389.3910827636719,-206.95550537109375,90.22628021240234,0.3499999940395355,0.0,-0.25,LANE_CHANGE,Steering around obstacle
18.943860054016113,0.0025200735054383165,389.3910827636719,-206.9554443359375,90.22628784179688,0.3499999940395355,0.0,-0.25,LANE_CHANGE,Steering around obstacle
18.983154296875,0.00029254128496305923,389.3910827636719,-206.9553985595703,90.22628784179688,0.3499999940395355,0.0,-0.25,LANE_CHANGE,Steering around obstacle
19.010218381881714,0.008239106071622248,389.391357421875,-206.95372009277344,90.21768188476562,0.3499999940395355,0.0,-0.25,LANE_CHANGE,Steering around obstacle
19.041656970977783,0.10396675023603623,389.39178466796875,-206.950927734375,90.20252990722656,0.3499999940395355,0.0,-0.25,LANE_CHANGE,Steering around obstacle
19.07086730003357,0.16153308757295534,389.3923645019531,-206.945556640625,90.16944122314453,0.3499999940395355,0.0,-0.25,LANE_CHANGE,Steering around obstacle
19.098132371902466,0.1998355229872385,389.3935852050781,-206.9363250732422,90.11570739746094,0.3499999940395355,0.0,-0.25,LANE_CHANGE,Steering around obstacle
19.12702250480652,0.32014942270791513,389.3951721191406,-206.92236328125,90.03424835205078,0.3499999940395355,0.0,-0.25,LANE_CHANGE,Steering around obstacle
19.155510425567627,0.408923549815411,389.3976135253906,-206.9036102294922,89.9336929321289,0.3499999940395355,0.0,-0.25,LANE_CHANGE,Steering around obstacle
19.18385910987854,0.47725964505879154,389.4005432128906,-206.88131713867188,89.81391906738281,0.3499999940395355,0.0,-0.25,LANE_CHANGE,Steering around obstacle
19.211498737335205,0.5645185556957423,389.4041748046875,-206.8539581298828,89.66851806640625,0.3499999940395355,0.0,-0.25,LANE_CHANGE,Steering around obstacle
19.243702173233032,0.7234280183804078,389.4086608886719,-206.82180786132812,89.50232696533203,0.3499999940395355,0.0,-0.25,LANE_CHANGE,Steering around obstacle
19.26994299888611,0.8082782255660351,389.4140625,-206.78472900390625,89.30760192871094,0.3499999940395355,0.0,-0.25,LANE_CHANGE,Steering around obstacle
19.301815271377563,0.8831078076715266,389.41998291015625,-206.742919921875,89.08251953125,0.3499999940395355,0.0,-0.25,LANE_CHANGE,Steering around obstacle
19.337464809417725,0.9588236247194538,389.4268798828125,-206.69664001464844,88.8344497680664,0.3499999940395355,0.0,-0.25,LANE_CHANGE,Steering around obstacle
19.372379541397095,1.0811601926507122,389.4344787597656,-206.6460723876953,88.57572937011719,0.3499999940395355,0.0,-0.25,LANE_CHANGE,Steering around obstacle
19.40143847465515,1.1161550646572254,389.4429626464844,-206.59185791015625,88.29940795898438,0.3499999940395355,0.0,-0.25,LANE_CHANGE,Steering around obstacle
19.436530828475952,1.2677500066881844,389.4525451660156,-206.53260803222656,87.98611450195312,0.3499999940395355,0.0,-0.25,LANE_CHANGE,Steering around obstacle
19.460729598999023,1.305989544325508,389.4630432128906,-206.4691619873047,87.64196014404297,0.3499999940395355,0.0,-0.25,LANE_CHANGE,Steering around obstacle
19.491575956344604,1.4653495622904364,389.4748840332031,-206.40032958984375,87.2654800415039,0.3499999940395355,0.0,-0.25,LANE_CHANGE,Steering around obstacle
19.51814889907837,1.5008519330501051,389.48785400390625,-206.3274383544922,86.86766815185547,0.3499999940395355,0.0,-0.25,LANE_CHANGE,Steering around obstacle
19.550870418548584,1.6519071949000403,389.5022888183594,-206.24951171875,86.44139099121094,0.3499999940395355,0.0,-0.25,LANE_CHANGE,Steering around obstacle
19.575711727142334,1.685639218681701,389.51806640625,-206.1677703857422,85.99607849121094,0.3499999940395355,0.0,-0.25,LANE_CHANGE,Steering around obstacle
19.608020067214966,1.8327644455772893,389.5355529785156,-206.08116149902344,85.5243148803711,0.3499999940395355,0.0,-0.25,LANE_CHANGE,Steering around obstacle
19.638110399246216,1.8674289941897206,389.554443359375,-205.99087524414062,85.03275299072266,0.3499999940395355,0.0,-0.25,LANE_CHANGE,Steering around obstacle
19.662495374679565,2.0093690149240033,389.5752258300781,-205.89585876464844,84.51577758789062,0.3499999940395355,0.0,-0.25,LANE_CHANGE,Steering around obstacle
19.69194793701172,2.0448885835489503,389.59765625,-205.79730224609375,83.97942352294922,0.3499999940395355,0.0,-0.25,LANE_CHANGE,Steering around obstacle
19.7155020236969,2.18109549364862,389.62213134765625,-205.6942596435547,83.41893005371094,0.3499999940395355,0.0,-0.25,LANE_CHANGE,Steering around obstacle
19.74504327774048,2.217883104914989,389.6484680175781,-205.5877685546875,82.8393325805664,0.3499999940395355,0.0,-0.25,LANE_CHANGE,Steering around obstacle
19.774366855621338,2.3475823633005466,389.6770324707031,-205.47706604003906,82.23686981201172,0.3499999940395355,0.0,-0.25,LANE_CHANGE,Steering around obstacle
19.80185317993164,2.3792233226763804,389.7076110839844,-205.36325073242188,81.61354064941406,0.3499999940395355,0.0,-0.25,LANE_CHANGE,Steering around obstacle
19.833065032958984,2.473483072201252,389.7402648925781,-205.24647521972656,80.97010803222656,0.3499999940395355,0.0,-0.25,LANE_CHANGE,Steering around obstacle
19.86363410949707,2.5145790803093804,389.7749938964844,-205.12709045410156,80.30377197265625,0.3499999940395355,0.0,-0.25,LANE_CHANGE,Steering around obstacle
19.89051389694214,2.615394052353926,389.812255859375,-205.00442504882812,79.62471008300781,0.3499999940395355,0.0,-0.25,LANE_CHANGE,Steering around obstacle
19.917991638183594,2.6628478796076642,389.8518981933594,-204.87892150878906,78.92344665527344,0.3499999940395355,0.0,-0.25,LANE_CHANGE,Steering around obstacle
19.943406343460083,2.7630274460184507,389.8944396972656,-204.75015258789062,78.20924377441406,0.3499999940395355,0.0,-0.25,LANE_CHANGE,Steering around obstacle
19.972068786621094,2.812744912865513,389.9396667480469,-204.61862182617188,77.47277069091797,0.3499999940395355,0.0,-0.25,LANE_CHANGE,Steering around obstacle
20.005064010620117,2.9097687419223686,389.9879150390625,-204.48402404785156,76.72356414794922,0.3499999940395355,0.0,-0.25,LANE_CHANGE,Steering around obstacle
20.029080867767334,2.9603713259750917,390.0389709472656,-204.34683227539062,75.95248413085938,0.3499999940395355,0.0,-0.25,LANE_CHANGE,Steering around obstacle
20.056070804595947,3.0532969095832527,390.09332275390625,-204.206787109375,75.1692123413086,0.3499999940395355,0.0,-0.25,LANE_CHANGE,Steering around obstacle
20.081976652145386,3.1043343818440494,390.15069580078125,-204.0643768310547,74.36441802978516,0.3499999940395355,0.0,-0.25,LANE_CHANGE,Steering around obstacle
20.111125946044922,3.192689585475941,390.2115173339844,-203.91937255859375,73.5481948852539,0.3499999940395355,0.0,-0.25,LANE_CHANGE,Steering around obstacle
20.138970851898193,3.243933059009607,390.2756652832031,-203.77224731445312,72.71099090576172,0.3499999940395355,0.0,-0.25,LANE_CHANGE,Steering around obstacle
20.167507648468018,3.327480902703514,390.3434753417969,-203.6228485107422,71.86327362060547,0.3499999940395355,0.0,-0.25,LANE_CHANGE,Steering around obstacle
20.194156646728516,3.380526653725373,390.414794921875,-203.47154235839844,70.99420166015625,0.3499999940395355,0.0,-0.25,LANE_CHANGE,Steering around obstacle
20.228555917739868,3.449159990995851,390.48980712890625,-203.31838989257812,70.11982727050781,0.3499999940395355,0.0,-0.25,LANE_CHANGE,Steering around obstacle
20.254687786102295,3.5064503953198893,390.5683898925781,-203.16372680664062,69.22344970703125,0.3499999940395355,0.0,-0.25,LANE_CHANGE,Steering around obstacle
20.28722047805786,3.571390159996625,390.65081787109375,-203.00755310058594,68.32321166992188,0.3499999940395355,0.0,-0.25,LANE_CHANGE,Steering around obstacle
20.310336351394653,3.628869781274304,390.7370910644531,-202.8500213623047,67.39909362792969,0.3499999940395355,0.0,-0.25,LANE_CHANGE,Steering around obstacle
20.345972299575806,3.6932657644643117,390.82745361328125,-202.69126892089844,66.4699935913086,0.3499999940395355,0.0,-0.25,LANE_CHANGE,Steering around obstacle
20.370553255081177,3.749451375306328,390.9217529296875,-202.53135681152344,65.51778411865234,0.3499999940395355,0.0,-0.25,LANE_CHANGE,Steering around obstacle
20.398414373397827,3.81238104633356,391.020263671875,-202.3704833984375,64.55962371826172,0.3499999940395355,0.0,-0.25,LANE_CHANGE,Steering around obstacle
20.431068420410156,3.866812304740826,391.1229553222656,-202.2088165283203,63.579345703125,0.3499999940395355,0.0,-0.25,LANE_CHANGE,Steering around obstacle
20.459465265274048,3.928092520811955,391.23004150390625,-202.04647827148438,62.592552185058594,0.3499999940395355,0.0,-0.25,LANE_CHANGE,Steering around obstacle
20.491946697235107,3.9808108539275446,391.34130859375,-201.8837127685547,61.58500671386719,0.3499999940395355,0.0,-0.25,LANE_CHANGE,Steering around obstacle
20.515048027038574,4.040368884126472,391.4571838378906,-201.7205810546875,60.570587158203125,0.3499999940395355,0.0,-0.25,LANE_CHANGE,Steering around obstacle
20.53945302963257,4.091466770458165,391.5773620605469,-201.55728149414062,59.53676986694336,0.3499999940395355,0.0,-0.25,LANE_CHANGE,Steering around obstacle
20.570200443267822,4.1492438776585345,391.7021789550781,-201.3939666748047,58.495662689208984,0.3499999940395355,0.0,-0.25,LANE_CHANGE,Steering around obstacle
20.597349405288696,4.198840100429172,391.83148193359375,-201.23085021972656,57.43656539916992,0.3499999940395355,0.0,-0.25,LANE_CHANGE,Steering around obstacle
20.627672910690308,4.25477466013207,391.9654846191406,-201.06809997558594,56.369720458984375,0.3499999940395355,0.0,-0.25,LANE_CHANGE,Steering around obstacle
20.649522066116333,4.303010856092287,392.1041259765625,-200.90589904785156,55.28619384765625,0.44999998807907104,0.0,0.0,STRAIGHTENING,Completing lane change
20.683616876602173,4.36342127827106,392.2425231933594,-200.7391815185547,54.54463577270508,0.44999998807907104,0.0,0.02500000037252903,STRAIGHTENING,Completing lane change
20.710570096969604,4.427356963309793,392.3736267089844,-200.56263732910156,54.43731689453125,0.44999998807907104,0.0,0.05000000074505806,STRAIGHTENING,Completing lane change
20.739799737930298,4.507574860069559,392.5016784667969,-200.37921142578125,54.591094970703125,0.44999998807907104,0.0,0.07500000298023224,STRAIGHTENING,Completing lane change
20.765272617340088,4.5913264573398616,392.62841796875,-200.18991088867188,54.8903694152832,0.44999998807907104,0.0,0.10000000149011612,STRAIGHTENING,Completing lane change
20.789128065109253,4.675272379288426,392.7539367675781,-199.99484252929688,55.316768646240234,0.44999998807907104,0.0,0.125,STRAIGHTENING,Completing lane change
20.814422369003296,4.758310586473752,392.8777770996094,-199.7938995361328,55.86884689331055,0.44999998807907104,0.0,0.15000000596046448,STRAIGHTENING,Completing lane change
20.84034299850464,4.839852226123371,392.9993591308594,-199.58692932128906,56.548065185546875,0.44999998807907104,0.0,0.17499999701976776,STRAIGHTENING,Completing lane change
20.8684139251709,4.919589885662168,393.1180419921875,-199.373779296875,57.356319427490234,0.44999998807907104,0.0,0.20000000298023224,STRAIGHTENING,Completing lane change
20.89464569091797,4.997336640992873,393.2331237792969,-199.15435791015625,58.29557800292969,0.44999998807907104,0.0,0.22499999403953552,STRAIGHTENING,Completing lane change
20.917232513427734,5.072793198239658,393.34375,-198.92857360839844,59.36857604980469,0.44999998807907104,0.0,0.25,STRAIGHTENING,Completing lane change
20.943161725997925,5.142779402533076,393.4491271972656,-198.69644165039062,60.58052444458008,0.44999998807907104,0.0,0.2750000059604645,STRAIGHTENING,Completing lane change
20.96845245361328,5.067162677456228,393.54803466796875,-198.46241760253906,61.90549850463867,0.44999998807907104,0.0,0.30000001192092896,STRAIGHTENING,Completing lane change
20.995078563690186,5.137094332476811,393.6396484375,-198.22637939453125,63.33234405517578,0.44999998807907104,0.0,0.32499998807907104,STRAIGHTENING,Completing lane change
21.02331042289734,5.109015684731458,393.7231140136719,-197.9855194091797,64.86976623535156,0.44999998807907104,0.0,0.3499999940395355,STRAIGHTENING,Completing lane change
21.049835443496704,5.061054780561947,393.79833984375,-197.7445831298828,66.51949310302734,0.44999998807907104,0.0,0.375,STRAIGHTENING,Completing lane change
21.080729961395264,5.2442898284830575,393.86383056640625,-197.49563598632812,68.32179260253906,0.44999998807907104,0.0,0.4000000059604645,STRAIGHTENING,Completing lane change
21.103132486343384,5.216178843590003,393.9195251464844,-197.24208068847656,70.23712158203125,0.44999998807907104,0.0,0.41076716780662537,STRAIGHTENING,Completing lane change
21.1289701461792,5.190569710490273,393.9658508300781,-196.9883575439453,72.20838928222656,0.44999998807907104,0.0,0.41107460856437683,STRAIGHTENING,Completing lane change
21.155457735061646,5.171516928608271,394.0035095214844,-196.73439025878906,74.30015563964844,0.44999998807907104,0.0,0.4057418704032898,STRAIGHTENING,Completing lane change
21.1850848197937,5.18335113415969,394.0317077636719,-196.47911071777344,76.33614349365234,0.44999998807907104,0.0,0.3968827724456787,STRAIGHTENING,Completing lane change
21.22058892250061,5.19484524437183,394.0516052246094,-196.2225341796875,78.41923522949219,0.44999998807907104,0.0,0.3830898106098175,STRAIGHTENING,Completing lane change
21.241143465042114,5.230393981566215,394.0628967285156,-195.96389770507812,80.39861297607422,0.44999998807907104,0.0,0.3665313720703125,STRAIGHTENING,Completing lane change
21.268720865249634,5.26087119649706,394.0668029785156,-195.703369140625,82.38744354248047,0.44999998807907104,0.0,0.3456384837627411,STRAIGHTENING,Completing lane change
21.297777891159058,5.310882450172593,394.0630798339844,-195.44052124023438,84.23766326904297,0.44999998807907104,0.0,0.3228806257247925,STRAIGHTENING,Completing lane change
21.32591938972473,5.352623956805905,394.05316162109375,-195.17544555664062,86.06562805175781,0.44999998807907104,0.0,0.2966027855873108,STRAIGHTENING,Completing lane change
21.353752613067627,5.410578866288582,394.036865234375,-194.90785217285156,87.72357940673828,0.44999998807907104,0.0,0.2696114480495453,STRAIGHTENING,Completing lane change
21.37961745262146,5.458439577798298,394.01556396484375,-194.63784790039062,89.3319320678711,0.44999998807907104,0.0,0.24008049070835114,STRAIGHTENING,Completing lane change
21.405192136764526,5.519653720209145,393.9891662597656,-194.36529541015625,90.74435424804688,0.44999998807907104,0.0,0.21114009618759155,STRAIGHTENING,Completing lane change
21.43346095085144,5.570227530602514,393.9591369628906,-194.09019470214844,92.08648681640625,0.44999998807907104,0.0,0.1807439774274826,STRAIGHTENING,Completing lane change
21.46290111541748,5.631408659174242,393.9252624511719,-193.81243896484375,93.21546936035156,0.44999998807907104,0.0,0.1522497832775116,STRAIGHTENING,Completing lane change
21.487868070602417,5.682551791884255,393.8891296386719,-193.53208923339844,94.26319885253906,0.44999998807907104,0.0,0.12330363690853119,STRAIGHTENING,Completing lane change
21.518569469451904,5.741640746837601,393.8504943847656,-193.2490997314453,95.09180450439453,0.44999998807907104,0.0,0.09745361655950546,STRAIGHTENING,Completing lane change
21.546576261520386,5.792252306471159,393.8107604980469,-192.96347045898438,95.8390884399414,0.44999998807907104,0.0,0.07192539423704147,STRAIGHTENING,Completing lane change
21.57298183441162,5.848322362823008,393.76971435546875,-192.6752166748047,96.3729019165039,0.44999998807907104,0.0,0.05042670667171478,STRAIGHTENING,Completing lane change
21.601235389709473,5.898064551774747,393.72869873046875,-192.38427734375,96.83649444580078,0.44999998807907104,0.0,0.029724974185228348,STRAIGHTENING,Completing lane change
21.630674123764038,5.951094715775684,393.6873474121094,-192.09071350097656,97.10374450683594,0.44999998807907104,0.0,0.013584757223725319,STRAIGHTENING,Completing lane change
21.663520336151123,6.000150878821972,393.64678955078125,-191.79446411132812,97.32199096679688,0.5,0.0,-0.0018449438503012061,DRIVING,Path clear
21.971821546554565,6.44084146366292,393.25506591796875,-189.02005004882812,98.10416412353516,0.5,0.0,-0.11869817227125168,DRIVING,Path clear
21.999600172042847,6.485461981876536,393.2129211425781,-188.6993865966797,97.9589614868164,0.5,0.0,-0.12329479306936264,DRIVING,Path clear
22.03257131576538,6.533151873935037,393.17828369140625,-188.3756866455078,97.37982177734375,0.5,0.0,-0.11164531111717224,DRIVING,Path clear
22.057600736618042,6.594149630654383,393.1491394042969,-188.04864501953125,96.72398376464844,0.5,0.0,-0.09619370847940445,DRIVING,Path clear
22.085124492645264,6.657018367599676,393.1230773925781,-187.7182159423828,96.00535583496094,0.5,0.0,-0.07790260016918182,DRIVING,Path clear
22.11612105369568,6.727163331936203,393.09967041015625,-187.38421630859375,95.41617584228516,0.5,0.0,-0.06329478323459625,DRIVING,Path clear
22.142505645751953,6.793447941212044,393.07745361328125,-187.0466766357422,94.85388946533203,0.5,0.0,-0.04924209043383598,DRIVING,Path clear
22.174126625061035,6.86428536593886,393.056640625,-186.70556640625,94.44486236572266,0.5,0.0,-0.03995535895228386,DRIVING,Path clear
22.20274519920349,6.931340314527025,393.03631591796875,-186.36097717285156,94.05488586425781,0.5,0.0,-0.031132694333791733,DRIVING,Path clear
22.231741666793823,7.001232811548328,393.01702880859375,-186.0128631591797,93.79408264160156,0.5,0.0,-0.026343170553445816,DRIVING,Path clear
22.259085655212402,7.068319269228774,392.9978942871094,-185.66134643554688,93.52519989013672,0.5,0.0,-0.021201981231570244,DRIVING,Path clear
22.289527654647827,7.13708826824851,392.9796142578125,-185.3063201904297,93.35807800292969,0.5,0.0,-0.019232597202062607,DRIVING,Path clear
22.318485021591187,7.203781975954514,392.96148681640625,-184.9479217529297,93.16036987304688,0.5,0.0,-0.01616278663277626,DRIVING,Path clear
22.348068475723267,7.271439839735748,392.944091796875,-184.5861358642578,93.04484558105469,0.5,0.0,-0.015632595866918564,DRIVING,Path clear
22.375703811645508,7.3374422329347375,392.9269104003906,-184.22097778320312,92.8851547241211,0.5,0.0,-0.01354855578392744,DRIVING,Path clear
22.40307068824768,7.404009288559535,392.91046142578125,-183.8524932861328,92.79643249511719,0.5,0.0,-0.013631802052259445,DRIVING,Path clear
22.432520389556885,7.469133340746593,392.8941650390625,-183.480712890625,92.65689849853516,0.5,0.0,-0.011957982555031776,DRIVING,Path clear
22.45767855644226,7.534612779840249,392.8786315917969,-183.10562133789062,92.58271789550781,0.5,0.0,-0.012260125018656254,DRIVING,Path clear
22.488776206970215,7.598763247136958,392.8631896972656,-182.727294921875,92.45532989501953,0.5,0.0,-0.010742368176579475,DRIVING,Path clear
22.518022775650024,7.663154276952818,392.8485107421875,-182.34567260742188,92.39059448242188,0.5,0.0,-0.01111365295946598,DRIVING,Path clear
22.57618236541748,7.726286884825775,392.8338928222656,-181.9609375,92.27218627929688,0.5,0.0,-0.009652686305344105,DRIVING,Path clear
22.604131937026978,7.789583462614162,392.8199768066406,-181.57298278808594,92.21507263183594,0.5,0.0,-0.010064941830933094,DRIVING,Path clear
22.63926601409912,7.851680166865438,392.8062438964844,-181.18186950683594,92.10456085205078,0.5,0.0,-0.008623581379652023,DRIVING,Path clear
22.663607835769653,7.913882747210015,392.7931213378906,-180.78762817382812,92.05447387695312,0.5,0.0,-0.00957602821290493,DRIVING,Path clear
22.69847059249878,7.974931775875434,392.7801208496094,-180.39035034179688,91.94992065429688,0.5,0.0,-0.008099607191979885,DRIVING,Path clear
22.734496593475342,8.036045292097402,392.7677917480469,-179.9899444580078,91.90361785888672,0.5,0.0,-0.008409433998167515,DRIVING,Path clear
22.764374256134033,8.096060575565149,392.7554931640625,-179.58653259277344,91.80519104003906,0.5,0.0,-0.006946797948330641,DRIVING,Path clear
22.80106234550476,8.15610014185273,392.7438049316406,-179.18011474609375,91.7660140991211,0.5,0.0,-0.007318940479308367,DRIVING,Path clear
22.839585542678833,8.215091351669907,392.7321472167969,-178.7706756591797,91.67597198486328,0.5,0.0,-0.005962446331977844,DRIVING,Path clear
22.86657691001892,8.274050782065094,392.7210998535156,-178.35829162597656,91.64434051513672,0.5,0.0,-0.006414713338017464,DRIVING,Path clear
22.904189586639404,8.33202444561168,392.7099914550781,-177.94296264648438,91.56212615966797,0.5,0.0,-0.005175088997930288,DRIVING,Path clear
22.947319984436035,8.389915943457966,392.6994934082031,-177.52476501464844,91.53697967529297,0.5,0.0,-0.005695008672773838,DRIVING,Path clear
22.973172903060913,8.446881459081604,392.6889343261719,-177.10366821289062,91.46136474609375,0.5,0.0,-0.004528272897005081,DRIVING,Path clear
23.02496647834778,8.503719960253573,392.67889404296875,-176.67974853515625,91.44154357910156,0.5,0.0,-0.005099305417388678,DRIVING,Path clear
23.03692936897278,8.559682439021671,392.6687927246094,-176.2530059814453,91.37141418457031,0.5,0.0,-0.003990230616182089,DRIVING,Path clear
23.0789155960083,8.615482284432977,392.6591796875,-175.82345581054688,91.35598754882812,0.5,0.0,-0.004596649669110775,DRIVING,Path clear
23.11107301712036,8.670450470652202,392.64947509765625,-175.39114379882812,91.29058074951172,0.5,0.0,-0.003534813644364476,DRIVING,Path clear
23.134363174438477,8.725227605756753,392.6402587890625,-174.95606994628906,91.2787857055664,0.5,0.0,-0.004153531976044178,DRIVING,Path clear
23.16409707069397,8.779209453227722,392.6310119628906,-174.51828002929688,91.21747589111328,0.5,0.0,-0.003114282386377454,DRIVING,Path clear
23.189711809158325,8.832977699652602,392.6221923828125,-174.07777404785156,91.20893096923828,0.5,0.0,-0.003734877100214362,DRIVING,Path clear
23.219321727752686,8.885983768277697,392.61328125,-173.63462829589844,91.15150451660156,0.5,0.0,-0.002731839893385768,DRIVING,Path clear
23.247531175613403,8.938755821455919,392.6048278808594,-173.18882751464844,91.1459732055664,0.5,0.0,-0.003354637650772929,DRIVING,Path clear
23.275115728378296,8.99079960796655,392.5962829589844,-172.74038696289062,91.09211730957031,0.5,0.0,-0.002379178535193205,DRIVING,Path clear
23.308143854141235,9.042588855301364,392.5881042480469,-172.2893524169922,91.0893783569336,0.5,0.0,-0.003023206489160657,DRIVING,Path clear
23.338561534881592,9.09367868397539,392.579833984375,-171.83578491210938,91.03882598876953,0.5,0.0,-0.0020804270170629025,DRIVING,Path clear
23.366780281066895,9.144498587231007,392.572021484375,-171.37962341308594,91.03850555419922,0.5,0.0,-0.002710225060582161,DRIVING,Path clear
23.393759965896606,9.194648570782567,392.56402587890625,-170.92095947265625,90.99100494384766,0.5,0.0,-0.0017932291375473142,DRIVING,Path clear
23.421943426132202,9.244512379621188,392.556396484375,-170.45980834960938,90.99301147460938,0.5,0.0,-0.0024498889688402414,DRIVING,Path clear
23.443732738494873,9.2937325295521,392.5486145019531,-169.99612426757812,90.94829559326172,0.5,0.0,-0.0015632127178832889,DRIVING,Path clear
23.48238492012024,9.342651775378311,392.5412292480469,-169.53001403808594,90.95216369628906,0.5,0.0,-0.00221413210965693,DRIVING,Path clear
23.50711488723755,9.390953225799832,392.5336608886719,-169.0614776611328,90.90995025634766,0.5,0.0,-0.0013614731142297387,DRIVING,Path clear
23.543309926986694,9.438945388319356,392.5264892578125,-168.59056091308594,90.91549682617188,0.5,0.0,-0.002007676288485527,DRIVING,Path clear
23.572867155075073,9.486340589177527,392.5191345214844,-168.11724853515625,90.87548065185547,0.5,0.0,-0.0011679038871079683,DRIVING,Path clear
23.601109266281128,9.533416307008492,392.51214599609375,-167.6415557861328,90.88249206542969,0.5,0.0,-0.0018152766861021519,DRIVING,Path clear
23.631232261657715,9.579916156716203,392.5050048828125,-167.16354370117188,90.84456634521484,0.5,0.0,-0.0009857626864686608,DRIVING,Path clear
23.660069227218628,9.626091347054395,392.4981994628906,-166.68321228027344,90.85302734375,0.5,0.0,-0.001634629094041884,DRIVING,Path clear
23.68801736831665,9.671708729484301,392.4911193847656,-166.2006072998047,90.81707000732422,0.5,0.0,-0.0008478257223032415,DRIVING,Path clear
23.71521544456482,9.716994221190442,392.484375,-165.7156982421875,90.82672119140625,0.5,0.0,-0.0015080212615430355,DRIVING,Path clear
23.743794918060303,9.761742799675712,392.47747802734375,-165.22854614257812,90.79247283935547,0.5,0.0,-0.0007321637822315097,DRIVING,Path clear
23.776809215545654,9.806153833623759,392.47088623046875,-164.7391815185547,90.802978515625,0.5,0.0,-0.0013812518445774913,DRIVING,Path clear
23.807490587234497,9.850041635329676,392.4640808105469,-164.24761962890625,90.77019500732422,0.5,0.0,-0.0006206061807461083,DRIVING,Path clear
23.848074913024902,9.893591527127974,392.4576416015625,-163.75384521484375,90.781494140625,0.5,0.0,-0.0012513315305113792,DRIVING,Path clear
23.865241765975952,9.93663387642271,392.4510192871094,-163.25791931152344,90.75017547607422,0.5,0.0,-0.0004947935813106596,DRIVING,Path clear
23.8926842212677,9.979334556197818,392.44464111328125,-162.7598419189453,90.76235961914062,0.5,0.0,-0.0011341985082253814,DRIVING,Path clear
23.922796726226807,10.02154407268506,392.43804931640625,-162.2596435546875,90.73249053955078,0.5,0.0,-0.0004109999572392553,DRIVING,Path clear
23.947811365127563,10.063411264395866,392.431640625,-161.75735473632812,90.7453842163086,0.5,0.0,-0.0010710165370255709,DRIVING,Path clear
23.981877326965332,10.10480076416142,392.4252014160156,-161.25296020507812,90.7166519165039,0.5,0.0,-0.00034196965862065554,DRIVING,Path clear
24.01214575767517,10.14584518725117,392.41900634765625,-160.7465362548828,90.72991943359375,0.5,0.0,-0.0009594810544513166,DRIVING,Path clear
24.04538059234619,10.186425279412365,392.41259765625,-160.23805236816406,90.70235443115234,0.5,0.0,-0.000255124265095219,DRIVING,Path clear
24.072086811065674,10.226661463831304,392.40643310546875,-159.72756958007812,90.71621704101562,0.5,0.0,-0.0008843101095408201,DRIVING,Path clear
24.09814977645874,10.266445741502586,392.4000244140625,-159.215087890625,90.68973541259766,0.5,0.0,-0.0002077687968267128,DRIVING,Path clear
24.12988543510437,10.305884051605652,392.39385986328125,-158.7006378173828,90.7040023803711,0.5,0.0,-0.0008366710972040892,DRIVING,Path clear
24.160564184188843,10.34488254362465,392.3875732421875,-158.18421936035156,90.67837524414062,0.5,0.0,-0.00015189101395662874,DRIVING,Path clear
24.186039924621582,10.383540883435536,392.3816223144531,-157.66586303710938,90.69287109375,0.5,0.0,-0.0007405926589854062,DRIVING,Path clear
24.215170860290527,10.421769530754172,392.37542724609375,-157.14556884765625,90.66825866699219,0.5,0.0,-6.477387069026008e-05,DRIVING,Path clear
24.248714923858643,10.459657074566595,392.36944580078125,-156.62338256835938,90.68328857421875,0.5,0.0,-0.0006695842021144927,DRIVING,Path clear
24.282673358917236,10.497128835442156,392.36328125,-156.09930419921875,90.65975952148438,0.5,0.0,-1.668685581535101e-05,DRIVING,Path clear
24.31107187271118,10.534257757212707,392.3572998046875,-155.5733642578125,90.6751480102539,0.5,0.0,-0.0006261458620429039,DRIVING,Path clear
24.336973190307617,10.570980708843157,392.35107421875,-155.0456085205078,90.65245056152344,0.5,0.0,-4.969106612406904e-06,DRIVING,Path clear
24.364080667495728,10.607367393080876,392.34515380859375,-154.51600646972656,90.66793060302734,0.5,0.0,-0.0005932896165177226,DRIVING,Path clear
24.392700672149658,10.64335596443601,392.33892822265625,-153.98458862304688,90.64582824707031,0.5,0.0,1.5310295566450804e-05,DRIVING,Path clear
24.419037580490112,10.679010475469278,392.3330078125,-153.45138549804688,90.66129302978516,0.5,0.0,-0.0005711354315280914,DRIVING,Path clear
24.452375888824463,10.71427665040655,392.3268127441406,-152.91639709472656,90.63970947265625,0.5,0.0,3.859625576296821e-05,DRIVING,Path clear
24.469158411026,10.749212495057474,392.32086181640625,-152.3796844482422,90.65511322021484,0.5,0.0,-0.0005445419810712337,DRIVING,Path clear
24.496493816375732,10.783768780220381,392.3146667480469,-151.84120178222656,90.63406372070312,0.5,0.0,5.4386498959502205e-05,DRIVING,Path clear
24.523961782455444,10.817999026552943,392.3087158203125,-151.301025390625,90.6494369506836,0.5,0.0,-0.0005209014052525163,DRIVING,Path clear
24.553070545196533,10.851854912589017,392.3025207519531,-150.75912475585938,90.62889099121094,0.5,0.0,6.818425754318014e-05,DRIVING,Path clear
24.596396446228027,10.88539002110232,392.2965393066406,-150.21556091308594,90.6441650390625,0.5,0.0,-0.0004970470326952636,DRIVING,Path clear
24.612832069396973,10.918558879516926,392.2903747558594,-149.6703338623047,90.62407684326172,0.5,0.0,8.354576857527718e-05,DRIVING,Path clear
24.644484281539917,10.951412276940921,392.2843933105469,-149.12344360351562,90.63928985595703,0.5,0.0,-0.00047297883429564536,DRIVING,Path clear
24.67495369911194,10.98390840847654,392.2782287597656,-148.57493591308594,90.61967468261719,0.5,0.0,9.859442070592195e-05,DRIVING,Path clear
24.706068515777588,11.016089613720524,392.2723083496094,-148.02481079101562,90.63479614257812,0.5,0.0,-0.00043724876013584435,DRIVING,Path clear
24.730939149856567,11.047921957984833,392.26611328125,-147.4730987548828,90.61571502685547,0.5,0.0,0.00011760985216824338,DRIVING,Path clear
24.756800889968872,11.079445321798191,392.2601623535156,-146.91978454589844,90.630859375,0.5,0.0,-0.0004180707619525492,DRIVING,Path clear
24.781139612197876,11.110625690987888,392.25396728515625,-146.36489868164062,90.61224365234375,0.5,0.0,0.00012783192505594343,DRIVING,Path clear
24.809022665023804,11.141501561220624,392.248046875,-145.8084716796875,90.62728118896484,0.5,0.0,-0.0003923910844605416,DRIVING,Path clear
24.8347487449646,11.172041729652396,392.2418518066406,-145.25050354003906,90.6091537475586,0.5,0.0,0.00014371640281751752,DRIVING,Path clear
24.86596941947937,11.202282689217894,392.23590087890625,-144.69102478027344,90.6241683959961,0.5,0.0,-0.0003749442985281348,DRIVING,Path clear
24.89310908317566,11.23219472905941,392.2297058105469,-144.1300506591797,90.60646057128906,0.5,0.0,0.0001535996561869979,DRIVING,Path clear
24.919565200805664,11.261812074169752,392.2237854003906,-143.56759643554688,90.62135314941406,0.5,0.0,-0.00034927838714793324,DRIVING,Path clear
24.951171159744263,11.291108699739603,392.2176208496094,-143.00367736816406,90.60409545898438,0.5,0.0,0.00017606074106879532,DRIVING,Path clear
24.98099637031555,11.320110423543003,392.2116394042969,-142.43829345703125,90.61901092529297,0.5,0.0,-0.00033234088914468884,DRIVING,Path clear
25.007073640823364,11.3488007866374,392.20550537109375,-141.87144470214844,90.6021957397461,0.5,0.0,0.0001899669732665643,DRIVING,Path clear
25.03487539291382,11.377202892355918,392.19952392578125,-141.30319213867188,90.61703491210938,0.5,0.0,-0.00031524492078460753,DRIVING,Path clear
25.065141439437866,11.405297572103876,392.1933898925781,-140.73353576660156,90.60067749023438,0.5,0.0,0.0001979932567337528,DRIVING,Path clear
25.09194779396057,11.433108489042993,392.1874084472656,-140.16246032714844,90.61544036865234,0.5,0.0,-0.0002986060571856797,DRIVING,Path clear
25.128831386566162,11.460620876455328,392.1812438964844,-139.59002685546875,90.59943389892578,0.5,0.0,0.00020361020870041102,DRIVING,Path clear
25.15261197090149,11.48785198758727,392.17529296875,-139.01620483398438,90.61409759521484,0.5,0.0,-0.00027823136770166457,DRIVING,Path clear
25.180939197540283,11.514788901791167,392.16912841796875,-138.44105529785156,90.59847259521484,0.5,0.0,0.00021192344138398767,DRIVING,Path clear
25.207079887390137,11.541453619213733,392.16314697265625,-137.8645477294922,90.61304473876953,0.5,0.0,-0.00026629670173861086,DRIVING,Path clear
25.23764681816101,11.567828108085555,392.1570129394531,-137.28671264648438,90.59779357910156,0.5,0.0,0.00022822810569778085,DRIVING,Path clear
25.28858494758606,11.593931540738145,392.1510314941406,-136.7075653076172,90.61228942871094,0.5,0.0,-0.0002469466417096555,DRIVING,Path clear
25.302077054977417,11.619758102115542,392.1449279785156,-136.1271209716797,90.59744262695312,0.5,0.0,0.0002454209025017917,DRIVING,Path clear
25.326542854309082,11.645314499475571,392.13885498046875,-135.54541015625,90.6119155883789,0.5,0.0,-0.00023926094581838697,DRIVING,Path clear
25.35922408103943,11.670598446737111,392.1326904296875,-134.96240234375,90.59744262695312,0.5,0.0,0.0002303960354765877,DRIVING,Path clear
25.387084484100342,11.69561641770023,392.1265563964844,-134.37815856933594,90.61170959472656,0.5,0.0,-0.00025225902209058404,DRIVING,Path clear
25.42239260673523,11.720366928732,392.1202392578125,-133.79266357421875,90.59739685058594,0.5,0.0,0.00019113895541522652,DRIVING,Path clear
25.449073791503906,11.744859280355893,392.1140441894531,-133.20594787597656,90.6112289428711,0.5,0.0,-0.0002818522334564477,DRIVING,Path clear
25.48691177368164,11.769087513487142,392.10772705078125,-132.61801147460938,90.59683227539062,0.5,0.0,0.0001649634214118123,DRIVING,Path clear
25.52270007133484,11.793064350631708,392.1015625,-132.0288543701172,90.61015319824219,0.5,0.0,-0.00027975119883194566,DRIVING,Path clear
25.554274082183838,11.816781712027836,392.09521484375,-131.4385223388672,90.59577178955078,0.5,0.0,0.0001671425998210907,DRIVING,Path clear
25.592103719711304,11.84025316294587,392.08905029296875,-130.84701538085938,90.60880279541016,0.5,0.0,-0.0002620574668981135,DRIVING,Path clear
25.615128755569458,11.863468386685833,392.0827331542969,-130.25433349609375,90.59466552734375,0.5,0.0,0.0001879074116004631,DRIVING,Path clear
25.64506721496582,11.886442464215568,392.0765686035156,-129.66049194335938,90.60762786865234,0.5,0.0,-0.00023853710445109755,DRIVING,Path clear
25.67520833015442,11.909165091246862,392.0702209472656,-129.06553649902344,90.59388732910156,0.5,0.0,0.00019872444681823254,DRIVING,Path clear
25.70107126235962,11.93165095239577,392.06402587890625,-128.4694366455078,90.60684967041016,0.5,0.0,-0.000227284588618204,DRIVING,Path clear
25.73239541053772,11.953892150453772,392.05767822265625,-127.8722152709961,90.59346771240234,0.5,0.0,0.0001985265698749572,DRIVING,Path clear
25.760083198547363,11.975899162744174,392.051513671875,-127.27388763427734,90.60633087158203,0.5,0.0,-0.00021843994909431785,DRIVING,Path clear
25.786335945129395,11.997667580786144,392.0451965332031,-126.6744613647461,90.59322357177734,0.5,0.0,0.0002092923823511228,DRIVING,Path clear
25.81531524658203,12.019207606155076,392.03900146484375,-126.07395935058594,90.6059799194336,0.5,0.0,-0.00019841664470732212,DRIVING,Path clear
25.842403173446655,12.04050925060888,392.0326843261719,-125.47239685058594,90.59322357177734,0.5,0.0,0.00021804228890687227,DRIVING,Path clear
25.870331287384033,12.061589730665899,392.0265197753906,-124.86978149414062,90.6059341430664,0.5,0.0,-0.00018248472770210356,DRIVING,Path clear
25.899071216583252,12.082437814110063,392.0201721191406,-124.26611328125,90.59351348876953,0.5,0.0,0.00022321588767226785,DRIVING,Path clear
25.927661180496216,12.103066313466567,392.0139465332031,-123.6613998413086,90.60617065429688,0.5,0.0,-0.00018044777971226722,DRIVING,Path clear
25.95739245414734,12.123469009063237,392.0075988769531,-123.05567169189453,90.5940170288086,0.5,0.0,0.000222013404709287,DRIVING,Path clear
25.985072374343872,12.143655933222226,392.0012512207031,-122.44893646240234,90.60652160644531,0.5,0.0,-0.000197267479961738,DRIVING,Path clear
26.010185956954956,12.163622238595776,391.9947509765625,-121.84117126464844,90.59451293945312,0.5,0.0,0.00017446136916987598,DRIVING,Path clear
26.036400079727173,12.183376721220721,391.98834228515625,-121.23242950439453,90.60659790039062,0.5,0.0,-0.00023565537412650883,DRIVING,Path clear
26.067102670669556,12.202909213964308,391.98187255859375,-120.62271118164062,90.59437561035156,0.5,0.0,0.0001541750243632123,DRIVING,Path clear
26.098156213760376,12.222225701682977,391.9754638671875,-120.01201629638672,90.6059341430664,0.5,0.0,-0.00023274381237570196,DRIVING,Path clear
26.126827239990234,12.241320719990764,391.9689636230469,-119.40036010742188,90.59368133544922,0.5,0.0,0.00015330748283304274,DRIVING,Path clear
26.154983520507812,12.260211785831396,391.9625549316406,-118.78775787353516,90.60498046875,0.5,0.0,-0.00022454463760368526,DRIVING,Path clear
26.183377027511597,12.278888285922474,391.9560546875,-118.17422485351562,90.5928726196289,0.5,0.0,0.00016756533295847476,DRIVING,Path clear
26.209321975708008,12.29736576859378,391.9496765136719,-117.55976104736328,90.60408782958984,0.5,0.0,-0.0002018806990236044,DRIVING,Path clear
26.236233472824097,12.315635557783416,391.9431457519531,-116.94437408447266,90.5923080444336,0.5,0.0,0.00017444969853386283,DRIVING,Path clear
26.27107310295105,12.333713431521643,391.9367980957031,-116.32808685302734,90.60350036621094,0.5,0.0,-0.0001834250142564997,DRIVING,Path clear
26.29517436027527,12.351586951195223,391.9302673339844,-115.71090698242188,90.59204864501953,0.5,0.0,0.0001823644997784868,DRIVING,Path clear
26.324167013168335,12.369271073923649,391.92388916015625,-115.09282684326172,90.60323333740234,0.5,0.0,-0.00017493980703875422,DRIVING,Path clear
26.351871967315674,12.38675564750965,391.9173889160156,-114.473876953125,90.59204864501953,0.5,0.0,0.00019274084479548037,DRIVING,Path clear
26.380341291427612,12.404054772702588,391.9110107421875,-113.85404968261719,90.60319519042969,0.5,0.0,-0.00016298489936161786,DRIVING,Path clear
26.4088613986969,12.421162936953678,391.90447998046875,-113.23336029052734,90.5923080444336,0.5,0.0,0.00019510285346768796,DRIVING,Path clear
26.4370698928833,12.438085378349559,391.8981018066406,-112.61182403564453,90.6033935546875,0.5,0.0,-0.0001582954719197005,DRIVING,Path clear
26.46175217628479,12.454820767765549,391.8916015625,-111.98944854736328,90.59272766113281,0.5,0.0,0.0001979457592824474,DRIVING,Path clear
26.49339199066162,12.471373291530742,391.8852233886719,-111.36624908447266,90.6037368774414,0.5,0.0,-0.0001474200835218653,DRIVING,Path clear
26.517056465148926,12.487745668423532,391.8786926269531,-110.74222564697266,90.5932846069336,0.5,0.0,0.00020199450955260545,DRIVING,Path clear
26.547862768173218,12.503935890197125,391.87225341796875,-110.11739349365234,90.60424041748047,0.5,0.0,-0.0001516596821602434,DRIVING,Path clear
26.57046604156494,12.519952341052212,391.86572265625,-109.49174499511719,90.59396362304688,0.5,0.0,0.00019220667309127748,DRIVING,Path clear
26.601128578186035,12.535791349321643,391.8591613769531,-108.86531066894531,90.604736328125,0.5,0.0,-0.0001654163934290409,DRIVING,Path clear
26.62847375869751,12.551457404830701,391.85247802734375,-108.23808288574219,90.5945053100586,0.5,0.0,0.00015138779417611659,DRIVING,Path clear
26.657714366912842,12.566953785083593,391.84588623046875,-107.61007690429688,90.60489654541016,0.5,0.0,-0.00019834679551422596,DRIVING,Path clear
26.68454670906067,12.582276704225826,391.8392028808594,-106.98130798339844,90.5944595336914,0.5,0.0,0.00013083447993267328,DRIVING,Path clear
26.714335918426514,12.597432253345309,391.8326110839844,-106.35176849365234,90.60438537597656,0.5,0.0,-0.00020308452076278627,DRIVING,Path clear
26.745083808898926,12.612411834435635,391.825927734375,-105.72148895263672,90.5938720703125,0.5,0.0,0.00012897569104097784,DRIVING,Path clear
26.772549390792847,12.62722685671973,391.8193359375,-105.0904541015625,90.6035385131836,0.5,0.0,-0.00019081783830188215,DRIVING,Path clear
26.801271200180054,12.641873926895466,391.8126220703125,-104.45867156982422,90.59313201904297,0.5,0.0,0.0001328638318227604,DRIVING,Path clear
26.829716205596924,12.65635890285052,391.8060607910156,-103.82617950439453,90.60271453857422,0.5,0.0,-0.00017868207942228764,DRIVING,Path clear
26.85548186302185,12.670682917040184,391.79931640625,-103.19297790527344,90.5925064086914,0.5,0.0,0.0001438632170902565,DRIVING,Path clear
26.88312005996704,12.684848622560141,391.7927551269531,-102.55904388427734,90.60206604003906,0.5,0.0,-0.00016666912415530533,DRIVING,Path clear
26.910862684249878,12.698856249525498,391.7860412597656,-101.92442321777344,90.59209442138672,0.5,0.0,0.0001534500188427046,DRIVING,Path clear
26.94038224220276,12.71271316496782,391.77947998046875,-101.28910064697266,90.60166931152344,0.5,0.0,-0.0001521990488981828,DRIVING,Path clear
26.97016978263855,12.726411220225613,391.77276611328125,-100.65308380126953,90.59195709228516,0.5,0.0,0.0001595414651092142,DRIVING,Path clear
26.99649405479431,12.739961163041263,391.7662048339844,-100.01639556884766,90.60155487060547,0.5,0.0,-0.00014660737360827625,DRIVING,Path clear
27.026129484176636,12.753359890141354,391.7594909667969,-99.37902069091797,90.59204864501953,0.5,0.0,0.0001636696542846039,DRIVING,Path clear
27.05539631843567,12.766610501838585,391.7529296875,-98.74099731445312,90.60160827636719,0.5,0.0,-0.00014096128870733082,DRIVING,Path clear
27.07762575149536,12.779714700038365,391.7462158203125,-98.10230255126953,90.5923080444336,0.5,0.0,0.00016270596825052053,DRIVING,Path clear
27.10610580444336,12.792673436728718,391.7396545410156,-97.46296691894531,90.60176086425781,0.5,0.0,-0.00013301786384545267,DRIVING,Path clear
27.13506841659546,12.805487037889272,391.73291015625,-96.822998046875,90.5926284790039,0.5,0.0,0.00016019633039832115,DRIVING,Path clear
27.163913249969482,12.818161478406822,391.7263488769531,-96.182373046875,90.60202026367188,0.5,0.0,-0.00012817127571906894,DRIVING,Path clear
27.1882164478302,12.830693911161768,391.7196350097656,-95.54113006591797,90.59302520751953,0.5,0.0,0.0001709476055111736,DRIVING,Path clear
27.213639497756958,12.843088333846708,391.71307373046875,-94.89925384521484,90.60238647460938,0.5,0.0,-0.00011618993448792025,DRIVING,Path clear
27.244808197021484,12.85534545909723,391.70635986328125,-94.25676727294922,90.59361267089844,0.5,0.0,0.00017575464153196663,DRIVING,Path clear
27.274892807006836,12.86746721293356,391.6997985839844,-93.61366271972656,90.60296630859375,0.5,0.0,-0.00013169634621590376,DRIVING,Path clear
27.303524494171143,12.879451952910136,391.693115234375,-92.969970703125,90.59427642822266,0.5,0.0,2.8693855711026117e-05,DRIVING,Path clear
27.33052897453308,12.891305636505086,391.6865234375,-92.32566833496094,90.60287475585938,0.5,0.0,-0.0005050687468610704,DRIVING,Path clear
27.357978582382202,12.903020524887888,391.6798095703125,-91.6807861328125,90.59208679199219,0.5,0.0,-0.0004401500918902457,DRIVING,Path clear
27.38793182373047,12.914618453261578,391.6731872558594,-91.03531646728516,90.59669494628906,0.5,0.0,-0.0008778726914897561,DRIVING,Path clear
27.41373610496521,12.926065044198552,391.6665954589844,-90.38927459716797,90.58148193359375,0.5,0.0,-0.0006443225429393351,DRIVING,Path clear
27.443122386932373,12.937417474906159,391.66015625,-89.74266052246094,90.58209228515625,0.5,0.0,-0.0009124950738623738,DRIVING,Path clear
27.46996808052063,12.948603477301386,391.6536560058594,-89.09548950195312,90.56452178955078,0.5,0.0,-0.0005844068946316838,DRIVING,Path clear
27.51569437980652,12.959709574687345,391.64739990234375,-88.44775390625,90.56396484375,0.5,0.0,-0.0007825513603165746,DRIVING,Path clear
27.537068367004395,12.970650570787468,391.64111328125,-87.79946899414062,90.54661560058594,0.5,0.0,-0.00042569334618747234,DRIVING,Path clear
27.563973903656006,12.981506035433954,391.63507080078125,-87.15064239501953,90.54700469970703,0.5,0.0,-0.0006193078006617725,DRIVING,Path clear
27.59106993675232,12.992205199261944,391.62890625,-86.50127410888672,90.53128051757812,0.5,0.0,-0.0002907051530200988,DRIVING,Path clear
27.621078491210938,13.0028189629336,391.6228942871094,-85.85137176513672,90.53326416015625,0.5,0.0,-0.0005318809999153018,DRIVING,Path clear
27.664321184158325,13.013284208948908,391.6169128417969,-85.20094299316406,90.51914978027344,0.5,0.0,-0.00022605308913625777,DRIVING,Path clear
27.70639729499817,13.023659053473184,391.6110534667969,-84.54999542236328,90.522216796875,0.5,0.0,-0.00047756399726495147,DRIVING,Path clear
27.761126041412354,13.033896065419048,391.6051025390625,-83.8985366821289,90.50910949707031,0.5,0.0,-0.00019981618970632553,DRIVING,Path clear
27.789459466934204,13.044039972696874,391.5992736816406,-83.24656677246094,90.51280975341797,0.5,0.0,-0.00046188320266082883,DRIVING,Path clear
27.822952270507812,13.054048905979306,391.593505859375,-82.5940933227539,90.5002670288086,0.5,0.0,-0.00017219813889823854,DRIVING,Path clear
27.87114429473877,13.063965025405476,391.58782958984375,-81.94110870361328,90.50424194335938,0.5,0.0,-0.00041274548857472837,DRIVING,Path clear
27.919477224349976,13.073754372472422,391.58209228515625,-81.28764343261719,90.49224853515625,0.5,0.0,-0.00013597284851130098,DRIVING,Path clear
27.950172424316406,13.08345210609935,391.57647705078125,-80.63368225097656,90.49662017822266,0.5,0.0,-0.00038433901499956846,DRIVING,Path clear
27.983752965927124,13.093021020541615,391.57080078125,-79.97924041748047,90.48512268066406,0.5,0.0,-0.00010861492046387866,DRIVING,Path clear
28.011580228805542,13.10250109648628,391.56536865234375,-79.32433319091797,90.48980712890625,0.5,0.0,-0.0003318129456602037,DRIVING,Path clear
28.04593515396118,13.11186170489104,391.5598449707031,-78.66896057128906,90.47887420654297,0.5,0.0,-5.44521062693093e-05,DRIVING,Path clear
28.080589294433594,13.1211323163776,391.5544128417969,-78.01310729980469,90.48403930664062,0.5,0.0,-0.000293418561341241,DRIVING,Path clear
28.107943534851074,13.130283009759488,391.54888916015625,-77.35679626464844,90.47377014160156,0.5,0.0,-2.8133919840911403e-05,DRIVING,Path clear
28.141612768173218,13.139343426796197,391.5434265136719,-76.70003509521484,90.47933197021484,0.5,0.0,-0.00028519058832898736,DRIVING,Path clear
28.171937942504883,13.148294078863062,391.5379333496094,-76.0428237915039,90.46947479248047,0.5,0.0,-3.318776361993514e-05,DRIVING,Path clear
28.200523138046265,13.157153228885084,391.5325012207031,-75.38516998291016,90.4751205444336,0.5,0.0,-0.00028776651015505195,DRIVING,Path clear
28.224565267562866,13.165900909324668,391.5270080566406,-74.72706604003906,90.46539306640625,0.5,0.0,-3.984040813520551e-05,DRIVING,Path clear
28.248868465423584,13.174562628064232,391.52178955078125,-74.06853485107422,90.47093963623047,0.5,0.0,-0.0002506271412130445,DRIVING,Path clear
28.27919578552246,13.183119793631855,391.5164794921875,-73.4095687866211,90.46141815185547,0.5,0.0,2.5850862584775314e-05,DRIVING,Path clear
28.30707335472107,13.191591416294129,391.51123046875,-72.75017547607422,90.46731567382812,0.5,0.0,-0.00020651593513321131,DRIVING,Path clear
28.336127996444702,13.199955764862732,391.5058898925781,-72.09036254882812,90.45841979980469,0.5,0.0,4.427343810675666e-05,DRIVING,Path clear
28.368873119354248,13.208233974748888,391.5006408691406,-71.43013763427734,90.4646987915039,0.5,0.0,-0.00019560511282179505,DRIVING,Path clear
28.39312767982483,13.21641448409115,391.4953308105469,-70.7695083618164,90.45616912841797,0.5,0.0,4.818357774638571e-05,DRIVING,Path clear
28.422226190567017,13.224508762361747,391.4901123046875,-70.10845947265625,90.46255493164062,0.5,0.0,-0.00019007429364137352,DRIVING,Path clear
28.448366165161133,13.232507364725286,391.48480224609375,-69.44701385498047,90.45421600341797,0.5,0.0,4.7527861170237884e-05,DRIVING,Path clear
28.47408413887024,13.240417640560462,391.47955322265625,-68.78517150878906,90.46063232421875,0.5,0.0,-0.0001966029085451737,DRIVING,Path clear
28.504072427749634,13.24823687620936,391.4742126464844,-68.12293243408203,90.45238494873047,0.5,0.0,3.309956446173601e-05,DRIVING,Path clear
28.539135694503784,13.25597426284273,391.4689636230469,-67.46031188964844,90.4586181640625,0.5,0.0,-0.00019975053146481514,DRIVING,Path clear
28.559643507003784,13.263622855591795,391.4636535644531,-66.79730224609375,90.45036315917969,0.0,1.0,0.0,EMERGENCY_BRAKE,FusedDist=13.2 TTC=1.00
28.588300943374634,13.235818678092643,391.45843505859375,-66.13460540771484,90.45668029785156,0.0,1.0,0.0,STOPPED,Waiting before lane change
28.61169123649597,13.092930568337529,391.4531555175781,-65.4767074584961,90.4483413696289,0.0,1.0,0.0,STOPPED,Waiting before lane change
28.639708042144775,12.84858878761255,391.4481201171875,-64.82911682128906,90.45545959472656,0.0,1.0,0.0,STOPPED,Waiting before lane change
28.668122053146362,12.53039115897144,391.4430847167969,-64.1961669921875,90.44938659667969,0.0,1.0,0.0,STOPPED,Waiting before lane change
28.695711612701416,12.182957369861079,391.438232421875,-63.58010482788086,90.45459747314453,0.0,1.0,0.0,STOPPED,Waiting before lane change
28.7270724773407,11.821875533310463,391.4335021972656,-62.98185729980469,90.44906616210938,0.0,1.0,0.0,STOPPED,Waiting before lane change
28.75087285041809,11.454939545406004,391.4289855957031,-62.4018440246582,90.45561981201172,0.0,1.0,0.0,STOPPED,Waiting before lane change
28.793811321258545,11.08689514467103,391.4244689941406,-61.840213775634766,90.44790649414062,0.0,1.0,0.0,STOPPED,Waiting before lane change
28.817935466766357,10.720841804773865,391.42022705078125,-61.296913146972656,90.45733642578125,0.0,1.0,0.0,STOPPED,Waiting before lane change
28.84636616706848,10.35956485308368,391.416015625,-60.77178192138672,90.44564819335938,0.0,1.0,0.0,STOPPED,Waiting before lane change
28.87308096885681,10.010047605911266,391.4121398925781,-60.26438903808594,90.46113586425781,0.0,1.0,0.0,STOPPED,Waiting before lane change
28.908281326293945,9.671352331576555,391.4081115722656,-59.77410125732422,90.4421615600586,0.0,1.0,0.0,STOPPED,Waiting before lane change
28.93225383758545,9.337427880398307,391.4045104980469,-59.30058288574219,90.46317291259766,0.0,1.0,0.0,STOPPED,Waiting before lane change
28.958393096923828,9.00844132850812,391.4007873535156,-58.8436164855957,90.44055938720703,0.0,1.0,0.0,STOPPED,Waiting before lane change
28.98581051826477,8.684780595605254,391.3973693847656,-58.40293502807617,90.46477508544922,0.0,1.0,0.0,STOPPED,Waiting before lane change
29.008314847946167,8.366643388765727,391.3938903808594,-57.97826385498047,90.43914794921875,0.0,1.0,0.0,STOPPED,Waiting before lane change
29.035805702209473,8.05422210891397,391.3908996582031,-57.5693359375,90.46621704101562,0.0,1.0,0.0,STOPPED,Waiting before lane change
29.064753770828247,7.747618908117479,391.3875732421875,-57.17585372924805,90.43794250488281,0.0,1.0,0.0,STOPPED,Waiting before lane change
29.089590549468994,7.447006982663971,391.3847961425781,-56.79751205444336,90.46742248535156,0.0,1.0,0.0,STOPPED,Waiting before lane change
29.116944789886475,7.152496588021671,391.3817138671875,-56.43402862548828,90.4369125366211,0.0,1.0,0.0,STOPPED,Waiting before lane change
29.138967514038086,6.86430059897368,391.3791809082031,-56.0850715637207,90.46839904785156,0.0,1.0,0.0,STOPPED,Waiting before lane change
29.170071601867676,6.582577314646108,391.3763122558594,-55.750335693359375,90.43608093261719,0.0,1.0,0.0,STOPPED,Waiting before lane change
29.192546129226685,6.307819778516094,391.37396240234375,-55.429481506347656,90.46910858154297,0.0,1.0,0.0,STOPPED,Waiting before lane change
29.21742296218872,5.043352139423776,391.371826171875,-55.15045166015625,90.48037719726562,0.0,1.0,0.0,STOPPED,Waiting before lane change
29.242893934249878,3.7055271026090306,391.3701477050781,-54.93863296508789,90.48688507080078,0.0,1.0,0.0,STOPPED,Waiting before lane change
29.269202709197998,2.361689509178632,391.3689880371094,-54.79400634765625,90.49026489257812,0.0,1.0,0.0,STOPPED,Waiting before lane change
29.294928789138794,1.0276353315632818,391.36834716796875,-54.71626281738281,90.49163818359375,0.0,1.0,0.0,STOPPED,Waiting before lane change
29.318965196609497,0.004884830946252681,391.3682861328125,-54.69972610473633,90.49177551269531,0.0,1.0,0.0,STOPPED,Waiting before lane change
29.34552264213562,0.0007352159711508494,391.36822509765625,-54.699554443359375,90.49169921875,0.0,1.0,0.0,STOPPED,Waiting before lane change
29.374889850616455,0.000786587189894171,391.36822509765625,-54.69926071166992,90.49171447753906,0.0,1.0,0.0,STOPPED,Waiting before lane change
29.397647619247437,0.0006814442923156338,391.36822509765625,-54.69898986816406,90.49169921875,0.0,1.0,0.0,STOPPED,Waiting before lane change
29.425877809524536,0.0005436750055045049,391.36822509765625,-54.698768615722656,90.49171447753906,0.0,1.0,0.0,STOPPED,Waiting before lane change
29.4513418674469,0.0004136572715315002,391.36822509765625,-54.69860076904297,90.49171447753906,0.0,1.0,0.0,STOPPED,Waiting before lane change
29.476301193237305,0.0003096761169293056,391.36822509765625,-54.69847869873047,90.4917221069336,0.0,1.0,0.0,STOPPED,Waiting before lane change
29.507137298583984,0.00022754023079234905,391.36822509765625,-54.69837188720703,90.4917221069336,0.0,1.0,0.0,STOPPED,Waiting before lane change
29.530300617218018,0.0001654569521274451,391.36822509765625,-54.69828796386719,90.4917221069336,0.0,1.0,0.0,STOPPED,Waiting before lane change
29.55622911453247,0.0,391.36822509765625,-54.69828796386719,90.4917221069336,0.0,1.0,0.0,STOPPED,Waiting before lane change
29.58956241607666,0.0,391.36822509765625,-54.69828796386719,90.4917221069336,0.0,1.0,0.0,STOPPED,Waiting before lane change
29.621750354766846,0.0,391.36822509765625,-54.69828796386719,90.4917221069336,0.0,1.0,0.0,STOPPED,Waiting before lane change
29.643341302871704,0.0,391.36822509765625,-54.69828796386719,90.4917221069336,0.3499999940395355,0.0,0.25,LANE_CHANGE,Steering around obstacle
29.680265188217163,0.002519202322443343,391.36822509765625,-54.698265075683594,90.49171447753906,0.3499999940395355,0.0,0.25,LANE_CHANGE,Steering around obstacle
29.698734283447266,0.0002916401247487116,391.36822509765625,-54.69822311401367,90.49171447753906,0.3499999940395355,0.0,0.25,LANE_CHANGE,Steering around obstacle
29.73008966445923,0.008240343052693413,391.3679504394531,-54.696571350097656,90.5003433227539,0.3499999940395355,0.0,0.25,LANE_CHANGE,Steering around obstacle
29.75718855857849,0.09745591879634215,391.36749267578125,-54.69392013549805,90.5127182006836,0.3499999940395355,0.0,0.25,LANE_CHANGE,Steering around obstacle
29.787089586257935,0.15381087853489717,391.3667907714844,-54.68885803222656,90.54145050048828,0.3499999940395355,0.0,0.25,LANE_CHANGE,Steering around obstacle
29.814799547195435,0.16957809756975634,391.3655090332031,-54.67998504638672,90.58800506591797,0.3499999940395355,0.0,0.25,LANE_CHANGE,Steering around obstacle
29.834068298339844,0.33728395412934126,391.36370849609375,-54.66639709472656,90.67546844482422,0.3499999940395355,0.0,0.25,LANE_CHANGE,Steering around obstacle
29.8590669631958,0.36334073869531064,391.3612365722656,-54.64873504638672,90.7639389038086,0.3499999940395355,0.0,0.25,LANE_CHANGE,Steering around obstacle
29.883018732070923,0.4607056088649973,391.3582763671875,-54.6271858215332,90.88753509521484,0.3499999940395355,0.0,0.25,LANE_CHANGE,Steering around obstacle
29.909929513931274,0.566740862640601,391.3546142578125,-54.60095977783203,91.040771484375,0.3499999940395355,0.0,0.25,LANE_CHANGE,Steering around obstacle
29.936172246932983,0.6928064798635802,391.3500061035156,-54.56988525390625,91.22277069091797,0.3499999940395355,0.0,0.25,LANE_CHANGE,Steering around obstacle
29.965126752853394,0.7730870357630747,391.3446350097656,-54.53478240966797,91.4173812866211,0.3499999940395355,0.0,0.25,LANE_CHANGE,Steering around obstacle
30.040741205215454,0.8589972585047255,391.3382873535156,-54.49477005004883,91.64386749267578,0.3499999940395355,0.0,0.25,LANE_CHANGE,Steering around obstacle
30.05107069015503,0.9518092710779948,391.3310852050781,-54.45042419433594,91.8874282836914,0.3499999940395355,0.0,0.25,LANE_CHANGE,Steering around obstacle
30.067991018295288,1.057222627779211,391.3230285644531,-54.400917053222656,92.17095947265625,0.3499999940395355,0.0,0.25,LANE_CHANGE,Steering around obstacle
30.09329342842102,1.121524963698844,391.3141784667969,-54.34711837768555,92.4757080078125,0.3499999940395355,0.0,0.25,LANE_CHANGE,Steering around obstacle
30.120526552200317,1.2380172210234355,391.30419921875,-54.28866958618164,92.81635284423828,0.3499999940395355,0.0,0.25,LANE_CHANGE,Steering around obstacle
30.148959159851074,1.2680230585965775,391.2931213378906,-54.226776123046875,93.14285278320312,0.3499999940395355,0.0,0.25,LANE_CHANGE,Steering around obstacle
30.183067560195923,1.4111171602465873,391.2808532714844,-54.160682678222656,93.48533630371094,0.3499999940395355,0.0,0.25,LANE_CHANGE,Steering around obstacle
30.206737279891968,1.4606895701929472,391.2672424316406,-54.089969635009766,93.85386657714844,0.3499999940395355,0.0,0.25,LANE_CHANGE,Steering around obstacle
30.250276803970337,1.622006184544305,391.2521057128906,-54.01387405395508,94.26948547363281,0.3499999940395355,0.0,0.25,LANE_CHANGE,Steering around obstacle
30.284510135650635,1.6615025843057487,391.2355651855469,-53.933631896972656,94.70792388916016,0.3499999940395355,0.0,0.25,LANE_CHANGE,Steering around obstacle
30.306222438812256,1.8121190315442848,391.21734619140625,-53.84832000732422,95.17405700683594,0.3499999940395355,0.0,0.25,LANE_CHANGE,Steering around obstacle
30.33467721939087,1.8485845379465957,391.1975402832031,-53.75920867919922,95.6606674194336,0.3499999940395355,0.0,0.25,LANE_CHANGE,Steering around obstacle
30.375136613845825,1.9919948766984497,391.1758117675781,-53.66533660888672,96.17310333251953,0.3499999940395355,0.0,0.25,LANE_CHANGE,Steering around obstacle
30.406070709228516,2.0280187091653845,391.1524658203125,-53.56787872314453,96.70513153076172,0.3499999940395355,0.0,0.25,LANE_CHANGE,Steering around obstacle
30.43733835220337,2.1650820050960897,391.126953125,-53.46593475341797,97.26155090332031,0.3499999940395355,0.0,0.25,LANE_CHANGE,Steering around obstacle
30.47307324409485,2.2019045838294122,391.09954833984375,-53.36056900024414,97.837158203125,0.3499999940395355,0.0,0.25,LANE_CHANGE,Steering around obstacle
30.50014090538025,2.33239556081502,391.0699157714844,-53.25095748901367,98.43572235107422,0.3499999940395355,0.0,0.25,LANE_CHANGE,Steering around obstacle
30.524255514144897,2.3675630343736582,391.0381164550781,-53.1381721496582,99.05450439453125,0.3499999940395355,0.0,0.25,LANE_CHANGE,Steering around obstacle
30.549336194992065,2.4614171458408904,391.0042419433594,-53.02235794067383,99.69403839111328,0.3499999940395355,0.0,0.25,LANE_CHANGE,Steering around obstacle
30.574524641036987,2.5014637794738905,390.9683532714844,-52.90398406982422,100.35725402832031,0.3499999940395355,0.0,0.25,LANE_CHANGE,Steering around obstacle
30.601077795028687,2.6020536756460184,390.9298400878906,-52.782371520996094,101.0330581665039,0.3499999940395355,0.0,0.25,LANE_CHANGE,Steering around obstacle
30.627241849899292,2.649135038394106,390.8889465332031,-52.65799331665039,101.73110961914062,0.3499999940395355,0.0,0.25,LANE_CHANGE,Steering around obstacle
30.652915954589844,2.7494995555352095,390.8451843261719,-52.530364990234375,102.4420394897461,0.3499999940395355,0.0,0.25,LANE_CHANGE,Steering around obstacle
30.67924165725708,2.799083595368777,390.7987365722656,-52.4000129699707,103.17532348632812,0.3499999940395355,0.0,0.25,LANE_CHANGE,Steering around obstacle
30.70351243019104,2.896442443845384,390.7492980957031,-52.26659393310547,103.92129516601562,0.3499999940395355,0.0,0.25,LANE_CHANGE,Steering around obstacle
30.73232626914978,2.946985301283857,390.6968994140625,-52.13060760498047,104.68923950195312,0.3499999940395355,0.0,0.25,LANE_CHANGE,Steering around obstacle
30.759127378463745,3.040308188542297,390.6412658691406,-51.991790771484375,105.46939849853516,0.3499999940395355,0.0,0.25,LANE_CHANGE,Steering around obstacle
30.784950017929077,3.0913202445303813,390.58251953125,-51.850624084472656,106.2711410522461,0.3499999940395355,0.0,0.25,LANE_CHANGE,Steering around obstacle
30.807878255844116,3.1801047009765,390.5202941894531,-51.7069091796875,107.08442687988281,0.3499999940395355,0.0,0.25,LANE_CHANGE,Steering around obstacle
30.834829330444336,3.231319101169985,390.4548034667969,-51.56106948852539,107.91865539550781,0.3499999940395355,0.0,0.25,LANE_CHANGE,Steering around obstacle
30.863068342208862,3.315338311922648,390.3856201171875,-51.412967681884766,108.76355743408203,0.3499999940395355,0.0,0.25,LANE_CHANGE,Steering around obstacle
30.88961625099182,3.3677672436486294,390.3129577636719,-51.26300048828125,109.6295166015625,0.3499999940395355,0.0,0.25,LANE_CHANGE,Steering around obstacle
30.93026375770569,3.4381294298758087,390.2365417480469,-51.11118698120117,110.50188446044922,0.3499999940395355,0.0,0.25,LANE_CHANGE,Steering around obstacle
30.945778846740723,3.495266147586142,390.15655517578125,-50.95787811279297,111.39578247070312,0.3499999940395355,0.0,0.25,LANE_CHANGE,Steering around obstacle
30.973844528198242,3.560162670152944,390.0726623535156,-50.803123474121094,112.29338836669922,0.3499999940395355,0.0,0.25,LANE_CHANGE,Steering around obstacle
30.99782109260559,3.6177040245461916,389.9849548339844,-50.647029876708984,113.21489715576172,0.3499999940395355,0.0,0.25,LANE_CHANGE,Steering around obstacle
31.028494596481323,3.682200056913658,389.8931884765625,-50.48971176147461,114.14136505126953,0.3499999940395355,0.0,0.25,LANE_CHANGE,Steering around obstacle
31.05981469154358,3.7385391534469035,389.7974853515625,-50.33131790161133,115.0909652709961,0.3499999940395355,0.0,0.25,LANE_CHANGE,Steering around obstacle
31.08712601661682,3.801613377659254,389.6975402832031,-50.17198181152344,116.04649353027344,0.3499999940395355,0.0,0.25,LANE_CHANGE,Steering around obstacle
31.113128185272217,3.856207080301071,389.5934143066406,-50.011863708496094,117.0241928100586,0.3499999940395355,0.0,0.25,LANE_CHANGE,Steering around obstacle
31.153876066207886,3.9176402298508455,389.4849548339844,-49.851112365722656,118.00836944580078,0.3499999940395355,0.0,0.25,LANE_CHANGE,Steering around obstacle
31.18811535835266,3.970512425181799,389.37225341796875,-49.689910888671875,119.01342010498047,0.3499999940395355,0.0,0.25,LANE_CHANGE,Steering around obstacle
31.218202829360962,4.030229505881254,389.2550048828125,-49.52840042114258,120.0253677368164,0.3499999940395355,0.0,0.25,LANE_CHANGE,Steering around obstacle
31.247626066207886,4.081471506305888,389.1333923339844,-49.36677169799805,121.05677795410156,0.3499999940395355,0.0,0.25,LANE_CHANGE,Steering around obstacle
31.27255940437317,4.139413826514462,389.0071716308594,-49.20517349243164,122.09544372558594,0.3499999940395355,0.0,0.25,LANE_CHANGE,Steering around obstacle
31.312230110168457,4.18914327006819,388.8764343261719,-49.04380416870117,123.15225219726562,0.3499999940395355,0.0,0.25,LANE_CHANGE,Steering around obstacle
31.33913826942444,4.245249279013199,388.7410888671875,-48.88280487060547,124.21675109863281,0.3499999940395355,0.0,0.25,LANE_CHANGE,Steering around obstacle
31.37025785446167,4.293603136389503,388.60113525390625,-48.722381591796875,125.29802703857422,0.44999998807907104,0.0,0.0,STRAIGHTENING,Completing lane change
31.40437626838684,4.354203252260416,388.4613342285156,-48.55744934082031,126.03780364990234,0.44999998807907104,0.0,-0.02500000037252903,STRAIGHTENING,Completing lane change
31.43114948272705,4.418337237322938,388.3287353515625,-48.382606506347656,126.14434051513672,0.44999998807907104,0.0,-0.05000000074505806,STRAIGHTENING,Completing lane change
31.455414533615112,4.498734021501877,388.1990661621094,-48.200862884521484,125.990478515625,0.44999998807907104,0.0,-0.07500000298023224,STRAIGHTENING,Completing lane change
31.489118099212646,4.582656559250511,388.07061767578125,-48.01321792602539,125.69158935546875,0.44999998807907104,0.0,-0.10000000149011612,STRAIGHTENING,Completing lane change
31.526773691177368,4.666745725862814,387.9433898925781,-47.819793701171875,125.2657470703125,0.44999998807907104,0.0,-0.125,STRAIGHTENING,Completing lane change
31.545863389968872,4.749919952979652,387.8177185058594,-47.62046432495117,124.71440887451172,0.44999998807907104,0.0,-0.15000000596046448,STRAIGHTENING,Completing lane change
31.577073335647583,4.831590154508035,387.6942138671875,-47.41508102416992,124.0361328125,0.44999998807907104,0.0,-0.17499999701976776,STRAIGHTENING,Completing lane change
31.608813047409058,4.911452792622929,387.5735778808594,-47.20350646972656,123.22899627685547,0.44999998807907104,0.0,-0.20000000298023224,STRAIGHTENING,Completing lane change
31.641602516174316,4.989324083457682,387.45648193359375,-46.98563003540039,122.29102325439453,0.44999998807907104,0.0,-0.22499999403953552,STRAIGHTENING,Completing lane change
31.664745807647705,5.0649017031880055,387.34368896484375,-46.76133728027344,121.21942901611328,0.44999998807907104,0.0,-0.25,STRAIGHTENING,Completing lane change
31.69507884979248,5.136112493170736,387.2362060546875,-46.53062438964844,120.00811004638672,0.44999998807907104,0.0,-0.2750000059604645,STRAIGHTENING,Completing lane change
31.727165937423706,5.06613483591803,387.1350402832031,-46.2977294921875,118.688720703125,0.44999998807907104,0.0,-0.30000001192092896,STRAIGHTENING,Completing lane change
31.753681659698486,5.133480386989789,387.041015625,-46.062801361083984,117.26161193847656,0.44999998807907104,0.0,-0.32499998807907104,STRAIGHTENING,Completing lane change
31.780608415603638,5.113221717720703,386.955078125,-45.82282638549805,115.72280883789062,0.44999998807907104,0.0,-0.3499999940395355,STRAIGHTENING,Completing lane change
31.81135845184326,5.065095040215617,386.87744140625,-45.58238220214844,114.07402038574219,0.44999998807907104,0.0,-0.375,STRAIGHTENING,Completing lane change
31.840163707733154,5.200671845800478,386.809326171875,-45.33633041381836,112.28108978271484,0.44999998807907104,0.0,-0.3898797333240509,STRAIGHTENING,Completing lane change
31.872704029083252,5.194801796631257,386.7504577636719,-45.0847053527832,110.38739776611328,0.44999998807907104,0.0,-0.39343568682670593,STRAIGHTENING,Completing lane change
31.899222373962402,5.17045564633031,386.7002258300781,-44.8326416015625,108.4395980834961,0.44999998807907104,0.0,-0.39290931820869446,STRAIGHTENING,Completing lane change
31.923901796340942,5.162961490848079,386.65850830078125,-44.57976531982422,106.46570587158203,0.44999998807907104,0.0,-0.38820725679397583,STRAIGHTENING,Completing lane change
31.953188180923462,5.17129162234841,386.62542724609375,-44.32548904418945,104.49372863769531,0.44999998807907104,0.0,-0.37952572107315063,STRAIGHTENING,Completing lane change
31.975560903549194,5.191276706207992,386.6004943847656,-44.06943893432617,102.54029846191406,0.44999998807907104,0.0,-0.3670788109302521,STRAIGHTENING,Completing lane change
32.01282048225403,5.22230656675304,386.5834045410156,-43.811317443847656,100.62559509277344,0.44999998807907104,0.0,-0.351162850856781,STRAIGHTENING,Completing lane change
32.02736473083496,5.259688636381268,386.57354736328125,-43.55095672607422,98.76068115234375,0.44999998807907104,0.0,-0.33207035064697266,STRAIGHTENING,Completing lane change
32.05312442779541,5.304581849037122,386.57061767578125,-43.288177490234375,96.96675109863281,0.44999998807907104,0.0,-0.310242235660553,STRAIGHTENING,Completing lane change
32.078007221221924,5.352216155327368,386.5738830566406,-43.022918701171875,95.25165557861328,0.44999998807907104,0.0,-0.2860657870769501,STRAIGHTENING,Completing lane change
32.10343837738037,5.404879477467521,386.5829162597656,-42.75508117675781,93.63750457763672,0.44999998807907104,0.0,-0.2601410150527954,STRAIGHTENING,Completing lane change
32.13148236274719,5.4579127117879525,386.5969543457031,-42.48464584350586,92.1278305053711,0.44999998807907104,0.0,-0.23288331925868988,STRAIGHTENING,Completing lane change
32.16107106208801,5.514128941948062,386.6155090332031,-42.211551666259766,90.74378967285156,0.44999998807907104,0.0,-0.2050182819366455,STRAIGHTENING,Completing lane change
32.18751907348633,5.569262431913454,386.6379089355469,-41.93579864501953,89.4835433959961,0.44999998807907104,0.0,-0.17690405249595642,STRAIGHTENING,Completing lane change
32.214866399765015,5.626153573511361,386.6635437011719,-41.6573371887207,88.3655776977539,0.5,0.0,-0.199101522564888,DRIVING,Path clear
32.23880958557129,5.675928144700657,386.694091796875,-41.37676239013672,87.2608642578125,0.5,0.0,-0.1536216139793396,DRIVING,Path clear
32.26973080635071,5.741879938827814,386.7283935546875,-41.0934944152832,86.24844360351562,0.5,0.0,-0.11011248081922531,DRIVING,Path clear
32.30280661582947,5.811468543197695,386.76416015625,-40.80683517456055,85.41504669189453,0.5,0.0,-0.07222519814968109,DRIVING,Path clear
32.32315444946289,5.88362220781548,386.80035400390625,-40.51648712158203,84.7982406616211,0.5,0.0,-0.04148982837796211,DRIVING,Path clear
32.34178709983826,5.9555647894973855,386.8359680175781,-40.22236633300781,84.37309265136719,0.5,0.0,-0.01735435612499714,DRIVING,Path clear
32.371997356414795,6.02817710834459,386.87060546875,-39.9244384765625,84.12630462646484,0.5,0.0,0.0005437649670056999,DRIVING,Path clear
32.39136791229248,6.100814483400316,386.9041442871094,-39.62270736694336,84.01349639892578,0.5,0.0,0.013642125762999058,DRIVING,Path clear
32.418660163879395,6.173777102770227,386.9363708496094,-39.31717300415039,84.01715850830078,0.5,0.0,0.022494932636618614,DRIVING,Path clear
32.443068504333496,6.247034183665905,386.96728515625,-39.00783157348633,84.09624481201172,0.5,0.0,0.02846609428524971,DRIVING,Path clear
32.46917128562927,6.32020854177441,386.9969787597656,-38.69469451904297,84.24070739746094,0.5,0.0,0.03191124275326729,DRIVING,Path clear
32.50774788856506,6.393614268108662,387.0254211425781,-38.377769470214844,84.41886901855469,0.5,0.0,0.03388584777712822,DRIVING,Path clear
32.52756643295288,6.466559449958991,387.052734375,-38.05707550048828,84.62968444824219,0.5,0.0,0.034443192183971405,DRIVING,Path clear
32.556257486343384,6.539598748220194,387.0788879394531,-37.732627868652344,84.84940338134766,0.5,0.0,0.03439059108495712,DRIVING,Path clear
32.58606672286987,6.611938366827176,387.1040954589844,-37.40446090698242,85.08322143554688,0.5,0.0,0.033586859703063965,DRIVING,Path clear
32.61641240119934,6.68423766350741,387.1280822753906,-37.07257843017578,85.31267547607422,0.5,0.0,0.03260751813650131,DRIVING,Path clear
32.64510488510132,6.755725575074842,387.151123046875,-36.73703384399414,85.5466079711914,0.5,0.0,0.03120453655719757,DRIVING,Path clear
32.67312812805176,6.827081263869092,387.1733093261719,-36.39784240722656,85.76953887939453,0.5,0.0,0.029929855838418007,DRIVING,Path clear
32.70707368850708,6.897581430603986,387.19451904296875,-36.0550422668457,85.99237823486328,0.5,0.0,0.028390591964125633,DRIVING,Path clear
32.73251271247864,6.967882408336544,387.21484375,-35.70866012573242,86.2016372680664,0.5,0.0,0.02695298008620739,DRIVING,Path clear
32.77830958366394,7.03733070198847,387.2342529296875,-35.35873031616211,86.40882110595703,0.5,0.0,0.024974580854177475,DRIVING,Path clear
32.82376790046692,7.106542749424227,387.2528381347656,-35.005287170410156,86.59989166259766,0.5,0.0,0.023911766707897186,DRIVING,Path clear
32.85406851768494,7.174903054622288,387.2706604003906,-34.64836502075195,86.78800201416016,0.5,0.0,0.023349493741989136,DRIVING,Path clear
32.88310885429382,7.242947602945217,387.28759765625,-34.28798294067383,86.96437072753906,0.5,0.0,0.02356807142496109,DRIVING,Path clear
32.91377091407776,7.310143563669098,387.3037109375,-33.9241828918457,87.1451187133789,0.5,0.0,0.024076027795672417,DRIVING,Path clear
32.94406843185425,7.377008784127136,387.31878662109375,-33.55698776245117,87.32228088378906,0.5,0.0,0.025105848908424377,DRIVING,Path clear
32.972678661346436,7.443024059705253,387.332763671875,-33.18642807006836,87.51091003417969,0.5,0.0,0.026146817952394485,DRIVING,Path clear
33.002954959869385,7.508725178286045,387.3455505371094,-32.81253433227539,87.70179748535156,0.5,0.0,0.027521712705492973,DRIVING,Path clear
33.034850120544434,7.573561723088375,387.3570556640625,-32.43533706665039,87.90830993652344,0.5,0.0,0.02876986563205719,DRIVING,Path clear
33.065075397491455,7.638111155463869,387.3670959472656,-32.05487060546875,88.12015533447266,0.5,0.0,0.03023623488843441,DRIVING,Path clear
33.09074401855469,7.701780074272329,387.3756408691406,-31.67116355895996,88.3494873046875,0.5,0.0,0.03150113299489021,DRIVING,Path clear
33.13489866256714,7.765197400539343,387.3825988769531,-31.28424644470215,88.58537292480469,0.5,0.0,0.03293805941939354,DRIVING,Path clear
33.14978528022766,7.827707653643119,387.38775634765625,-30.8941650390625,88.83917236328125,0.5,0.0,0.03414011746644974,DRIVING,Path clear
33.1768102645874,7.8900054422321695,387.39105224609375,-30.50094223022461,89.09977722167969,0.5,0.0,0.03549369424581528,DRIVING,Path clear
33.20537853240967,7.951371360158248,387.3924865722656,-30.104623794555664,89.37799835205078,0.5,0.0,0.0366402268409729,DRIVING,Path clear
33.233712911605835,8.012555392255187,387.3918151855469,-29.705244064331055,89.6628646850586,0.5,0.0,0.03792500123381615,DRIVING,Path clear
33.25351095199585,8.072785604779948,387.3890075683594,-29.302841186523438,89.96505737304688,0.5,0.0,0.0389949306845665,DRIVING,Path clear
33.28131294250488,8.132865823359195,387.3839416503906,-28.8974552154541,90.27363586425781,0.5,0.0,0.04021577909588814,DRIVING,Path clear
33.31308960914612,8.191968464556831,387.37652587890625,-28.4891300201416,90.59909057617188,0.5,0.0,0.04121262952685356,DRIVING,Path clear
33.33510971069336,8.250955093275852,387.36651611328125,-28.077909469604492,90.93063354492188,0.5,0.0,0.04234521463513374,DRIVING,Path clear
33.359758615493774,8.308942519492941,387.3539733886719,-27.663841247558594,91.27853393554688,0.5,0.0,0.043277446180582047,DRIVING,Path clear
33.39206671714783,8.366842718662697,387.3386535644531,-27.24696922302246,91.63219451904297,0.5,0.0,0.04433930292725563,DRIVING,Path clear
33.417606830596924,8.423724224212114,387.32049560546875,-26.827341079711914,92.00166320800781,0.5,0.0,0.045180968940258026,DRIVING,Path clear
33.4410674571991,8.480551384942181,387.2994384765625,-26.405004501342773,92.37648010253906,0.5,0.0,0.046187590807676315,DRIVING,Path clear
33.47104001045227,8.536337912496263,387.2754211425781,-25.980016708374023,92.76656341552734,0.5,0.0,0.047016218304634094,DRIVING,Path clear
33.48984241485596,8.59209588097798,387.2481994628906,-25.552425384521484,93.16183471679688,0.5,0.0,0.04796144366264343,DRIVING,Path clear
33.51400184631348,8.646797833328062,387.21771240234375,-25.122291564941406,93.57202911376953,0.5,0.0,0.06084037199616432,DRIVING,Path clear
33.5400390625,8.70019659350908,387.18310546875,-24.689783096313477,94.02713012695312,0.5,0.0,0.06036261096596718,DRIVING,Path clear
33.56867837905884,8.753204682728404,387.1441955566406,-24.254972457885742,94.5291748046875,0.5,0.0,0.058387391269207,DRIVING,Path clear
33.59516716003418,8.806786072109961,387.1012268066406,-23.817873001098633,95.03897857666016,0.5,0.0,0.05632369592785835,DRIVING,Path clear
33.62227821350098,8.859429280804338,387.0542907714844,-23.378509521484375,95.55020904541016,0.5,0.0,0.06406676024198532,DRIVING,Path clear
33.64195108413696,8.91123510649788,387.0028381347656,-22.937036514282227,96.07939910888672,0.5,0.0,0.06173624470829964,DRIVING,Path clear
33.67328405380249,8.962496256316793,386.94683837890625,-22.49352264404297,96.62948608398438,0.5,0.0,0.0587926059961319,DRIVING,Path clear
33.69606637954712,9.014294527272122,386.8863830566406,-22.04798126220703,97.17000579833984,0.5,0.0,0.056296274065971375,DRIVING,Path clear
33.72291278839111,9.065047430736273,386.82183837890625,-21.600433349609375,97.70109558105469,0.5,0.0,0.0642256960272789,DRIVING,Path clear
33.748454332351685,9.114880652852422,386.75250244140625,-21.151071548461914,98.2456283569336,0.5,0.0,0.06200435757637024,DRIVING,Path clear
33.77508807182312,9.164147072679057,386.67822265625,-20.699975967407227,98.80975341796875,0.5,0.0,0.059177037328481674,DRIVING,Path clear
33.799641132354736,9.2139740099104,386.5994567871094,-20.247148513793945,99.36432647705078,0.5,0.0,0.05686825141310692,DRIVING,Path clear
33.82810354232788,9.262744801240189,386.5160827636719,-19.79261589050293,99.90982055664062,0.5,0.0,0.06506810337305069,DRIVING,Path clear
33.85235953330994,9.310569090405492,386.427734375,-19.33660125732422,100.47050476074219,0.5,0.0,0.06289052963256836,DRIVING,Path clear
33.879501819610596,9.357852104209735,386.33416748046875,-18.879182815551758,101.05207061767578,0.5,0.0,0.06006469205021858,DRIVING,Path clear
33.905927658081055,9.40575141680487,386.2357482910156,-18.42036247253418,101.62470245361328,0.5,0.0,0.06769067049026489,DRIVING,Path clear
33.933162450790405,9.45134200794329,386.13189697265625,-17.960350036621094,102.22212982177734,0.5,0.0,0.06459438055753708,DRIVING,Path clear
33.95653033256531,9.497976831164406,386.02264404296875,-17.499223709106445,102.82855987548828,0.5,0.0,0.06749629229307175,DRIVING,Path clear
33.984177112579346,9.542982110070499,385.9078369140625,-17.03708839416504,103.45097351074219,0.5,0.0,0.06368095427751541,DRIVING,Path clear
34.01806926727295,9.588942924264684,385.78765869140625,-16.573974609375,104.06792449951172,0.5,0.0,0.06013236567378044,DRIVING,Path clear
34.044066429138184,9.633963105785488,385.6623840332031,-16.109865188598633,104.6708984375,0.5,0.0,0.057187799364328384,DRIVING,Path clear
34.07241439819336,9.679384793754387,385.5320739746094,-15.644782066345215,105.24652862548828,0.5,0.0,0.065630242228508,DRIVING,Path clear
34.096986293792725,9.72230648521334,385.3962097167969,-15.17900562286377,105.84127807617188,0.5,0.0,0.06328653544187546,DRIVING,Path clear
34.12251830101013,9.766192558918164,385.2546691894531,-14.712644577026367,106.44690704345703,0.5,0.0,0.0606522336602211,DRIVING,Path clear
34.14643931388855,9.809233922681406,385.1078186035156,-14.245664596557617,107.05109405517578,0.5,0.0,0.06847935169935226,DRIVING,Path clear
34.17432975769043,9.851398127649723,384.9549865722656,-13.778355598449707,107.67298126220703,0.5,0.0,0.06550779938697815,DRIVING,Path clear
34.2001211643219,9.893156998791643,384.79632568359375,-13.310787200927734,108.3131332397461,0.5,0.0,0.06196919083595276,DRIVING,Path clear
34.22571301460266,9.935724712754565,384.6320495605469,-12.842917442321777,108.93952178955078,0.5,0.0,0.06929315626621246,DRIVING,Path clear
34.25212121009827,9.9758526291693,384.4617614746094,-12.375022888183594,109.58592224121094,0.5,0.0,0.06572835892438889,DRIVING,Path clear
34.28113150596619,10.017036380454996,384.28546142578125,-11.907174110412598,110.23775482177734,0.5,0.0,0.06201845034956932,DRIVING,Path clear
34.30707144737244,10.057403669572945,384.10345458984375,-11.43930435180664,110.8795394897461,0.5,0.0,0.058743916451931,DRIVING,Path clear
34.334256649017334,10.09831603849252,383.9159240722656,-10.971415519714355,111.4940185546875,0.5,0.0,0.06695373356342316,DRIVING,Path clear
34.368149757385254,10.136739577295293,383.722412109375,-10.5038423538208,112.12586975097656,0.5,0.0,0.0642913207411766,DRIVING,Path clear
34.3919939994812,10.176246551144294,383.5227966308594,-10.036703109741211,112.76692199707031,0.5,0.0,0.06135907396674156,DRIVING,Path clear
34.41690945625305,10.21497882279715,383.31744384765625,-9.569924354553223,113.4033203125,0.5,0.0,0.06911048293113708,DRIVING,Path clear
34.44313716888428,10.25276162155869,383.1059265136719,-9.103864669799805,114.05565643310547,0.5,0.0,0.06602691859006882,DRIVING,Path clear
34.4718074798584,10.290055372453159,382.88812255859375,-8.638617515563965,114.72460174560547,0.5,0.0,0.06237185746431351,DRIVING,Path clear
34.497310638427734,10.328351984424662,382.6644592285156,-8.17409610748291,115.37841796875,0.5,0.0,0.06975934654474258,DRIVING,Path clear
34.525405168533325,10.364147252395869,382.4344177246094,-7.710618495941162,116.05138397216797,0.5,0.0,0.06614343822002411,DRIVING,Path clear
34.54961681365967,10.40129624296984,382.1981201171875,-7.24826717376709,116.72986602783203,0.5,0.0,0.0623726025223732,DRIVING,Path clear
34.5745792388916,10.437638392356158,381.9559020996094,-6.786922454833984,117.3968505859375,0.5,0.0,0.06949834525585175,DRIVING,Path clear
34.600679874420166,10.473149609429756,381.7072448730469,-6.3269548416137695,118.07331085205078,0.5,0.0,0.06595901399850845,DRIVING,Path clear
34.62694549560547,10.508282075550133,381.4523010253906,-5.8684282302856445,118.76063537597656,0.5,0.0,0.06206801161170006,DRIVING,Path clear
34.65546011924744,10.544362956817785,381.1912841796875,-5.411232948303223,119.42823028564453,0.5,0.0,0.058935314416885376,DRIVING,Path clear
34.68029570579529,10.579384160162117,380.9245910644531,-4.955307483673096,120.07429504394531,0.5,0.0,0.06721431016921997,DRIVING,Path clear
34.70939350128174,10.61340842494367,380.6516418457031,-4.501102447509766,120.7306900024414,0.5,0.0,0.06473075598478317,DRIVING,Path clear
34.744340658187866,10.646986586388453,380.3724060058594,-4.048720836639404,121.40414428710938,0.5,0.0,0.06169862300157547,DRIVING,Path clear
34.7739360332489,10.68148648254001,380.0872497558594,-3.5980687141418457,122.0658950805664,0.5,0.0,0.06971549242734909,DRIVING,Path clear
34.81992316246033,10.713371376956806,379.7957458496094,-3.1495518684387207,122.75148010253906,0.5,0.0,0.06647837907075882,DRIVING,Path clear
34.84709191322327,10.746716440428836,379.4977722167969,-2.703275203704834,123.4476547241211,0.5,0.0,0.06289232522249222,DRIVING,Path clear
34.880072355270386,10.779292625775744,379.1937561035156,-2.259080648422241,124.13523864746094,0.5,0.0,0.07018417119979858,DRIVING,Path clear
34.91527795791626,10.811061260588724,378.88336181640625,-1.8173986673355103,124.8350601196289,0.5,0.0,0.06662732362747192,DRIVING,Path clear
34.95399332046509,10.842514435703526,378.56658935546875,-1.378287434577942,125.54684448242188,0.5,0.0,0.06267008185386658,DRIVING,Path clear
34.97671175003052,10.87503420572496,378.2437438964844,-0.9415975213050842,126.23918151855469,0.5,0.0,0.06995819509029388,DRIVING,Path clear
35.00310158729553,10.904898690270006,377.9146728515625,-0.5077366828918457,126.94731140136719,0.5,0.0,0.06627493351697922,DRIVING,Path clear
35.0292592048645,10.936296144880972,377.5792236328125,-0.07679172605276108,127.65946960449219,0.5,0.0,0.06246664747595787,DRIVING,Path clear
35.05879211425781,10.966893232600153,377.2377624511719,0.3514310121536255,128.35791015625,0.5,0.0,0.06970500946044922,DRIVING,Path clear
35.08760690689087,10.996679017103222,376.8900451660156,0.7764768600463867,129.06585693359375,0.5,0.0,0.06619855016469955,DRIVING,Path clear
35.112359046936035,11.026140616792508,376.5361328125,1.19829261302948,129.78439331054688,0.5,0.0,0.062333349138498306,DRIVING,Path clear
35.140361070632935,11.056698948710515,376.1761779785156,1.6170506477355957,130.48324584960938,0.5,0.0,0.06972837448120117,DRIVING,Path clear
35.17102885246277,11.084564410592883,375.81011962890625,2.0323171615600586,131.1980743408203,0.5,0.0,0.0661439299583435,DRIVING,Path clear
35.19606280326843,11.114019800551945,375.4378356933594,2.444005012512207,131.91795349121094,0.5,0.0,0.06239762157201767,DRIVING,Path clear
35.22534418106079,11.142674260918982,375.0597229003906,2.852332353591919,132.6244354248047,0.5,0.0,0.06971105933189392,DRIVING,Path clear
35.25507164001465,11.170530134733552,374.6755065917969,3.2568163871765137,133.34124755859375,0.5,0.0,0.06622984260320663,DRIVING,Path clear
35.28049945831299,11.198080988210576,374.28521728515625,3.657406806945801,134.06900024414062,0.5,0.0,0.06237407028675079,DRIVING,Path clear
35.30837273597717,11.226782348270039,373.88916015625,4.054300308227539,134.77732849121094,0.5,0.0,0.06979865580797195,DRIVING,Path clear
35.338128089904785,11.252750755341191,373.4870910644531,4.4470391273498535,135.50192260742188,0.5,0.0,0.06620146334171295,DRIVING,Path clear
35.366379499435425,11.280449013027189,373.0791320800781,4.835550308227539,136.2314453125,0.5,0.0,0.062469735741615295,DRIVING,Path clear
35.39680814743042,11.307142905047783,372.66546630859375,5.220043182373047,136.94766235351562,0.5,0.0,0.0697760358452797,DRIVING,Path clear
35.41942310333252,11.33313809569391,372.2458801269531,5.600017547607422,137.67449951171875,0.5,0.0,0.06626483052968979,DRIVING,Path clear
35.44788837432861,11.358690679721862,371.82049560546875,5.975452899932861,138.41217041015625,0.5,0.0,0.062386270612478256,DRIVING,Path clear
35.47413110733032,11.385486871886348,371.38958740234375,6.346638202667236,139.12979125976562,0.5,0.0,0.06983835995197296,DRIVING,Path clear
35.514066219329834,11.40948812774961,370.9530029296875,6.713013648986816,139.86331176757812,0.5,0.0,0.06626392155885696,DRIVING,Path clear
35.54406714439392,11.435154130464534,370.5106506347656,7.074467182159424,140.6024627685547,0.5,0.0,0.0625043511390686,DRIVING,Path clear
35.569212913513184,11.460034030977367,370.0628967285156,7.4312262535095215,141.3273162841797,0.5,0.0,0.0698346421122551,DRIVING,Path clear
35.599095821380615,11.483959810280458,369.6095886230469,7.782853126525879,142.0633087158203,0.5,0.0,0.06631200760602951,DRIVING,Path clear
35.62901258468628,11.500380165918935,369.150390625,8.129462242126465,142.81930541992188,0.5,0.0,0.061988070607185364,DRIVING,Path clear
35.65941405296326,11.52034086348443,368.68585205078125,8.471209526062012,143.5519561767578,0.5,0.0,0.06916282325983047,DRIVING,Path clear
35.68366098403931,11.53560390341127,368.2162170410156,8.807796478271484,144.2964324951172,0.5,0.0,0.06546452641487122,DRIVING,Path clear
35.71324419975281,11.557661220802537,367.7411193847656,9.138084411621094,145.03506469726562,0.5,0.0,0.07222048193216324,DRIVING,Path clear
35.74489760398865,11.572502698888762,367.2607421875,9.462239265441895,145.8007049560547,0.5,0.0,0.06761006265878677,DRIVING,Path clear
35.77587556838989,11.58939171304891,366.775146484375,9.779711723327637,146.5713653564453,0.5,0.0,0.0684298723936081,DRIVING,Path clear
35.807005167007446,11.60836067709535,366.2865905761719,10.092073440551758,147.32154846191406,0.5,0.0,0.06454934179782867,DRIVING,Path clear
35.83528995513916,11.626925822990387,365.79400634765625,10.398688316345215,148.05169677734375,0.5,0.0,0.06141338124871254,DRIVING,Path clear
35.86524224281311,11.646026981534062,365.2965087890625,10.699478149414062,148.77203369140625,0.5,0.0,0.06921078264713287,DRIVING,Path clear
35.89709663391113,11.663731651487609,364.79412841796875,10.994254112243652,149.50611877441406,0.5,0.0,0.06603559851646423,DRIVING,Path clear
35.92706894874573,11.677430974615692,364.2872619628906,11.281563758850098,150.24473571777344,0.5,0.0,0.06237667798995972,DRIVING,Path clear
35.9575719833374,11.697896521990515,363.7763977050781,11.564679145812988,150.97792053222656,0.5,0.0,0.0700564831495285,DRIVING,Path clear
35.99340534210205,11.713831303343884,363.26104736328125,11.841797828674316,151.73252868652344,0.5,0.0,0.06650763750076294,DRIVING,Path clear
36.01808047294617,11.731123633204605,362.7411193847656,12.11231517791748,152.49241638183594,0.5,0.0,0.07324983924627304,DRIVING,Path clear
36.04698610305786,11.745647262202366,362.21673583984375,12.375823974609375,153.27699279785156,0.5,0.0,0.06859242916107178,DRIVING,Path clear
36.073140382766724,11.762424438164958,361.68804931640625,12.6323823928833,154.06585693359375,0.5,0.0,0.06373148411512375,DRIVING,Path clear
36.10456705093384,11.77856760458242,361.1552734375,12.882455825805664,154.83302307128906,0.5,0.0,0.0701351910829544,DRIVING,Path clear
36.149195194244385,11.794127952239577,360.6184387207031,13.125572204589844,155.60142517089844,0.5,0.0,0.06600353121757507,DRIVING,Path clear
36.17776274681091,11.809533822041436,360.0777282714844,13.36179256439209,156.37144470214844,0.5,0.0,0.06178873032331467,DRIVING,Path clear
36.20635771751404,11.82636300194007,359.5333251953125,13.591479301452637,157.11459350585938,0.5,0.0,0.06911003589630127,DRIVING,Path clear
36.241077184677124,11.840333166286246,358.9852294921875,13.814143180847168,157.86849975585938,0.5,0.0,0.06555378437042236,DRIVING,Path clear
36.2661337852478,11.85625515256942,358.4334411621094,14.02974796295166,158.6256866455078,0.5,0.0,0.06189547851681709,DRIVING,Path clear
36.291672706604004,11.87140139590082,357.8782653808594,14.238677978515625,159.36721801757812,0.5,0.0,0.0694054514169693,DRIVING,Path clear
36.32375693321228,11.885817743768955,357.3197326660156,14.4403657913208,160.11961364746094,0.5,0.0,0.0660458654165268,DRIVING,Path clear
36.35554575920105,11.900050849447934,356.75775146484375,14.63481330871582,160.88330078125,0.5,0.0,0.06228218227624893,DRIVING,Path clear
36.389981269836426,11.9157214436274,356.19281005859375,14.822352409362793,161.62820434570312,0.5,0.0,0.06984685361385345,DRIVING,Path clear
36.41686654090881,11.928493636486566,355.62457275390625,15.00246524810791,162.3892822265625,0.5,0.0,0.06630053371191025,DRIVING,Path clear
36.44738173484802,11.943302768102635,355.0533142089844,15.175105094909668,163.15701293945312,0.5,0.0,0.07305210828781128,DRIVING,Path clear
36.48186802864075,11.955407016543708,354.47906494140625,15.339892387390137,163.95018005371094,0.5,0.0,0.06840617209672928,DRIVING,Path clear
36.511635303497314,11.969860840822665,353.9019470214844,15.49688720703125,164.74876403808594,0.5,0.0,0.06354394555091858,DRIVING,Path clear
36.54087209701538,11.98362020391059,353.32220458984375,15.646564483642578,165.52552795410156,0.5,0.0,0.06998925656080246,DRIVING,Path clear
36.56825876235962,11.996781344160578,352.73980712890625,15.788426399230957,166.30381774902344,0.5,0.0,0.06588134169578552,DRIVING,Path clear
36.6216197013855,12.00975981787985,352.1549072265625,15.922539710998535,167.08367919921875,0.5,0.0,0.06169268861413002,DRIVING,Path clear
36.648953676223755,12.02422103054052,351.5676574707031,16.049297332763672,167.8369140625,0.5,0.0,0.06905988603830338,DRIVING,Path clear
36.68087601661682,12.035746985728174,350.97802734375,16.168209075927734,168.60086059570312,0.5,0.0,0.0655263215303421,DRIVING,Path clear
36.71077084541321,12.049324864146573,350.3863525390625,16.27924919128418,169.3685302734375,0.5,0.0,0.0622161366045475,DRIVING,Path clear
36.73935317993164,12.06206028353557,349.7926025390625,16.38282012939453,170.12161254882812,0.5,0.0,0.07293041795492172,DRIVING,Path clear
36.770530462265015,12.07348049499538,349.1968994140625,16.47810935974121,170.89944458007812,0.5,0.0,0.06894553452730179,DRIVING,Path clear
36.80307674407959,12.08513628612293,348.59930419921875,16.56510353088379,171.6990966796875,0.5,0.0,0.07141786068677902,DRIVING,Path clear
36.837034463882446,12.098013603487557,347.99993896484375,16.643644332885742,172.50747680664062,0.5,0.0,0.062280889600515366,DRIVING,Path clear
36.88896918296814,12.11182324162994,347.3991394042969,16.714553833007812,173.29107666015625,0.5,0.0,0.05244644358754158,DRIVING,Path clear
36.92074394226074,12.127267259823483,346.79681396484375,16.778642654418945,174.00457763671875,0.5,0.0,0.05017539858818054,DRIVING,Path clear
36.94810509681702,12.140674644529826,346.193115234375,16.836162567138672,174.65965270996094,0.5,0.0,0.04145492985844612,DRIVING,Path clear
36.97994685173035,12.15542839499342,345.5881042480469,16.887739181518555,175.24386596679688,0.5,0.0,0.03395586088299751,DRIVING,Path clear
37.01090431213379,12.16951717263021,344.9817810058594,16.934185028076172,175.75123596191406,0.5,0.0,0.03293474018573761,DRIVING,Path clear
37.04704427719116,12.183783574930409,344.37420654296875,16.976011276245117,176.1996612548828,0.5,0.0,0.0277280043810606,DRIVING,Path clear
37.07807016372681,12.193460407660957,343.7654724121094,17.013431549072266,176.60140991210938,0.5,0.0,0.02322772517800331,DRIVING,Path clear
37.10812783241272,12.204577634256443,343.1555480957031,17.047374725341797,176.94491577148438,0.5,0.0,0.02373354509472847,DRIVING,Path clear
37.136682987213135,12.21608224086467,342.5450744628906,17.07766342163086,177.2552947998047,0.5,0.0,0.02071162313222885,DRIVING,Path clear
37.168212890625,12.22799427413839,341.9338684082031,17.104822158813477,177.53692626953125,0.5,0.0,0.02105630375444889,DRIVING,Path clear
37.2035768032074,12.239336124940547,341.3219909667969,17.128995895385742,177.80287170410156,0.5,0.0,0.01821810193359852,DRIVING,Path clear
37.237069606781006,12.248913091031561,340.7098693847656,17.15032386779785,178.04576110839844,0.5,0.0,0.01564641110599041,DRIVING,Path clear
37.28266191482544,12.26042896669837,340.0976867675781,17.169403076171875,178.26502990722656,0.5,0.0,0.013477145694196224,DRIVING,Path clear
37.31927752494812,12.271510691921227,339.4846496582031,17.18647003173828,178.45785522460938,0.5,0.0,0.011839240789413452,DRIVING,Path clear
37.3550751209259,12.2821335677836,338.8711242675781,17.201763153076172,178.6290740966797,0.5,0.0,0.010611517354846,DRIVING,Path clear
37.390376806259155,12.292845572768185,338.2569885253906,17.21540069580078,178.7783203125,0.5,0.0,0.009829417802393436,DRIVING,Path clear
37.43519115447998,12.30315376210367,337.6423645019531,17.227550506591797,178.91470336914062,0.5,0.0,0.00921621359884739,DRIVING,Path clear
37.459057569503784,12.312642141278461,337.027099609375,17.238279342651367,179.0376739501953,0.5,0.0,0.008802122436463833,DRIVING,Path clear
37.49323129653931,12.32162878618933,336.4112548828125,17.24773597717285,179.15451049804688,0.5,0.0,0.008370659314095974,DRIVING,Path clear
37.52447748184204,12.330846095921874,335.79486083984375,17.25596046447754,179.2622528076172,0.5,0.0,0.00803002156317234,DRIVING,Path clear
37.560343503952026,12.339898426457474,335.1780090332031,17.26304817199707,179.3666229248047,0.5,0.0,0.007604499347507954,DRIVING,Path clear
37.58607292175293,12.349073122685265,334.5606689453125,17.26904296875,179.46360778808594,0.5,0.0,0.007236711215227842,DRIVING,Path clear
37.6130735874176,12.357629444727763,333.94305419921875,17.27401351928711,179.55767822265625,0.5,0.0,0.006787036545574665,DRIVING,Path clear
37.64477825164795,12.366358936484076,333.3250732421875,17.278017044067383,179.64466857910156,0.5,0.0,0.006406425032764673,DRIVING,Path clear
37.675822496414185,12.374913243393669,332.7066650390625,17.2811336517334,179.72903442382812,0.5,0.0,0.005960176233202219,DRIVING,Path clear
37.70812273025513,12.38349414380936,332.087890625,17.283390045166016,179.80636596679688,0.5,0.0,0.005599748343229294,DRIVING,Path clear
37.73660326004028,12.39109820939277,331.4685974121094,17.28485107421875,179.88124084472656,0.5,0.0,0.005182923749089241,DRIVING,Path clear
37.76936388015747,12.398395559593022,330.8487854003906,17.285560607910156,179.94915771484375,0.5,0.0,0.004868897143751383,DRIVING,Path clear
37.801082611083984,12.40564918474465,330.22857666015625,17.285579681396484,-179.98521423339844,0.5,0.0,0.00451264251023531,DRIVING,Path clear
37.83418846130371,12.413037569625722,329.6080322265625,17.28492546081543,-179.9261016845703,0.5,0.0,0.004257740918546915,DRIVING,Path clear
37.86643409729004,12.420310153977947,328.9870910644531,17.283668518066406,-179.86883544921875,0.5,0.0,0.003960818517953157,DRIVING,Path clear
37.91530466079712,12.427254201485546,328.365966796875,17.281810760498047,-179.81724548339844,0.5,0.0,0.0037491032853722572,DRIVING,Path clear
37.95027756690979,12.43413669637451,327.74456787109375,17.279422760009766,-179.7670135498047,0.5,0.0,0.0034917769953608513,DRIVING,Path clear
37.99385333061218,12.441074470421839,327.1228942871094,17.27651596069336,-179.7218017578125,0.5,0.0,0.0033125353511422873,DRIVING,Path clear
38.02938485145569,12.447854275902742,326.5008850097656,17.27313804626465,-179.67726135253906,0.5,0.0,0.003075172659009695,DRIVING,Path clear
38.06511998176575,12.453951790328325,325.87847900390625,17.2692928314209,-179.63735961914062,0.5,0.0,0.002912363037467003,DRIVING,Path clear
38.10241627693176,12.459473020978152,325.2556457519531,17.265039443969727,-179.5977325439453,0.5,0.0,0.0026885278057307005,DRIVING,Path clear
38.13565278053284,12.46513390769042,324.63250732421875,17.260374069213867,-179.56277465820312,0.5,0.0,0.002550421981140971,DRIVING,Path clear
38.17262291908264,12.470787203068301,324.00909423828125,17.255348205566406,-179.5279998779297,0.5,0.0,0.0023570889607071877,DRIVING,Path clear
38.21398115158081,12.476498315863688,323.3854064941406,17.249958038330078,-179.49745178222656,0.5,0.0,0.002242425689473748,DRIVING,Path clear
38.248066902160645,12.481802898642547,322.7615661621094,17.244245529174805,-179.4669647216797,0.5,0.0,0.0020744812209159136,DRIVING,Path clear
38.2776153087616,12.487148584873026,322.1375732421875,17.238218307495117,-179.44024658203125,0.5,0.0,0.0019784963224083185,DRIVING,Path clear
38.312058448791504,12.492433798210634,321.51336669921875,17.231908798217773,-179.41326904296875,0.5,0.0,0.0018255070317536592,DRIVING,Path clear
38.33815789222717,12.49769157013097,320.8888854980469,17.22531509399414,-179.38983154296875,0.5,0.0,0.0017426428385078907,DRIVING,Path clear
38.37172198295593,12.502185522512697,320.26409912109375,17.218473434448242,-179.36572265625,0.5,0.0,0.001595021109096706,DRIVING,Path clear
38.40412092208862,12.506233498292096,319.63897705078125,17.211381912231445,-179.34512329101562,0.5,0.0,0.0015222252113744617,DRIVING,Path clear
38.43506622314453,12.510325970491916,319.01361083984375,17.204078674316406,-179.32394409179688,0.5,0.0,0.0013942671939730644,DRIVING,Path clear
38.464104890823364,12.514512667579517,318.3880920410156,17.19654655456543,-179.3060760498047,0.5,0.0,0.0013381863245740533,DRIVING,Path clear
38.489675521850586,12.518684542319365,317.7622985839844,17.18882942199707,-179.2874298095703,0.5,0.0,0.0012246666010469198,DRIVING,Path clear
38.53417491912842,12.52256457074781,317.1364440917969,17.180912017822266,-179.27188110351562,0.5,0.0,0.0011803308734670281,DRIVING,Path clear
38.55857968330383,12.526417895215825,316.5105285644531,17.172836303710938,-179.2554473876953,0.5,0.0,0.0010796072892844677,DRIVING,Path clear
38.59043216705322,12.530297453142175,315.88446044921875,17.164587020874023,-179.24185180664062,0.5,0.0,0.0010440079495310783,DRIVING,Path clear
38.62037110328674,12.534096993828928,315.2582092285156,17.156190872192383,-179.2272186279297,0.5,0.0,0.0009489911608397961,DRIVING,Path clear
38.65350699424744,12.5371435039939,314.6317443847656,17.14763641357422,-179.2153778076172,0.5,0.0,0.0009205189417116344,DRIVING,Path clear
38.682523012161255,12.539774341120784,314.0050048828125,17.138957977294922,-179.2022247314453,0.5,0.0,0.0008274854044429958,DRIVING,Path clear
38.715571880340576,12.542521713893382,313.3780822753906,17.13014030456543,-179.19192504882812,0.5,0.0,0.0008065360016189516,DRIVING,Path clear
38.746100664138794,12.54532284027929,312.75103759765625,17.121213912963867,-179.18031311035156,0.5,0.0,0.0007234542863443494,DRIVING,Path clear
38.780648946762085,12.548171777243397,312.1238098144531,17.112163543701172,-179.1714324951172,0.5,0.0,0.0007104261894710362,DRIVING,Path clear
38.81106376647949,12.550605596893346,311.4966125488281,17.103017807006836,-179.1611785888672,0.5,0.0,0.0006354929064400494,DRIVING,Path clear
38.84221315383911,12.553174687293513,310.8694152832031,17.093769073486328,-179.1534423828125,0.5,0.0,0.0006266902782954276,DRIVING,Path clear
38.87214493751526,12.555740264258032,310.24212646484375,17.084436416625977,-179.1443328857422,0.5,0.0,0.0005583055899478495,DRIVING,Path clear
38.90406799316406,12.558277426835346,309.6147155761719,17.07500648498535,-179.13766479492188,0.5,0.0,0.0005548092303797603,DRIVING,Path clear
38.9402756690979,12.560021024505511,308.9870910644531,17.065502166748047,-179.1294403076172,0.5,0.0,0.0004870085103902966,DRIVING,Path clear
38.967092752456665,12.561420827394489,308.35931396484375,17.055910110473633,-179.12371826171875,0.5,0.0,0.00048810860607773066,DRIVING,Path clear
38.99937176704407,12.56291119421666,307.7314147949219,17.0462589263916,-179.11639404296875,0.5,0.0,0.00042618083534762263,DRIVING,Path clear
39.031070709228516,12.564500765804107,307.1034240722656,17.036527633666992,-179.11143493652344,0.5,0.0,0.0004295629623811692,DRIVING,Path clear
39.06014680862427,12.566120518424482,306.4753723144531,17.026742935180664,-179.10491943359375,0.5,0.0,0.00037225731648504734,DRIVING,Path clear
39.09068322181702,12.567368512324022,305.8473815917969,17.01689338684082,-179.10073852539062,0.5,0.0,0.00038153433706611395,DRIVING,Path clear
39.12100625038147,12.568735592482021,305.2194519042969,17.00699806213379,-179.09490966796875,0.5,0.0,0.0003275649796705693,DRIVING,Path clear
39.15185856819153,12.57012808118186,304.5914611816406,16.997041702270508,-179.09130859375,0.5,0.0,0.0003380801936145872,DRIVING,Path clear
39.18552207946777,12.571484021237588,303.96343994140625,16.98704719543457,-179.0860137939453,0.5,0.0,0.0002852920151781291,DRIVING,Path clear
39.210824489593506,12.572060202971999,303.3352355957031,16.976993560791016,-179.0830078125,0.5,0.0,0.00029946910217404366,DRIVING,Path clear
39.24319243431091,12.572307372519226,302.7069091796875,16.966909408569336,-179.07818603515625,0.5,0.0,0.00024800709798000753,DRIVING,Path clear
39.27631115913391,12.572680314158484,302.07855224609375,16.956769943237305,-179.07562255859375,0.5,0.0,0.00026262839674018323,DRIVING,Path clear
39.3070867061615,12.573144663237041,301.4501647949219,16.946605682373047,-179.0712890625,0.5,0.0,0.00021376358927227557,DRIVING,Path clear
39.339417695999146,12.57366849864323,300.8218078613281,16.936397552490234,-179.06918334960938,0.5,0.0,0.00023199942370411009,DRIVING,Path clear
39.37039613723755,12.573831476199608,300.1935729980469,16.92616844177246,-179.06533813476562,0.5,0.0,0.0001882075157482177,DRIVING,Path clear
39.39924097061157,12.57412835157678,299.5654296875,16.9158992767334,-179.06358337402344,0.5,0.0,0.00020701038010884076,DRIVING,Path clear
39.43096423149109,12.574449711755975,298.9373474121094,16.90561294555664,-179.06005859375,0.5,0.0,0.00016355847765225917,DRIVING,Path clear
39.461788177490234,12.574752422131594,298.30914306640625,16.895288467407227,-179.05865478515625,0.5,0.0,0.00018495015683583915,DRIVING,Path clear
39.50439977645874,12.574257162402287,297.6808776855469,16.884946823120117,-179.05538940429688,0.5,0.0,0.00014118035323917866,DRIVING,Path clear
39.53307795524597,12.573482406524045,297.0525817871094,16.874570846557617,-179.0543212890625,0.5,0.0,0.00016499472258146852,DRIVING,Path clear
39.56551218032837,12.572835976189547,296.4242858886719,16.864187240600586,-179.0513153076172,0.5,0.0,0.00012289636651985347,DRIVING,Path clear
39.596938133239746,12.572299010202789,295.7960205078125,16.853769302368164,-179.05044555664062,0.5,0.0,0.00014606816694140434,DRIVING,Path clear
39.637768030166626,12.571823284497594,295.167724609375,16.843341827392578,-179.0477294921875,0.5,0.0,0.00010631100303726271,DRIVING,Path clear
39.67006993293762,12.5710118474401,294.5396728515625,16.8328914642334,-179.0470428466797,0.5,0.0,0.00012952100951224566,DRIVING,Path clear
39.702351331710815,12.570330874332571,293.9117431640625,16.82243537902832,-179.04457092285156,0.5,0.0,9.198833868140355e-05,DRIVING,Path clear
39.735241174697876,12.569686999470614,293.2839050292969,16.811952590942383,-179.0441436767578,0.5,0.0,0.00011732296115951613,DRIVING,Path clear
39.766600370407104,12.569029244449089,292.6560974121094,16.801467895507812,-179.04180908203125,0.5,0.0,7.916868344182149e-05,DRIVING,Path clear
39.79413986206055,12.56743158919551,292.0282287597656,16.79095458984375,-179.04153442382812,0.5,0.0,0.00010489873238839209,DRIVING,Path clear
39.82908391952515,12.565732525244538,291.40032958984375,16.780441284179688,-179.03932189941406,0.5,0.0,6.612580909859389e-05,DRIVING,Path clear
39.855074644088745,12.564177438046606,290.77252197265625,16.76990509033203,-179.03921508789062,0.5,0.0,9.305655112257227e-05,DRIVING,Path clear
39.88957858085632,12.562734119537124,290.1447448730469,16.759370803833008,-179.03720092773438,0.5,0.0,5.6976226915139705e-05,DRIVING,Path clear
39.91848134994507,12.561259092813899,289.5170593261719,16.748815536499023,-179.03720092773438,0.5,0.0,8.413405885221437e-05,DRIVING,Path clear
39.94816327095032,12.559573762108087,288.8896484375,16.738264083862305,-179.03533935546875,0.5,0.0,4.89434132759925e-05,DRIVING,Path clear
39.98108696937561,12.558018333777257,288.26239013671875,16.72769546508789,-179.03543090820312,0.5,0.0,7.575641211587936e-05,DRIVING,Path clear
40.00991916656494,12.556503825806299,287.6352233886719,16.71712875366211,-179.0336456298828,0.5,0.0,3.983585338573903e-05,DRIVING,Path clear
40.04507350921631,12.55498529063242,287.0081481933594,16.70654296875,-179.0338897705078,0.5,0.0,6.807349564041942e-05,DRIVING,Path clear
40.07227444648743,12.552515438869479,286.3810729980469,16.695964813232422,-179.0321502685547,0.5,0.0,3.1601528462488204e-05,DRIVING,Path clear
40.1045777797699,12.549974895626725,285.7540283203125,16.685367584228516,-179.0325469970703,0.5,0.0,6.284919800236821e-05,DRIVING,Path clear
40.13261437416077,12.54758492332255,285.1271057128906,16.674776077270508,-179.03094482421875,0.5,0.0,2.8183112590340897e-05,DRIVING,Path clear
40.16566276550293,12.545317701766924,284.5002746582031,16.664167404174805,-179.0313720703125,0.5,0.0,5.7735687732929364e-05,DRIVING,Path clear
40.19636940956116,12.543027530800854,283.87353515625,16.653564453125,-179.02980041503906,0.5,0.0,2.172653330489993e-05,DRIVING,Path clear
40.22210097312927,12.540533254200032,283.24713134765625,16.642953872680664,-179.03024291992188,0.5,0.0,5.043069540988654e-05,DRIVING,Path clear
40.25340557098389,12.538174564154886,282.6209411621094,16.632352828979492,-179.0288543701172,0.5,0.0,1.8991497199749574e-05,DRIVING,Path clear
40.28493285179138,12.535862443839143,281.9948425292969,16.621734619140625,-179.0293731689453,0.5,0.0,4.8113557568285614e-05,DRIVING,Path clear
40.317153453826904,12.533555432047264,281.3689270019531,16.611127853393555,-179.02798461914062,0.5,0.0,1.4962915884098038e-05,DRIVING,Path clear
40.35077095031738,12.530293097631809,280.7430114746094,16.600502014160156,-179.02862548828125,0.5,0.0,4.631710544344969e-05,DRIVING,Path clear
40.38109350204468,12.526994366566827,280.1171569824219,16.589887619018555,-179.02719116210938,0.5,0.0,1.0367775757913478e-05,DRIVING,Path clear
40.416524171829224,12.523851761819499,279.4914855957031,16.579259872436523,-179.02784729003906,0.5,0.0,4.108174834982492e-05,DRIVING,Path clear
40.445085287094116,12.520838905897676,278.8659362792969,16.56864356994629,-179.0264892578125,0.5,0.0,6.3494585447188e-06,DRIVING,Path clear
40.47726631164551,12.517813289937566,278.24053955078125,16.558015823364258,-179.02719116210938,0.5,0.0,3.776511948672123e-05,DRIVING,Path clear
40.51007437705994,12.514587488283992,277.6155090332031,16.547401428222656,-179.0259246826172,0.5,0.0,4.814487510884646e-06,DRIVING,Path clear
40.536582946777344,12.51150432912536,276.9906921386719,16.536773681640625,-179.02662658691406,0.5,0.0,3.460424341028556e-05,DRIVING,Path clear
40.57421922683716,12.50847928129576,276.3660583496094,16.526159286499023,-179.02537536621094,0.5,0.0,1.2484703120207996e-06,DRIVING,Path clear
40.60012221336365,12.50546170504992,275.7416076660156,16.515535354614258,-179.02615356445312,0.5,0.0,3.404772360227071e-05,DRIVING,Path clear
40.633272647857666,12.501490235888033,275.1171875,16.504920959472656,-179.02487182617188,0.5,0.0,-1.3291272580318036e-06,DRIVING,Path clear
40.664875984191895,12.49748952776939,274.4928894042969,16.494293212890625,-179.02574157714844,0.5,0.0,3.251078669563867e-05,DRIVING,Path clear
40.69877862930298,12.493658985370145,273.8687744140625,16.483675003051758,-179.02450561523438,0.5,0.0,-2.57163242167735e-06,DRIVING,Path clear
40.73300218582153,12.489966941641248,273.24481201171875,16.473051071166992,-179.0253448486328,0.5,0.0,2.9813436412950978e-05,DRIVING,Path clear
40.760571241378784,12.486271184664597,272.62109375,16.462438583374023,-179.024169921875,0.5,0.0,-3.3189419355039718e-06,DRIVING,Path clear
40.791452407836914,12.482378134173304,271.9977111816406,16.451818466186523,-179.0249786376953,0.5,0.0,2.6932641048915684e-05,DRIVING,Path clear
40.82333469390869,12.478635434890181,271.3746032714844,16.441211700439453,-179.02381896972656,0.5,0.0,-6.5713916228560265e-06,DRIVING,Path clear
40.85511040687561,12.474953539670492,270.751708984375,16.43059730529785,-179.02471923828125,0.5,0.0,2.646944994921796e-05,DRIVING,Path clear
40.882145166397095,12.471295394077952,270.1290283203125,16.41999626159668,-179.0235595703125,0.5,0.0,-7.532428298873128e-06,DRIVING,Path clear
40.91906952857971,12.466689431070911,269.50640869140625,16.40938377380371,-179.02450561523438,0.5,0.0,2.6417224944452755e-05,DRIVING,Path clear
40.945332050323486,12.462055528130065,268.88397216796875,16.398784637451172,-179.0233154296875,0.5,0.0,-8.80558309290791e-06,DRIVING,Path clear
40.9789080619812,12.457603685524955,268.26171875,16.38817596435547,-179.02426147460938,0.5,0.0,2.4969542209873907e-05,DRIVING,Path clear
41.008078813552856,12.453294815646737,267.6396789550781,16.377582550048828,-179.02313232421875,0.5,0.0,-8.333587175002322e-06,DRIVING,Path clear
41.0385844707489,12.448991876818546,267.0178527832031,16.366979598999023,-179.0240478515625,0.5,0.0,2.3880698790890165e-05,DRIVING,Path clear
41.06602430343628,12.44448264644516,266.39642333984375,16.35639190673828,-179.02294921875,0.5,0.0,-9.110394785238896e-06,DRIVING,Path clear
41.09814786911011,12.440141283328304,265.7752990722656,16.34579849243164,-179.02386474609375,0.5,0.0,2.2825241103419103e-05,DRIVING,Path clear
41.12679743766785,12.435869094414663,265.1544494628906,16.335220336914062,-179.02276611328125,0.5,0.0,-1.0517743248783518e-05,DRIVING,Path clear
41.158021211624146,12.431627423681489,264.5337829589844,16.32463264465332,-179.02369689941406,0.5,0.0,2.1839367036591284e-05,DRIVING,Path clear
41.18807291984558,12.426450420302663,263.91326904296875,16.31406021118164,-179.02256774902344,0.5,0.0,-1.253282607649453e-05,DRIVING,Path clear
41.21716117858887,12.42122294926945,263.2929382324219,16.30347442626953,-179.0236053466797,0.5,0.0,2.24860505113611e-05,DRIVING,Path clear
41.24878430366516,12.41618879829072,262.6728210449219,16.292905807495117,-179.02244567871094,0.5,0.0,-1.3359023796510883e-05,DRIVING,Path clear
41.28019046783447,12.411317697944702,262.0529479980469,16.282329559326172,-179.0234832763672,0.5,0.0,2.2103695300756954e-05,DRIVING,Path clear
41.309118032455444,12.406450785641473,261.4333801269531,16.271766662597656,-179.02236938476562,0.5,0.0,-1.2849088307120837e-05,DRIVING,Path clear
41.3459153175354,12.401381727122647,260.81414794921875,16.261198043823242,-179.02334594726562,0.5,0.0,1.9915258235414512e-05,DRIVING,Path clear
41.36595392227173,12.396482558770415,260.1952819824219,16.250648498535156,-179.0222930908203,0.5,0.0,-1.291276203119196e-05,DRIVING,Path clear
41.4051718711853,12.391666356298973,259.57666015625,16.240093231201172,-179.02330017089844,0.5,0.0,2.149027568520978e-05,DRIVING,Path clear
41.42712163925171,12.386885422274718,258.95831298828125,16.22955322265625,-179.02218627929688,0.5,0.0,-1.2897447959403507e-05,DRIVING,Path clear
41.45973491668701,12.381333038092636,258.3401184082031,16.21900177001953,-179.02325439453125,0.5,0.0,2.2654568965663202e-05,DRIVING,Path clear
41.49610257148743,12.375570660409064,257.7221374511719,16.208463668823242,-179.02206420898438,0.5,0.0,-1.5175749467744026e-05,DRIVING,Path clear
41.53025698661804,12.37000833425006,257.1044006347656,16.197917938232422,-179.02313232421875,0.5,0.0,2.0051049432368018e-05,DRIVING,Path clear
41.55473780632019,12.3646138488991,256.4869689941406,16.18739128112793,-179.02198791503906,0.5,0.0,-1.5764006093377247e-05,DRIVING,Path clear
41.58507585525513,12.359336209258664,255.86976623535156,16.17685317993164,-179.02305603027344,0.5,0.0,1.938864625117276e-05,DRIVING,Path clear
41.61506915092468,12.353737426453492,255.2530059814453,16.16633415222168,-179.02198791503906,0.5,0.0,-1.4592416846426204e-05,DRIVING,Path clear
41.64782786369324,12.348324210511915,254.6366424560547,16.155811309814453,-179.02301025390625,0.5,0.0,1.8930933947558515e-05,DRIVING,Path clear
41.67517447471619,12.343009435410302,254.02053833007812,16.145305633544922,-179.02188110351562,0.5,0.0,-1.6832071196404286e-05,DRIVING,Path clear
41.702911376953125,12.337739826097984,253.40472412109375,16.13479232788086,-179.02297973632812,0.5,0.0,1.96640921785729e-05,DRIVING,Path clear
41.73443126678467,12.332131766585832,252.7891387939453,16.12429428100586,-179.0218505859375,0.5,0.0,-1.63492004503496e-05,DRIVING,Path clear
41.762104511260986,12.326397966190754,252.1737823486328,16.113786697387695,-179.02294921875,0.5,0.0,1.983657966775354e-05,DRIVING,Path clear
41.79812026023865,12.320783431286888,251.55870056152344,16.103300094604492,-179.02178955078125,0.5,0.0,-1.6821933968458325e-05,DRIVING,Path clear
41.82713198661804,12.315279482433816,250.9438934326172,16.092802047729492,-179.0229034423828,0.5,0.0,1.9516121028573252e-05,DRIVING,Path clear
41.86092233657837,12.309853583274275,250.329345703125,16.082319259643555,-179.0217742919922,0.5,0.0,-1.6673253412591293e-05,DRIVING,Path clear
41.8904185295105,12.304334323772942,249.71514892578125,16.07183074951172,-179.02288818359375,0.5,0.0,1.966457421076484e-05,DRIVING,Path clear
41.921828746795654,12.298891936320878,249.10130310058594,16.061363220214844,-179.02174377441406,0.5,0.0,-1.6705880625522695e-05,DRIVING,Path clear
41.949535846710205,12.293537563230824,248.4877166748047,16.050884246826172,-179.02288818359375,0.5,0.0,2.0752748241648078e-05,DRIVING,Path clear
41.991809129714966,12.28823532804744,247.8744354248047,16.040424346923828,-179.02171325683594,0.5,0.0,-1.722840897855349e-05,DRIVING,Path clear
42.01225233078003,12.282972940412495,247.26136779785156,16.02995491027832,-179.0228271484375,0.5,0.0,1.9123488527839072e-05,DRIVING,Path clear
42.048078775405884,12.277750201845327,246.64857482910156,16.019502639770508,-179.02166748046875,0.5,0.0,-1.811069159884937e-05,DRIVING,Path clear
42.094632625579834,12.27257085857578,246.03607177734375,16.009042739868164,-179.0228271484375,0.5,0.0,1.9915310986107215e-05,DRIVING,Path clear
42.11636710166931,12.267439989017966,245.4237823486328,15.998600959777832,-179.02166748046875,0.5,0.0,-1.7243790352949873e-05,DRIVING,Path clear
42.150227546691895,12.262359356570878,244.81175231933594,15.98814868927002,-179.02281188964844,0.5,0.0,2.013946505030617e-05,DRIVING,Path clear
42.19514513015747,12.257329015566167,244.199951171875,15.97771167755127,-179.02163696289062,0.5,0.0,-1.7869804651127197e-05,DRIVING,Path clear
42.22531819343567,12.252353077399595,243.58840942382812,15.967268943786621,-179.0227813720703,0.5,0.0,1.937910019478295e-05,DRIVING,Path clear
42.255958557128906,12.24742722553059,242.97714233398438,15.956843376159668,-179.02159118652344,0.5,0.0,-1.8617482055560686e-05,DRIVING,Path clear
42.288278102874756,12.242553535078946,242.36610412597656,15.94640827178955,-179.0227813720703,0.5,0.0,2.002291876124218e-05,DRIVING,Path clear
42.32209897041321,12.237729675175064,241.7552947998047,15.935991287231445,-179.02159118652344,0.5,0.0,-1.7987913452088833e-05,DRIVING,Path clear
42.35177159309387,12.232954730057882,241.14471435546875,15.92556381225586,-179.0227813720703,0.5,0.0,2.075612974294927e-05,DRIVING,Path clear
42.38116121292114,12.22823035201771,240.53439331054688,15.915152549743652,-179.02159118652344,0.5,0.0,-1.767104367900174e-05,DRIVING,Path clear
42.41230511665344,12.223560106912219,239.92431640625,15.904730796813965,-179.02276611328125,0.5,0.0,2.0101988411624916e-05,DRIVING,Path clear
42.4387731552124,12.218939741224336,239.31446838378906,15.894328117370605,-179.02154541015625,0.5,0.0,-1.935708860401064e-05,DRIVING,Path clear
42.4724006652832,12.214363900990051,238.704833984375,15.883916854858398,-179.02276611328125,0.5,0.0,2.0343533833511174e-05,DRIVING,Path clear
42.504998445510864,12.209838854334038,238.09544372558594,15.873523712158203,-179.02154541015625,0.5,0.0,-1.863815850811079e-05,DRIVING,Path clear
42.53084349632263,12.205362169473787,237.4862823486328,15.863118171691895,-179.02276611328125,0.5,0.0,2.059977123280987e-05,DRIVING,Path clear
42.56341624259949,12.200936115806908,236.8773193359375,15.852731704711914,-179.0215301513672,0.5,0.0,-1.918827729241457e-05,DRIVING,Path clear
42.592987298965454,12.19655307634489,236.26858520507812,15.842334747314453,-179.02273559570312,0.5,0.0,2.0226450942573138e-05,DRIVING,Path clear
42.6205313205719,12.192218431946033,235.6600799560547,15.831954002380371,-179.02151489257812,0.5,0.0,-1.955982224899344e-05,DRIVING,Path clear
42.65241026878357,12.187926002636111,235.05177307128906,15.821563720703125,-179.02273559570312,0.5,0.0,2.0064611817360856e-05,DRIVING,Path clear
42.67969059944153,12.183684752194925,234.4436798095703,15.811188697814941,-179.02151489257812,0.5,0.0,-1.981102286663372e-05,DRIVING,Path clear
42.71106314659119,12.179485918936422,233.8358154296875,15.800806999206543,-179.02273559570312,0.5,0.0,1.979778244276531e-05,DRIVING,Path clear
42.73878359794617,12.175332028137248,233.22813415527344,15.79044246673584,-179.02151489257812,0.5,0.0,-1.934606916620396e-05,DRIVING,Path clear
42.77009344100952,12.1712219745375,232.6206817626953,15.780068397521973,-179.02276611328125,0.5,0.0,2.1473630113177933e-05,DRIVING,Path clear
42.8056058883667,12.167153790653948,232.013427734375,15.7697114944458,-179.02149963378906,0.5,0.0,-1.937489832926076e-05,DRIVING,Path clear
42.83426880836487,12.163127409019268,231.40638732910156,15.759343147277832,-179.02273559570312,0.5,0.0,2.089105691993609e-05,DRIVING,Path clear
42.86884832382202,12.159145888412727,230.79953002929688,15.748992919921875,-179.02145385742188,0.5,0.0,-2.043582389887888e-05,DRIVING,Path clear
42.89712452888489,12.15520233764278,230.19287109375,15.738630294799805,-179.02273559570312,0.5,0.0,2.117616168106906e-05,DRIVING,Path clear
42.92392611503601,12.15130281341995,229.58639526367188,15.728285789489746,-179.02145385742188,0.5,0.0,-2.023998422373552e-05,DRIVING,Path clear
42.95014238357544,12.147444156356338,228.98013305664062,15.717930793762207,-179.02273559570312,0.5,0.0,2.1236901375232264e-05,DRIVING,Path clear
42.99117612838745,12.143631043940303,228.37405395507812,15.707592010498047,-179.02145385742188,0.5,0.0,-2.0268622392904945e-05,DRIVING,Path clear
43.0443377494812,12.139854552990325,227.76815795898438,15.697244644165039,-179.02273559570312,0.5,0.0,2.1731078959419392e-05,DRIVING,Path clear
43.065516233444214,12.136122922069063,227.16246032714844,15.686912536621094,-179.02145385742188,0.5,0.0,-1.97891586140031e-05,DRIVING,Path clear
43.09603238105774,12.132426588741595,226.55694580078125,15.676569938659668,-179.02268981933594,0.5,0.0,2.010091338888742e-05,DRIVING,Path clear
43.14222311973572,12.128767940533471,225.9516143798828,15.666243553161621,-179.02145385742188,0.5,0.0,-1.9938015611842275e-05,DRIVING,Path clear
43.176929235458374,12.12515194591235,225.3464813232422,15.65590763092041,-179.02273559570312,0.5,0.0,2.183645665354561e-05,DRIVING,Path clear
43.210521936416626,12.121567796784385,224.7415008544922,15.645587921142578,-179.02145385742188,0.5,0.0,-1.9698192772921175e-05,DRIVING,Path clear
43.24060273170471,12.11802590913493,224.13671875,15.635258674621582,-179.02268981933594,0.5,0.0,2.0250530724297278e-05,DRIVING,Path clear
43.27926850318909,12.114516254411425,223.53208923339844,15.624944686889648,-179.02145385742188,0.5,0.0,-1.9563416572054848e-05,DRIVING,Path clear
43.31161189079285,12.11104380220553,222.92762756347656,15.614620208740234,-179.02268981933594,0.5,0.0,2.0504669009824283e-05,DRIVING,Path clear
43.35479164123535,12.107610244020785,222.32337951660156,15.6043119430542,-179.02145385742188,0.5,0.0,-1.9773293388425373e-05,DRIVING,Path clear
43.395119428634644,12.104221283514978,221.71926879882812,15.593994140625,-179.02268981933594,0.5,0.0,2.0324174329289235e-05,DRIVING,Path clear
43.42786359786987,12.100861767124684,221.11532592773438,15.58369255065918,-179.02145385742188,0.5,0.0,-1.95041411643615e-05,DRIVING,Path clear
43.47407245635986,12.097537581243772,220.5115509033203,15.573378562927246,-179.02268981933594,0.5,0.0,2.0502997358562425e-05,DRIVING,Path clear
43.501598596572876,12.094246689627287,219.90794372558594,15.563082695007324,-179.02145385742188,0.5,0.0,-1.9504974261508323e-05,DRIVING,Path clear
43.53694677352905,12.090992923083595,219.3044891357422,15.552775382995605,-179.02268981933594,0.5,0.0,2.0576622773660347e-05,DRIVING,Path clear
43.565789222717285,12.087773835723345,218.70120239257812,15.542486190795898,-179.02145385742188,0.5,0.0,-1.898132722999435e-05,DRIVING,Path clear
43.603278160095215,12.08458698829349,218.09808349609375,15.532184600830078,-179.02268981933594,0.5,0.0,2.0964889699826017e-05,DRIVING,Path clear
43.628132820129395,12.081434950995714,217.4951171875,15.521900177001953,-179.02142333984375,0.5,0.0,-1.9909883121727034e-05,DRIVING,Path clear
43.65747785568237,12.078312342176966,216.89231872558594,15.511603355407715,-179.02268981933594,0.5,0.0,2.1128096705069765e-05,DRIVING,Path clear
43.685900926589966,12.075225164050897,216.28965759277344,15.501322746276855,-179.02142333984375,0.5,0.0,-2.01213206310058e-05,DRIVING,Path clear
43.71157956123352,12.072168794971471,215.68716430664062,15.4910306930542,-179.02268981933594,0.5,0.0,2.0991174096707255e-05,DRIVING,Path clear
43.74066638946533,12.069142993630143,215.08482360839844,15.480753898620605,-179.0214080810547,0.5,0.0,-2.0901848984067328e-05,DRIVING,Path clear
43.767422676086426,12.066155876238742,214.48263549804688,15.470467567443848,-179.02268981933594,0.5,0.0,2.029865026997868e-05,DRIVING,Path clear
43.79866290092468,12.063199730704866,213.88058471679688,15.460196495056152,-179.02142333984375,0.5,0.0,-2.0845624021603726e-05,DRIVING,Path clear
43.83351445198059,12.060275012277529,213.2786865234375,15.449915885925293,-179.02273559570312,0.5,0.0,2.1896796170040034e-05,DRIVING,Path clear
43.8613166809082,12.057377199870704,212.6769256591797,15.439650535583496,-179.02142333984375,0.5,0.0,-2.0863260942860506e-05,DRIVING,Path clear
43.89715242385864,12.054510028690533,212.07530212402344,15.429373741149902,-179.02273559570312,0.5,0.0,2.1833790015080012e-05,DRIVING,Path clear
43.92252492904663,12.05167259767838,211.47384643554688,15.41911506652832,-179.02142333984375,0.5,0.0,-2.0520736143225804e-05,DRIVING,Path clear
43.94973850250244,12.048995157902018,210.87252807617188,15.408843994140625,-179.02268981933594,0.5,0.0,2.0379517081892118e-05,DRIVING,Path clear
43.9821674823761,12.046673359061794,210.2713623046875,15.398588180541992,-179.02145385742188,0.5,0.0,-1.9702974896063097e-05,DRIVING,Path clear
44.00707125663757,12.044299569398653,209.67034912109375,15.388322830200195,-179.02273559570312,0.5,0.0,2.1915229808655567e-05,DRIVING,Path clear
44.03413009643555,12.041886889156432,209.06944274902344,15.378071784973145,-179.0214080810547,0.5,0.0,-2.1248630218906328e-05,DRIVING,Path clear
44.06341218948364,12.039462447964631,208.46868896484375,15.367809295654297,-179.02273559570312,0.5,0.0,2.1444566300488077e-05,DRIVING,Path clear
44.090190410614014,12.037120759978288,207.86802673339844,15.357563972473145,-179.02137756347656,0.5,0.0,-2.216553002654109e-05,DRIVING,Path clear
44.12534165382385,12.034890077913722,207.26739501953125,15.347305297851562,-179.02276611328125,0.5,0.0,2.2952161089051515e-05,DRIVING,Path clear
44.15447974205017,12.03262870180221,206.66685485839844,15.337061882019043,-179.0214080810547,0.5,0.0,-2.1078463760204613e-05,DRIVING,Path clear
44.184372663497925,12.030378366971814,206.06640625,15.326804161071777,-179.02273559570312,0.5,0.0,2.1839161490788683e-05,DRIVING,Path clear
44.21522331237793,12.028760916023865,205.4661102294922,15.31656551361084,-179.02145385742188,0.5,0.0,-1.9484188669594005e-05,DRIVING,Path clear
44.24995517730713,12.027442944613515,204.86599731445312,15.306314468383789,-179.02268981933594,0.5,0.0,2.0514822608674876e-05,DRIVING,Path clear
44.279075145721436,12.02599363393523,204.2659149169922,15.296076774597168,-179.0214080810547,0.5,0.0,-2.153023160644807e-05,DRIVING,Path clear
44.318074226379395,12.024454474249547,203.6659393310547,15.285828590393066,-179.02273559570312,0.5,0.0,2.1671135982614942e-05,DRIVING,Path clear
44.35308122634888,12.022886492356616,203.06602478027344,15.275596618652344,-179.0214080810547,0.5,0.0,-2.1057514459243976e-05,DRIVING,Path clear
44.39406991004944,12.021610895193556,202.46617126464844,15.265350341796875,-179.0227813720703,0.5,0.0,2.3593860532855615e-05,DRIVING,Path clear
44.417760610580444,12.020336463793765,201.86618041992188,15.25511646270752,-179.02137756347656,0.5,0.0,-2.1798652596771717e-05,DRIVING,Path clear
44.44340443611145,12.018993318316946,201.26626586914062,15.244868278503418,-179.02273559570312,0.5,0.0,2.1817859305883758e-05,DRIVING,Path clear
44.48718333244324,12.01777445395869,200.6663818359375,15.234633445739746,-179.0214080810547,0.5,0.0,-2.1287154595484026e-05,DRIVING,Path clear
44.51960277557373,12.017313338440008,200.0666961669922,15.224390983581543,-179.02268981933594,0.5,0.0,2.0130064513068646e-05,DRIVING,Path clear
44.54704666137695,12.01686228618281,199.467041015625,15.214159965515137,-179.0214080810547,0.5,0.0,-2.1585974536719732e-05,DRIVING,Path clear
44.5745792388916,12.016281161275638,198.867431640625,15.203919410705566,-179.02273559570312,0.5,0.0,2.1537789507419802e-05,DRIVING,Path clear
44.60485816001892,12.015636433821767,198.267822265625,15.19369125366211,-179.0214080810547,0.5,0.0,-2.1267536794766784e-05,DRIVING,Path clear
44.637068033218384,12.015046125417648,197.66827392578125,15.183450698852539,-179.02276611328125,0.5,0.0,2.2542539227288216e-05,DRIVING,Path clear
44.66538095474243,12.01472751918924,197.06863403320312,15.17322063446045,-179.02137756347656,0.5,0.0,-2.24633768084459e-05,DRIVING,Path clear
44.69706749916077,12.014305636019671,196.4689178466797,15.162975311279297,-179.02276611328125,0.5,0.0,2.2303407604340464e-05,DRIVING,Path clear
44.72707724571228,12.013845870183268,195.8692169189453,15.15274715423584,-179.02142333984375,0.5,0.0,-2.0950648831785657e-05,DRIVING,Path clear
44.75306844711304,12.013667920291804,195.26950073242188,15.14250373840332,-179.02273559570312,0.5,0.0,2.1573263438767754e-05,DRIVING,Path clear
44.776458978652954,12.01415032460986,194.669921875,15.132274627685547,-179.02145385742188,0.5,0.0,-2.0219826183165424e-05,DRIVING,Path clear
44.80815649032593,12.014507706488383,194.07028198242188,15.122035026550293,-179.02276611328125,0.5,0.0,2.281434899487067e-05,DRIVING,Path clear
44.83708930015564,12.014747492382254,193.47067260742188,15.11180591583252,-179.02142333984375,0.5,0.0,-2.0937499357387424e-05,DRIVING,Path clear
44.86250376701355,12.014929224192358,192.87106323242188,15.10156536102295,-179.02276611328125,0.5,0.0,2.2888720195624046e-05,DRIVING,Path clear
44.89216637611389,12.015232651525388,192.27142333984375,15.09133529663086,-179.02137756347656,0.5,0.0,-2.2359139620675705e-05,DRIVING,Path clear
44.91907572746277,12.015719141542093,191.67161560058594,15.081088066101074,-179.02276611328125,0.5,0.0,2.2375705157173797e-05,DRIVING,Path clear
44.9441978931427,12.016091738216595,191.07171630859375,15.070857048034668,-179.02137756347656,0.5,0.0,-2.2466245354735292e-05,DRIVING,Path clear
44.974200963974,12.016438604837854,190.47178649902344,15.060608863830566,-179.02276611328125,0.5,0.0,2.266000046802219e-05,DRIVING,Path clear
45.00512647628784,12.01741246909658,189.8719024658203,15.050376892089844,-179.02145385742188,0.5,0.0,-1.971537494682707e-05,DRIVING,Path clear
45.036075592041016,12.0186532129548,189.2720489501953,15.040130615234375,-179.02268981933594,0.5,0.0,2.0292682165745646e-05,DRIVING,Path clear
45.0675745010376,12.019745998022143,188.672119140625,15.029895782470703,-179.0214080810547,0.5,0.0,-2.1411702618934214e-05,DRIVING,Path clear
45.092663526535034,12.02073287387672,188.0721893310547,15.019649505615234,-179.02273559570312,0.5,0.0,2.1724004909629002e-05,DRIVING,Path clear
45.12078261375427,12.021667703334682,187.47218322753906,15.009413719177246,-179.0214080810547,0.5,0.0,-2.1400708646979183e-05,DRIVING,Path clear
45.15104293823242,12.022872766806383,186.87203979492188,14.999160766601562,-179.0227813720703,0.5,0.0,2.2734238882549107e-05,DRIVING,Path clear
45.176079988479614,12.024054369001393,186.27175903320312,14.988920211791992,-179.02137756347656,0.5,0.0,-2.2889236788614653e-05,DRIVING,Path clear
45.208144664764404,12.02514933408247,185.6713409423828,14.978665351867676,-179.02276611328125,0.5,0.0,2.231109101558104e-05,DRIVING,Path clear
45.24337840080261,12.026338453235457,185.07089233398438,14.96842098236084,-179.02145385742188,0.5,0.0,-2.054630749626085e-05,DRIVING,Path clear
45.28339719772339,12.028274723725769,184.470458984375,14.958166122436523,-179.02268981933594,0.5,0.0,1.9626246285042726e-05,DRIVING,Path clear
45.32226800918579,12.030173835095297,183.8699951171875,14.94792366027832,-179.02145385742188,0.5,0.0,-2.007338116527535e-05,DRIVING,Path clear
45.339237213134766,12.031925123847316,183.26942443847656,14.937665939331055,-179.02276611328125,0.5,0.0,2.2372239982360043e-05,DRIVING,Path clear
45.3788640499115,12.033589541901389,182.6687774658203,14.927420616149902,-179.02142333984375,0.5,0.0,-2.102276630466804e-05,DRIVING,Path clear
45.40480923652649,12.035281399191941,182.0680694580078,14.917158126831055,-179.02276611328125,0.5,0.0,2.2365296899806708e-05,DRIVING,Path clear
45.43713021278381,12.037224309465802,181.4671173095703,14.906906127929688,-179.02137756347656,0.5,0.0,-2.3127337044570595e-05,DRIVING,Path clear
45.4611873626709,12.039035313804073,180.8660125732422,14.896638870239258,-179.02276611328125,0.5,0.0,2.2147263734950684e-05,DRIVING,Path clear
45.49544668197632,12.040786650951626,180.26478576660156,14.886384010314941,-179.02145385742188,0.5,0.0,-2.008094270422589e-05,DRIVING,Path clear
45.52306628227234,12.042929833611513,179.6634979248047,14.87611198425293,-179.02268981933594,0.5,0.0,1.9731223801500164e-05,DRIVING,Path clear
45.55507183074951,12.045566684634379,179.06216430664062,14.865854263305664,-179.02145385742188,0.5,0.0,-2.039151695498731e-05,DRIVING,Path clear
45.58060145378113,12.048058434536648,178.4607391357422,14.855583190917969,-179.02276611328125,0.5,0.0,2.2293816073215567e-05,DRIVING,Path clear
45.61381912231445,12.050417734086567,177.8592071533203,14.845321655273438,-179.02145385742188,0.5,0.0,-2.0251534806448035e-05,DRIVING,Path clear
45.64468955993652,12.052700136692003,177.257568359375,14.83504581451416,-179.02276611328125,0.5,0.0,2.2584603357245214e-05,DRIVING,Path clear
45.67524337768555,12.055160584747687,176.65577697753906,14.82478141784668,-179.0214080810547,0.5,0.0,-2.1547286451095715e-05,DRIVING,Path clear
45.702269315719604,12.057683257002218,176.05372619628906,14.814495086669922,-179.02276611328125,0.5,0.0,2.233409759355709e-05,DRIVING,Path clear
45.733668088912964,12.060082645862899,175.45150756835938,14.804222106933594,-179.02142333984375,0.5,0.0,-2.1364312488003634e-05,DRIVING,Path clear
45.76051950454712,12.062436742668543,174.84915161132812,14.793932914733887,-179.02273559570312,0.5,0.0,2.1006795577704906e-05,DRIVING,Path clear
45.788496017456055,12.065433151168117,174.2467498779297,14.783656120300293,-179.02145385742188,0.5,0.0,-2.0523466446320526e-05,DRIVING,Path clear
45.82106947898865,12.068625252409198,173.6442413330078,14.773367881774902,-179.02268981933594,0.5,0.0,1.9903331121895462e-05,DRIVING,Path clear
45.8490149974823,12.071655838224594,173.04159545898438,14.763087272644043,-179.02145385742188,0.5,0.0,-2.0146515453234315e-05,DRIVING,Path clear
45.87894582748413,12.074567829510352,172.43881225585938,14.752792358398438,-179.02273559570312,0.5,0.0,2.171689811802935e-05,DRIVING,Path clear
45.904953479766846,12.07740447641605,171.8358917236328,14.742506980895996,-179.02145385742188,0.5,0.0,-2.008375304285437e-05,DRIVING,Path clear
45.93409276008606,12.080566970825322,171.2327117919922,14.73220443725586,-179.02276611328125,0.5,0.0,2.2481775886262767e-05,DRIVING,Path clear
45.96106839179993,12.083592953969456,170.6292724609375,14.72191047668457,-179.02142333984375,0.5,0.0,-2.112907895934768e-05,DRIVING,Path clear
45.98595595359802,12.086530431790292,170.0256805419922,14.711600303649902,-179.02268981933594,0.5,0.0,1.9851315300911665e-05,DRIVING,Path clear
46.01042866706848,12.089529174989359,169.42193603515625,14.701299667358398,-179.02145385742188,0.5,0.0,-2.031930853263475e-05,DRIVING,Path clear
46.043063163757324,12.093332051120546,168.818115234375,14.690987586975098,-179.02268981933594,0.5,0.0,2.003210101975128e-05,DRIVING,Path clear
46.07051968574524,12.09700695110697,168.21417236328125,14.680684089660645,-179.02145385742188,0.5,0.0,-2.030511495831888e-05,DRIVING,Path clear
46.10027265548706,12.100523841044833,167.61007690429688,14.670366287231445,-179.02276611328125,0.5,0.0,2.2380592781701125e-05,DRIVING,Path clear
46.128907918930054,12.10393842361891,167.00575256347656,14.660057067871094,-179.02145385742188,0.5,0.0,-2.0139974367339164e-05,DRIVING,Path clear
46.159342527389526,12.107422462351739,166.40130615234375,14.64973258972168,-179.02276611328125,0.5,0.0,2.242628215753939e-05,DRIVING,Path clear
46.19065594673157,12.111066545440144,165.79649353027344,14.639415740966797,-179.02142333984375,0.5,0.0,-2.1142392142792232e-05,DRIVING,Path clear
46.220733880996704,12.114559123498031,165.19146728515625,14.629080772399902,-179.02268981933594,0.5,0.0,1.973366306629032e-05,DRIVING,Path clear
46.24948596954346,12.117985328401394,164.5862274169922,14.618755340576172,-179.02145385742188,0.5,0.0,-2.040920480794739e-05,DRIVING,Path clear
46.28001832962036,12.121847260184815,163.9808807373047,14.608416557312012,-179.0226593017578,0.5,0.0,1.8836124581866898e-05,DRIVING,Path clear
46.30579090118408,12.126115690534858,163.37542724609375,14.598088264465332,-179.02145385742188,0.5,0.0,-2.0396411855472252e-05,DRIVING,Path clear
46.333643198013306,12.130213930458572,162.769775390625,14.58774471282959,-179.02268981933594,0.5,0.0,2.0045616111019626e-05,DRIVING,Path clear
46.36749243736267,12.134170910557748,162.16392517089844,14.577410697937012,-179.02145385742188,0.5,0.0,-2.0084249626961537e-05,DRIVING,Path clear
46.398059606552124,12.138038396092314,161.55789184570312,14.567061424255371,-179.02273559570312,0.5,0.0,2.2243346393224783e-05,DRIVING,Path clear
46.43120241165161,12.142141607736875,160.9515838623047,14.556719779968262,-179.02145385742188,0.5,0.0,-1.9308547052787617e-05,DRIVING,Path clear
46.467458724975586,12.146177294181864,160.34495544433594,14.546357154846191,-179.02273559570312,0.5,0.0,2.209168997069355e-05,DRIVING,Path clear
46.49550175666809,12.15009782872188,159.73809814453125,14.536004066467285,-179.02145385742188,0.5,0.0,-1.9475097360555083e-05,DRIVING,Path clear
46.53105711936951,12.154087693529085,159.13104248046875,14.525634765625,-179.02268981933594,0.5,0.0,2.0280262106098235e-05,DRIVING,Path clear
46.56362342834473,12.158768660571964,158.5238800048828,14.515275955200195,-179.02149963378906,0.5,0.0,-1.841613084252458e-05,DRIVING,Path clear
46.594932317733765,12.163414452191356,157.91651916503906,14.504902839660645,-179.02268981933594,0.5,0.0,2.0186171241221018e-05,DRIVING,Path clear
46.62001943588257,12.167888520177822,157.30894470214844,14.494538307189941,-179.02145385742188,0.5,0.0,-1.967749631148763e-05,DRIVING,Path clear
46.657675981521606,12.17224539884693,156.70115661621094,14.484158515930176,-179.02268981933594,0.5,0.0,2.0362038412713446e-05,DRIVING,Path clear
46.6884388923645,12.176600692529414,156.0931396484375,14.473786354064941,-179.02145385742188,0.5,0.0,-1.9696099116117693e-05,DRIVING,Path clear
46.72143077850342,12.181150305827495,155.48475646972656,14.463394165039062,-179.02268981933594,0.5,0.0,2.0239021978341043e-05,DRIVING,Path clear
46.755897998809814,12.185552466606328,154.87611389160156,14.453011512756348,-179.02145385742188,0.5,0.0,-1.970021730812732e-05,DRIVING,Path clear
46.785773038864136,12.189872081902958,154.2672119140625,14.442609786987305,-179.0226593017578,0.5,0.0,1.9203682313673198e-05,DRIVING,Path clear
46.80858588218689,12.19458090954973,153.6581573486328,14.432217597961426,-179.02149963378906,0.5,0.0,-1.896933463285677e-05,DRIVING,Path clear
46.838078022003174,12.199717948486777,153.04891967773438,14.42181396484375,-179.02264404296875,0.5,0.0,1.8704540707403794e-05,DRIVING,Path clear
46.86992931365967,12.204696326180478,152.43948364257812,14.411417961120605,-179.02145385742188,0.5,0.0,-1.9904959117411636e-05,DRIVING,Path clear
46.90875315666199,12.209519403795074,151.82980346679688,14.401002883911133,-179.0226593017578,0.5,0.0,1.89394413609989e-05,DRIVING,Path clear
46.92546534538269,12.214240285759095,151.2198944091797,14.39059829711914,-179.02145385742188,0.5,0.0,-2.0312725609983318e-05,DRIVING,Path clear
46.9631085395813,12.219101665723297,150.60968017578125,14.38017463684082,-179.02273559570312,0.5,0.0,2.119462442351505e-05,DRIVING,Path clear
46.985795974731445,12.223971244424476,149.99911499023438,14.369757652282715,-179.02145385742188,0.5,0.0,-2.066092929453589e-05,DRIVING,Path clear
47.019070863723755,12.22871075194224,149.38827514648438,14.359325408935547,-179.02268981933594,0.5,0.0,1.9664001229102723e-05,DRIVING,Path clear
47.047640323638916,12.233397700395082,148.77716064453125,14.34890079498291,-179.02151489257812,0.5,0.0,-1.8363094568485394e-05,DRIVING,Path clear
47.07677936553955,12.238862084842914,148.16590881347656,14.338459968566895,-179.02264404296875,0.5,0.0,1.814714960346464e-05,DRIVING,Path clear
47.09962844848633,12.24431197686355,147.55442810058594,14.328028678894043,-179.0215301513672,0.5,0.0,-1.7773068975657225e-05,DRIVING,Path clear
47.13137626647949,12.249584236003813,146.9427032470703,14.317583084106445,-179.02268981933594,0.5,0.0,2.018690611294005e-05,DRIVING,Path clear
47.16390371322632,12.254724789114414,146.3307342529297,14.307140350341797,-179.02151489257812,0.5,0.0,-1.830349901865702e-05,DRIVING,Path clear
47.19307827949524,12.259854180577385,145.71849060058594,14.29668140411377,-179.02268981933594,0.5,0.0,1.9407129002502188e-05,DRIVING,Path clear
47.22665357589722,12.265155742878818,145.10585021972656,14.28623104095459,-179.02145385742188,0.5,0.0,-2.0731633412651718e-05,DRIVING,Path clear
47.25788402557373,12.27030447320558,144.4928741455078,14.275762557983398,-179.0226593017578,0.5,0.0,1.8606540834298357e-05,DRIVING,Path clear
47.28386211395264,12.275365578377174,143.87962341308594,14.265303611755371,-179.0215301513672,0.5,0.0,-1.7451620806241408e-05,DRIVING,Path clear
47.31796979904175,12.280811455645276,143.2661590576172,14.254825592041016,-179.02264404296875,0.5,0.0,1.843319842009805e-05,DRIVING,Path clear
47.359007596969604,12.286668777136942,142.65252685546875,14.244356155395508,-179.02154541015625,0.5,0.0,-1.7278778614127077e-05,DRIVING,Path clear
47.378164529800415,12.29236637522833,142.0386199951172,14.233874320983887,-179.0226593017578,0.5,0.0,1.9512239305186085e-05,DRIVING,Path clear
47.43380951881409,12.297902247345991,141.4244384765625,14.223394393920898,-179.0215301513672,0.5,0.0,-1.754359072947409e-05,DRIVING,Path clear
47.46198272705078,12.303321486968382,140.8099822998047,14.212900161743164,-179.0226593017578,0.5,0.0,1.9014440113096498e-05,DRIVING,Path clear
47.49010729789734,12.308867987761005,140.19520568847656,14.202412605285645,-179.02145385742188,0.5,0.0,-1.993162732105702e-05,DRIVING,Path clear
47.52337718009949,12.314415769069111,139.5800323486328,14.19190502166748,-179.0226593017578,0.5,0.0,1.936274020408746e-05,DRIVING,Path clear
47.55359983444214,12.319835674565306,138.96453857421875,14.181406021118164,-179.0215301513672,0.5,0.0,-1.7233553080586717e-05,DRIVING,Path clear
47.5851891040802,12.325363258804733,138.34877014160156,14.170889854431152,-179.02264404296875,0.5,0.0,1.9172597603756003e-05,DRIVING,Path clear
47.61837387084961,12.331904660439562,137.73284912109375,14.160381317138672,-179.02159118652344,0.5,0.0,-1.5202299437078182e-05,DRIVING,Path clear
47.654091596603394,12.338396195744533,137.11669921875,14.149858474731445,-179.0226287841797,0.5,0.0,1.8399718101136386e-05,DRIVING,Path clear
47.68072485923767,12.344638285604297,136.500244140625,14.139341354370117,-179.0215301513672,0.5,0.0,-1.7219210349139757e-05,DRIVING,Path clear
47.7116436958313,12.350698032628578,135.88348388671875,14.128806114196777,-179.0226287841797,0.5,0.0,1.8226162865175866e-05,DRIVING,Path clear
47.74522876739502,12.3567369325068,135.26641845703125,14.118278503417969,-179.02145385742188,0.5,0.0,-2.0135923477937467e-05,DRIVING,Path clear
47.76919388771057,12.363051023506284,134.64881896972656,14.107731819152832,-179.0226593017578,0.5,0.0,1.9491935745463707e-05,DRIVING,Path clear
47.7970871925354,12.369159640811047,134.0308380126953,14.097187995910645,-179.0215301513672,0.5,0.0,-1.729313407849986e-05,DRIVING,Path clear
47.82816481590271,12.37516721174352,133.4125213623047,14.086627960205078,-179.0226287841797,0.5,0.0,1.824246282922104e-05,DRIVING,Path clear
47.85965442657471,12.38113218809691,132.7938995361328,14.076075553894043,-179.02154541015625,0.5,0.0,-1.66543795785401e-05,DRIVING,Path clear
47.885926246643066,12.387070126629661,132.1750030517578,14.06550407409668,-179.0226287841797,0.5,0.0,1.815883479139302e-05,DRIVING,Path clear
47.91700315475464,12.3929773939465,131.55580139160156,14.054938316345215,-179.02154541015625,0.5,0.0,-1.7300388208241202e-05,DRIVING,Path clear
47.94756531715393,12.398846760003604,130.93630981445312,14.044360160827637,-179.0226287841797,0.5,0.0,1.8415543308947235e-05,DRIVING,Path clear
47.97469210624695,12.404670817915807,130.3165283203125,14.03378677368164,-179.0215301513672,0.5,0.0,-1.7419515643268824e-05,DRIVING,Path clear
48.01377511024475,12.41044494135487,129.6964569091797,14.023197174072266,-179.02256774902344,0.5,0.0,1.6253710782621056e-05,DRIVING,Path clear
48.04444885253906,12.416157416881306,129.07611083984375,14.012614250183105,-179.02154541015625,0.5,0.0,-1.6536116163479164e-05,DRIVING,Path clear
48.082072019577026,12.421812889255275,128.45547485351562,14.002012252807617,-179.0226287841797,0.5,0.0,1.7962063793675043e-05,DRIVING,Path clear
48.10570311546326,12.427496049256137,127.83457946777344,13.99142074584961,-179.02154541015625,0.5,0.0,-1.6936530300881714e-05,DRIVING,Path clear
48.15750479698181,12.43335741374574,127.21341705322266,13.980813980102539,-179.02256774902344,0.5,0.0,1.6767582565080374e-05,DRIVING,Path clear
48.199658155441284,12.439122780042325,126.59197998046875,13.970211029052734,-179.02154541015625,0.5,0.0,-1.6554973626625724e-05,DRIVING,Path clear
48.21596622467041,12.444780937978898,125.97028350830078,13.95959186553955,-179.02256774902344,0.5,0.0,1.6323547242791392e-05,DRIVING,Path clear
48.2604444026947,12.450350968967033,125.34828186035156,13.948979377746582,-179.02157592773438,0.5,0.0,-1.6018482710933313e-05,DRIVING,Path clear
48.30293846130371,12.454062947934412,124.72591400146484,13.938633918762207,-179.0230255126953,0.5,0.0,7.951843144837767e-05,DRIVING,Path clear
48.359721422195435,12.456095578875143,124.10289764404297,13.927988052368164,-179.02069091796875,0.5,0.0,-7.179209404739595e-08,DRIVING,Path clear
48.38284778594971,12.46241264199213,123.48003387451172,13.916242599487305,-179.01727294921875,0.5,0.0,-0.0003034945693798363,DRIVING,Path clear
48.431074142456055,12.471366025348285,122.857421875,13.905818939208984,-179.01641845703125,0.5,0.0,-0.0002972159127239138,DRIVING,Path clear
48.4619505405426,12.479856967056174,122.23453521728516,13.895456314086914,-179.02032470703125,0.5,0.0,-0.00012089550727978349,DRIVING,Path clear
48.49317812919617,12.486155772929937,121.61153411865234,13.885303497314453,-179.02462768554688,0.5,0.0,0.00010419385944260284,DRIVING,Path clear
48.52844047546387,12.491604596891623,120.9887466430664,13.874526023864746,-179.03111267089844,0.5,0.0,0.00029547911253757775,DRIVING,Path clear
48.56035351753235,12.500237887184106,120.3650131225586,13.863394737243652,-179.03099060058594,0.5,0.0,0.00020933712949045002,DRIVING,Path clear
48.59087538719177,12.508060505304861,119.74014282226562,13.853045463562012,-179.03176879882812,0.5,0.0,0.00028908997774124146,DRIVING,Path clear
48.628376722335815,12.515447563482745,119.11470794677734,13.842695236206055,-179.02871704101562,0.5,0.0,0.0002425460406811908,DRIVING,Path clear
48.65506935119629,12.522692472067774,118.48886108398438,13.832256317138672,-179.02719116210938,0.5,0.0,0.00023300266184378415,DRIVING,Path clear
48.6890664100647,12.529954055728556,117.86268615722656,13.821770668029785,-179.0234832763672,0.5,0.0,0.0001437033643014729,DRIVING,Path clear
48.71608352661133,12.537256650071374,117.23612976074219,13.81122875213623,-179.02206420898438,0.5,0.0,0.00012238940689712763,DRIVING,Path clear
48.742002964019775,12.54458117890344,116.60922241210938,13.80066967010498,-179.0191192626953,0.5,0.0,4.8213001718977466e-05,DRIVING,Path clear
48.77330160140991,12.551899900456808,115.98196411132812,13.790075302124023,-179.0186767578125,0.5,0.0,5.2429026254685596e-05,DRIVING,Path clear
48.80194449424744,12.559188245115966,115.35433959960938,13.779473304748535,-179.01670837402344,0.5,0.0,5.83666860620724e-06,DRIVING,Path clear
48.83925724029541,12.566429011735629,114.72638702392578,13.768844604492188,-179.0170440673828,0.5,0.0,3.220530197722837e-05,DRIVING,Path clear
48.863134145736694,12.573607053550392,114.09806060791016,13.75821590423584,-179.0156707763672,0.5,0.0,2.677098109415965e-06,DRIVING,Path clear
48.89106750488281,12.580718291514215,113.4693832397461,13.747563362121582,-179.01632690429688,0.5,0.0,3.780989209190011e-05,DRIVING,Path clear
48.9220175743103,12.58775811972962,112.84036254882812,13.73691177368164,-179.01507568359375,0.5,0.0,1.0595766980259214e-05,DRIVING,Path clear
48.951495885849,12.594726440169318,112.21098327636719,13.726238250732422,-179.0157470703125,0.5,0.0,2.4320437660207972e-05,DRIVING,Path clear
48.98907470703125,12.601618904677231,111.58126068115234,13.715567588806152,-179.01454162597656,0.5,0.0,-0.00012943321780767292,DRIVING,Path clear
49.01620054244995,12.608430723253504,110.95120239257812,13.704887390136719,-179.01585388183594,0.5,0.0,-0.0003419696004129946,DRIVING,Path clear
49.048415422439575,12.615650005638694,110.32087707519531,13.694480895996094,-179.0167999267578,0.5,0.0,-0.0006564349750988185,DRIVING,Path clear
49.07530355453491,12.622356624257945,109.6903076171875,13.684183120727539,-179.0211944580078,0.5,0.0,-0.0009769451571628451,DRIVING,Path clear
49.11247515678406,12.630661740407021,109.05958557128906,13.673872947692871,-179.02655029296875,0.5,0.0,-0.0013989269500598311,DRIVING,Path clear
49.13933825492859,12.637788110047657,108.42850494384766,13.663064956665039,-179.037109375,0.5,0.0,-0.0018681352958083153,DRIVING,Path clear
49.17725205421448,12.643847657670992,107.7972640991211,13.651718139648438,-179.0472869873047,0.5,0.0,-0.0025773709639906883,DRIVING,Path clear
49.208738565444946,12.650374509311412,107.1655044555664,13.641908645629883,-179.07037353515625,0.5,0.0,-0.002727164886891842,DRIVING,Path clear
49.23642086982727,12.658351757411774,106.53311920166016,13.632896423339844,-179.09986877441406,0.5,0.0,-0.0026696836575865746,DRIVING,Path clear
49.26672315597534,12.665291987768185,105.90009307861328,13.623905181884766,-179.1376495361328,0.5,0.0,-0.0024559092707931995,DRIVING,Path clear
49.29715371131897,12.67338872680447,105.26679229736328,13.614316940307617,-179.17135620117188,0.5,0.0,-0.002509272424504161,DRIVING,Path clear
49.32976794242859,12.681402682564086,104.63304138183594,13.604841232299805,-179.20298767089844,0.5,0.0,-0.002611839445307851,DRIVING,Path clear
49.359925508499146,12.689067814560953,103.99891662597656,13.596564292907715,-179.23162841796875,0.5,0.0,-0.0026130913756787777,DRIVING,Path clear
49.385133504867554,12.69764805074263,103.36432647705078,13.58856201171875,-179.26431274414062,0.5,0.0,-0.002433404792100191,DRIVING,Path clear
49.41221809387207,12.704465936625391,102.72953033447266,13.580934524536133,-179.29409790039062,0.5,0.0,-0.002285934053361416,DRIVING,Path clear
49.44194030761719,12.712803737749832,102.09415435791016,13.573406219482422,-179.3249053955078,0.5,0.0,-0.0020877616479992867,DRIVING,Path clear
49.467382192611694,12.720801672297352,101.4583740234375,13.566193580627441,-179.3520965576172,0.5,0.0,-0.0019567047711461782,DRIVING,Path clear
49.498727321624756,12.728683175718787,100.82218170166016,13.55925464630127,-179.3794403076172,0.5,0.0,-0.0017743798671290278,DRIVING,Path clear
49.52893924713135,12.73654918761754,100.18560028076172,13.552592277526855,-179.40313720703125,0.5,0.0,-0.0016664675204083323,DRIVING,Path clear
49.55936002731323,12.74432527031466,99.54862976074219,13.54616928100586,-179.42678833007812,0.5,0.0,-0.0015197298489511013,DRIVING,Path clear
49.58559060096741,12.752081573378474,98.9112777709961,13.539989471435547,-179.44700622558594,0.5,0.0,-0.0014462362742051482,DRIVING,Path clear
49.60700225830078,12.759731251325356,98.2735366821289,13.534019470214844,-179.4675750732422,0.5,0.0,-0.0013253832003101707,DRIVING,Path clear
49.63451862335205,12.7673452563282,97.6353988647461,13.528264999389648,-179.4849395751953,0.5,0.0,-0.0012748255394399166,DRIVING,Path clear
49.671112298965454,12.774853331824987,96.99689483642578,13.522692680358887,-179.50296020507812,0.5,0.0,-0.001171717420220375,DRIVING,Path clear
49.69373631477356,12.78231281947302,96.35801696777344,13.517309188842773,-179.51815795898438,0.5,0.0,-0.0011306877713650465,DRIVING,Path clear
49.71788477897644,12.78966561460113,95.71876525878906,13.512086868286133,-179.5341339111328,0.5,0.0,-0.0010362857719883323,DRIVING,Path clear
49.745185136795044,12.796960941143068,95.07915496826172,13.507033348083496,-179.54747009277344,0.5,0.0,-0.0010015451116487384,DRIVING,Path clear
49.77729058265686,12.804151108328458,94.43917846679688,13.502120018005371,-179.5617218017578,0.5,0.0,-0.0009124065400101244,DRIVING,Path clear
49.80680823326111,12.811289297066054,93.79883575439453,13.497358322143555,-179.5734100341797,0.5,0.0,-0.000882983673363924,DRIVING,Path clear
49.83212113380432,12.818326041726325,93.15814208984375,13.492716789245605,-179.5860595703125,0.5,0.0,-0.000801009708084166,DRIVING,Path clear
49.863834619522095,12.825308470107423,92.51709747314453,13.488208770751953,-179.59628295898438,0.5,0.0,-0.0007775344420224428,DRIVING,Path clear
49.8927686214447,12.832190225227446,91.87570190429688,13.483808517456055,-179.60757446289062,0.5,0.0,-0.0007003630744293332,DRIVING,Path clear
49.92369079589844,12.839014020480086,91.23396301269531,13.47952651977539,-179.61642456054688,0.5,0.0,-0.0006841382710263133,DRIVING,Path clear
49.9531135559082,12.845748437139948,90.5918960571289,13.475337028503418,-179.62646484375,0.5,0.0,-0.0006127222441136837,DRIVING,Path clear
49.98154258728027,12.85242308806898,89.94947814941406,13.47125244140625,-179.63414001464844,0.5,0.0,-0.0006022811285220087,DRIVING,Path clear
50.01306891441345,12.859012385248173,89.3067398071289,13.46724796295166,-179.64303588867188,0.5,0.0,-0.0005377083434723318,DRIVING,Path clear
50.03940010070801,12.86553649016264,88.6636734008789,13.463336944580078,-179.6497344970703,0.5,0.0,-0.0005304410587996244,DRIVING,Path clear
50.06627893447876,12.871977317995077,88.02027893066406,13.459495544433594,-179.65765380859375,0.5,0.0,-0.00047080585500225425,DRIVING,Path clear
50.09438490867615,12.878358978590732,87.3765640258789,13.45573902130127,-179.66342163085938,0.5,0.0,-0.0004683974548242986,DRIVING,Path clear
50.11915707588196,12.884660317848036,86.7325439453125,13.452041625976562,-179.6704864501953,0.5,0.0,-0.00041252165101468563,DRIVING,Path clear
50.146100759506226,12.890903291277517,86.08820343017578,13.448418617248535,-179.67544555664062,0.5,0.0,-0.0004141187237109989,DRIVING,Path clear
50.17894983291626,12.897064959400751,85.44354248046875,13.444847106933594,-179.68179321289062,0.5,0.0,-0.0003611014108173549,DRIVING,Path clear
50.20755434036255,12.90316749239821,84.798583984375,13.441343307495117,-179.68605041503906,0.5,0.0,-0.00036584955523721874,DRIVING,Path clear
50.23850989341736,12.909191254684893,84.1533203125,13.437884330749512,-179.69174194335938,0.5,0.0,-0.0003152632270939648,DRIVING,Path clear
50.260589838027954,12.91515871353298,83.50775146484375,13.43448543548584,-179.6953887939453,0.5,0.0,-0.0003225159307476133,DRIVING,Path clear
50.285109519958496,12.921050414018048,82.86189270019531,13.431123733520508,-179.7004852294922,0.5,0.0,-0.0002752132131718099,DRIVING,Path clear
50.31411147117615,12.926887126718697,82.21574401855469,13.427817344665527,-179.70361328125,0.5,0.0,-0.0002839892986230552,DRIVING,Path clear
50.34179067611694,12.932652233691254,81.56929779052734,13.424539566040039,-179.7081756591797,0.5,0.0,-0.00024015395320020616,DRIVING,Path clear
50.370341539382935,12.938359133712405,80.92256927490234,13.421313285827637,-179.7108154296875,0.5,0.0,-0.0002515206579118967,DRIVING,Path clear
50.40336990356445,12.944405808235096,80.27558135986328,13.418157577514648,-179.71481323242188,0.5,0.0,-0.00020607138867489994,DRIVING,Path clear
50.42722702026367,12.954207634410412,79.62885284423828,13.41502571105957,-179.71707153320312,0.5,0.0,-0.00021486573677975684,DRIVING,Path clear
50.45319223403931,12.964094630381016,78.98197174072266,13.411860466003418,-179.72018432617188,0.5,0.0,-0.00020033195323776454,DRIVING,Path clear
50.49607491493225,12.973372132058183,78.33466339111328,13.408732414245605,-179.7218017578125,0.5,0.0,-0.00022919403272680938,DRIVING,Path clear
50.51242232322693,12.98195834638981,77.68690490722656,13.405641555786133,-179.72486877441406,0.5,0.0,-0.00020328987739048898,DRIVING,Path clear
50.54342174530029,12.99086287740879,77.03839874267578,13.402640342712402,-179.7262420654297,0.5,0.0,-0.00021852724603377283,DRIVING,Path clear
50.57075595855713,12.999626828532929,76.38866424560547,13.39957332611084,-179.72970581054688,0.5,0.0,-0.00017386504623573273,DRIVING,Path clear
50.600727558135986,13.008147433712317,75.73826599121094,13.396529197692871,-179.73118591308594,0.5,0.0,-0.00019142177188768983,DRIVING,Path clear
50.62817668914795,13.016676863461768,75.08740234375,13.39350414276123,-179.73439025878906,0.5,0.0,-0.00014769323752261698,DRIVING,Path clear
50.65989851951599,13.025143044149898,74.43614959716797,13.390524864196777,-179.73580932617188,0.5,0.0,-0.00015587915549986064,DRIVING,Path clear
50.682661294937134,13.033661079282592,73.7845687866211,13.38754940032959,-179.7386016845703,0.5,0.0,-0.00011702091433107853,DRIVING,Path clear
50.718584060668945,13.042210389491693,73.13259887695312,13.384602546691895,-179.73971557617188,0.5,0.0,-0.0001293835957767442,DRIVING,Path clear
50.75090503692627,13.050721078009198,72.480224609375,13.38166618347168,-179.7421417236328,0.5,0.0,-9.623271762393415e-05,DRIVING,Path clear
50.77701473236084,13.059170617431372,71.82743072509766,13.378753662109375,-179.74295043945312,0.5,0.0,-0.00011239963350817561,DRIVING,Path clear
50.814074993133545,13.067539039543213,71.1742172241211,13.375847816467285,-179.74513244628906,0.5,0.0,-8.132670336635783e-05,DRIVING,Path clear
50.84061050415039,13.075775575828713,70.52059936523438,13.37296199798584,-179.7457275390625,0.5,0.0,-9.97859679046087e-05,DRIVING,Path clear
50.869579553604126,13.083620616976091,69.86653137207031,13.370149612426758,-179.7477569580078,0.5,0.0,-5.823733226861805e-05,DRIVING,Path clear
50.89907431602478,13.09247059158324,69.212158203125,13.367274284362793,-179.7480010986328,0.5,0.0,-8.59105130075477e-05,DRIVING,Path clear
50.928093910217285,13.101371915445506,68.5574722290039,13.364394187927246,-179.74951171875,0.5,0.0,-7.213767094071954e-05,DRIVING,Path clear
50.9521119594574,13.110087653545477,67.9023666381836,13.361536979675293,-179.74951171875,0.5,0.0,-0.00010457034659339115,DRIVING,Path clear
50.97907209396362,13.118729515983926,67.24685668945312,13.35865592956543,-179.75108337402344,0.5,0.0,-8.814989269012585e-05,DRIVING,Path clear
51.00529408454895,13.127536463163908,66.59100341796875,13.35576057434082,-179.75144958496094,0.5,0.0,-0.00011428561265347525,DRIVING,Path clear
51.03664588928223,13.136673584286468,65.93457794189453,13.352962493896484,-179.75375366210938,0.5,0.0,-5.533969306270592e-05,DRIVING,Path clear
51.06513547897339,13.145534145198944,65.27765655517578,13.350193977355957,-179.75466918945312,0.5,0.0,-4.1952032916015014e-05,DRIVING,Path clear
51.097119092941284,13.154261673345509,64.62028503417969,13.347417831420898,-179.75694274902344,0.5,0.0,1.6135336409206502e-05,DRIVING,Path clear
51.121684074401855,13.162982513951487,63.962425231933594,13.344578742980957,-179.75714111328125,0.5,0.0,-4.999445991415996e-06,DRIVING,Path clear
51.15031051635742,13.171631207794205,63.3040771484375,13.341785430908203,-179.75830078125,0.5,0.0,1.381433230562834e-05,DRIVING,Path clear
51.18323278427124,13.18019182495048,62.64523696899414,13.339070320129395,-179.75775146484375,0.5,0.0,-1.1405246368667576e-05,DRIVING,Path clear
51.21401309967041,13.188666016811174,61.9859619140625,13.336344718933105,-179.75857543945312,0.5,0.0,8.086163688858505e-06,DRIVING,Path clear
51.24616050720215,13.19707797079403,61.326263427734375,13.333619117736816,-179.75791931152344,0.5,0.0,-2.172952918044757e-05,DRIVING,Path clear
51.26876497268677,13.205419696590877,60.6661491394043,13.33088207244873,-179.7587127685547,0.5,0.0,-4.7659541451139376e-06,DRIVING,Path clear
51.29678702354431,13.21368908932431,60.0056266784668,13.328147888183594,-179.7581329345703,0.5,0.0,-3.2763575291028246e-05,DRIVING,Path clear
51.32525300979614,13.221880847016141,59.34469985961914,13.325404167175293,-179.759033203125,0.5,0.0,-1.2646850336750504e-05,DRIVING,Path clear
51.4166100025177,13.229987023547432,58.6833610534668,13.32266616821289,-179.7586212158203,0.5,0.0,-3.5295201087137684e-05,DRIVING,Path clear
51.42357063293457,13.237935623300586,58.02161407470703,13.319941520690918,-179.75946044921875,0.5,0.0,-1.335315937467385e-05,DRIVING,Path clear
51.44912576675415,13.245813263933657,57.359466552734375,13.317222595214844,-179.75889587402344,0.5,0.0,-3.723413101397455e-05,DRIVING,Path clear
51.4883975982666,13.253582408852006,56.69692611694336,13.31448745727539,-179.7596435546875,0.5,0.0,-1.9998806237708777e-05,DRIVING,Path clear
51.516969203948975,13.261305716212439,56.03400421142578,13.31175422668457,-179.759033203125,0.5,0.0,-4.7070767323020846e-05,DRIVING,Path clear
51.5478036403656,13.268901930978586,55.37070083618164,13.309012413024902,-179.7598419189453,0.5,0.0,-2.8197875508340076e-05,DRIVING,Path clear
51.57879066467285,13.27643806665551,54.70703125,13.30628490447998,-179.75955200195312,0.5,0.0,-4.325942791183479e-05,DRIVING,Path clear
51.60409641265869,13.283840225268712,54.04298782348633,13.303531646728516,-179.76065063476562,0.5,0.0,-1.621485353098251e-05,DRIVING,Path clear
51.63134217262268,13.291126231433372,53.37856674194336,13.300764083862305,-179.7602081298828,0.5,0.0,-4.22141638409812e-05,DRIVING,Path clear
51.67199420928955,13.29834018579867,52.71377944946289,13.297991752624512,-179.7610321044922,0.5,0.0,-2.7058922569267452e-05,DRIVING,Path clear
51.690608501434326,13.305463874274093,52.04863739013672,13.295230865478516,-179.760498046875,0.5,0.0,-5.463439811137505e-05,DRIVING,Path clear
51.71926665306091,13.312516809585096,51.38313674926758,13.292465209960938,-179.76138305664062,0.5,0.0,-3.5659613786265254e-05,DRIVING,Path clear
51.7486526966095,13.319469845783413,50.71730422973633,13.289690971374512,-179.7610321044922,0.5,0.0,-5.8934438129654154e-05,DRIVING,Path clear
51.795275926589966,13.326358268652182,50.05112838745117,13.286911010742188,-179.76220703125,0.5,0.0,-3.194373130099848e-05,DRIVING,Path clear
51.865145206451416,13.33316797392451,49.38460922241211,13.284146308898926,-179.76205444335938,0.5,0.0,-4.667265966418199e-05,DRIVING,Path clear
51.87614464759827,13.339893631563474,48.71775817871094,13.281380653381348,-179.76321411132812,0.5,0.0,-1.7779280824470334e-05,DRIVING,Path clear
51.90414786338806,13.346542458900629,48.05057144165039,13.278627395629883,-179.7630615234375,0.5,0.0,-2.9946515496703796e-05,DRIVING,Path clear
51.92422580718994,13.353112931966288,47.38304901123047,13.275867462158203,-179.7640380859375,0.5,0.0,-5.535017862712266e-06,DRIVING,Path clear
51.94813513755798,13.359611205283061,46.71520233154297,13.273116111755371,-179.7637176513672,0.5,0.0,-2.2613739929511212e-05,DRIVING,Path clear
51.9757616519928,13.366034862048847,46.047035217285156,13.27036190032959,-179.7645721435547,0.5,0.0,-9.667501217336394e-07,DRIVING,Path clear
52.000213623046875,13.372386338839195,45.37854766845703,13.267618179321289,-179.76416015625,0.5,0.0,-1.948026147147175e-05,DRIVING,Path clear
52.02752161026001,13.378660336220529,44.70974349975586,13.264866828918457,-179.76492309570312,0.5,0.0,-5.045142614790166e-08,DRIVING,Path clear
52.05663990974426,13.384865928705228,44.0406379699707,13.26212215423584,-179.76443481445312,0.5,0.0,-2.0897270587738603e-05,DRIVING,Path clear
52.082173347473145,13.391002592343343,43.3712158203125,13.259370803833008,-179.7652130126953,0.5,0.0,-2.8009299057885073e-07,DRIVING,Path clear
52.110066175460815,13.39707086520654,42.70148849487305,13.256627082824707,-179.76475524902344,0.5,0.0,-1.9594193872762844e-05,DRIVING,Path clear
52.13608384132385,13.403069270445888,42.031463623046875,13.253875732421875,-179.7655029296875,0.5,0.0,3.668599219963653e-07,DRIVING,Path clear
52.160714626312256,13.408999266725088,41.36113739013672,13.25113296508789,-179.76502990722656,0.5,0.0,-1.8938766515930183e-05,DRIVING,Path clear
52.191938638687134,13.414858451691932,40.690513610839844,13.248380661010742,-179.76573181152344,0.5,0.0,-2.949703343801957e-07,DRIVING,Path clear
52.21970868110657,13.420653966437765,40.01960372924805,13.245636940002441,-179.76527404785156,0.5,0.0,-1.8886787074734457e-05,DRIVING,Path clear
52.24712014198303,13.426382505348453,39.34840393066406,13.242887496948242,-179.76600646972656,0.5,0.0,1.5967777926562121e-06,DRIVING,Path clear
52.27645707130432,13.432050267610203,38.67692184448242,13.240143775939941,-179.7655029296875,0.5,0.0,-1.7852478777058423e-05,DRIVING,Path clear
52.300822496414185,13.437652909018784,38.00515365600586,13.237394332885742,-179.76620483398438,0.5,0.0,1.97133635992941e-06,DRIVING,Path clear
52.33538031578064,13.443190977245326,37.33311080932617,13.23465347290039,-179.7657012939453,0.5,0.0,-1.696586150501389e-05,DRIVING,Path clear
52.35833787918091,13.44866489194046,36.66079330444336,13.231904983520508,-179.76644897460938,0.5,0.0,4.896029622614151e-06,DRIVING,Path clear
52.39112877845764,13.454077102732729,35.98820495605469,13.229162216186523,-179.76593017578125,0.5,0.0,-1.4196393749443814e-05,DRIVING,Path clear
52.41281223297119,13.459429930348568,35.315345764160156,13.226411819458008,-179.76658630371094,0.5,0.0,4.654271378967678e-06,DRIVING,Path clear
52.44048190116882,13.464721970828988,34.64221954345703,13.223668098449707,-179.7660675048828,0.5,0.0,-1.4240479686122853e-05,DRIVING,Path clear
52.46497559547424,13.469953688847799,33.968833923339844,13.220917701721191,-179.7667236328125,0.5,0.0,4.9660243348625954e-06,DRIVING,Path clear
52.49289035797119,13.475127479308115,33.295188903808594,13.218174934387207,-179.76620483398438,0.5,0.0,-1.3733949344896246e-05,DRIVING,Path clear
52.52198910713196,13.480239022422454,32.62128448486328,13.215423583984375,-179.76686096191406,0.5,0.0,5.670212431141408e-06,DRIVING,Path clear
52.555230379104614,13.485292663827014,31.947126388549805,13.21268081665039,-179.76632690429688,0.5,0.0,-1.2874809726781677e-05,DRIVING,Path clear
52.6015362739563,13.490289792297904,31.272714614868164,13.209930419921875,-179.7669677734375,0.5,0.0,6.5230597101617604e-06,DRIVING,Path clear
52.63293147087097,13.495229944746647,30.59805679321289,13.207185745239258,-179.7664031982422,0.5,0.0,-1.331053499598056e-05,DRIVING,Path clear
52.650068521499634,13.500114523038434,29.923152923583984,13.204435348510742,-179.76702880859375,0.5,0.0,5.928035989199998e-06,DRIVING,Path clear
52.68110179901123,13.504945013016053,29.24800682067871,13.201692581176758,-179.76649475097656,0.5,0.0,-1.1922153134946711e-05,DRIVING,Path clear
52.709067821502686,13.509720897210979,28.572622299194336,13.198942184448242,-179.76712036132812,0.5,0.0,7.66514494898729e-06,DRIVING,Path clear
52.73791742324829,13.51443885101034,27.89699935913086,13.196195602416992,-179.76658630371094,0.5,0.0,-1.0769118489406537e-05,DRIVING,Path clear
52.76513195037842,13.519104137394667,27.22114372253418,13.193446159362793,-179.76718139648438,0.5,0.0,8.303646609419957e-06,DRIVING,Path clear
52.79193091392517,13.52371433146478,26.545055389404297,13.190696716308594,-179.76661682128906,0.5,0.0,-1.1264399290666915e-05,DRIVING,Path clear
52.81985330581665,13.528273736698761,25.86874008178711,13.18794059753418,-179.76724243164062,0.5,0.0,7.773305696900934e-06,DRIVING,Path clear
52.84855914115906,13.532828329677868,25.19219970703125,13.18519115447998,-179.76670837402344,0.5,0.0,-1.0138634934264701e-05,DRIVING,Path clear
52.874348402023315,13.537423641863002,24.515453338623047,13.182435035705566,-179.76724243164062,0.5,0.0,6.145332463347586e-06,DRIVING,Path clear
52.9021110534668,13.541960291097341,23.838485717773438,13.179685592651367,-179.7667236328125,0.5,0.0,-1.1252591320953798e-05,DRIVING,Path clear
52.9266881942749,13.546432897034993,23.16129493713379,13.17693042755127,-179.767333984375,0.5,0.0,8.083545253612101e-06,DRIVING,Path clear
52.95945358276367,13.55083901946535,22.483882904052734,13.17418098449707,-179.7667999267578,0.5,0.0,-9.466871233598795e-06,DRIVING,Path clear
52.984912633895874,13.555230494825862,21.806232452392578,13.17142391204834,-179.7673797607422,0.5,0.0,9.183201655105222e-06,DRIVING,Path clear
53.01843786239624,13.559548884417707,21.12835121154785,13.168672561645508,-179.7667999267578,0.5,0.0,-1.0177203876082785e-05,DRIVING,Path clear
53.04834580421448,13.563822198764608,20.45025062561035,13.165911674499512,-179.7673797607422,0.5,0.0,7.90013018558966e-06,DRIVING,Path clear
53.08003044128418,13.568050927952786,19.77193260192871,13.163156509399414,-179.76686096191406,0.5,0.0,-9.392229912918992e-06,DRIVING,Path clear
53.10577726364136,13.572239370078542,19.09341049194336,13.160393714904785,-179.7673797607422,0.5,0.0,6.6751372287399136e-06,DRIVING,Path clear
53.13811540603638,13.576382254245726,18.414676666259766,13.157638549804688,-179.76686096191406,0.5,0.0,-1.0593774277367629e-05,DRIVING,Path clear
53.16307735443115,13.580480092993541,17.73573875427246,13.154876708984375,-179.76742553710938,0.5,0.0,7.496200396417407e-06,DRIVING,Path clear
53.189098834991455,13.58453048073213,17.056598663330078,13.152119636535645,-179.7668914794922,0.5,0.0,-1.0247333193547092e-05,DRIVING,Path clear
53.223002910614014,13.588535812023526,16.377256393432617,13.149358749389648,-179.76748657226562,0.5,0.0,9.044805665325839e-06,DRIVING,Path clear
53.27372169494629,13.592495622217402,15.69771671295166,13.146601676940918,-179.7669677734375,0.5,0.0,-7.856139745854307e-06,DRIVING,Path clear
53.395185708999634,13.596829416778307,15.018022537231445,13.143838882446289,-179.76748657226562,0.5,0.0,9.091439096664544e-06,DRIVING,Path clear
53.4100182056427,13.60152820322314,14.338227272033691,13.141077995300293,-179.7669677734375,0.5,0.0,-8.356642865692265e-06,DRIVING,Path clear
53.426774978637695,13.606122588981146,13.65823745727539,13.138311386108398,-179.76748657226562,0.5,0.0,7.887393621786032e-06,DRIVING,Path clear
53.472983598709106,13.610580307267183,12.978023529052734,13.135550498962402,-179.7669677734375,0.5,0.0,-9.167837561108172e-06,DRIVING,Path clear
53.50176668167114,13.615011127088293,12.297582626342773,13.132782936096191,-179.7675018310547,0.5,0.0,7.791018106217962e-06,DRIVING,Path clear
53.527769804000854,13.619460811978147,11.616777420043945,13.130020141601562,-179.7669677734375,0.5,0.0,-9.780333130038343e-06,DRIVING,Path clear
53.56035280227661,13.623779525266707,10.93568229675293,13.127253532409668,-179.7675018310547,0.5,0.0,7.998796718311496e-06,DRIVING,Path clear
53.580304861068726,13.628068194999061,10.25435733795166,13.12448787689209,-179.76698303222656,0.5,0.0,-9.162485184788238e-06,DRIVING,Path clear
53.622162103652954,13.632341081031628,9.572819709777832,13.12171745300293,-179.7675018310547,0.5,0.0,7.492064924008446e-06,DRIVING,Path clear
53.6784987449646,13.63659360584077,8.891069412231445,13.118948936462402,-179.76698303222656,0.5,0.0,-9.800124644243624e-06,DRIVING,Path clear
53.70640206336975,13.64132082712558,8.209157943725586,13.11617374420166,-179.7675018310547,0.5,0.0,6.5598806031630374e-06,DRIVING,Path clear
53.734758377075195,13.647136596619916,7.527255058288574,13.113407135009766,-179.7670440673828,0.5,0.0,-8.297640306409448e-06,DRIVING,Path clear
53.761056423187256,13.652849420420965,6.845163345336914,13.110635757446289,-179.76754760742188,0.5,0.0,8.150584108079784e-06,DRIVING,Path clear
53.78949999809265,13.658330057841365,6.162809371948242,13.107868194580078,-179.76705932617188,0.5,0.0,-7.76330580265494e-06,DRIVING,Path clear
53.81528306007385,13.663613356425028,5.4801836013793945,13.105097770690918,-179.76756286621094,0.5,0.0,9.288181900046766e-06,DRIVING,Path clear
53.846113443374634,13.669244108384447,4.797045707702637,13.102325439453125,-179.76702880859375,0.5,0.0,-8.357059414265677e-06,DRIVING,Path clear
53.86627817153931,13.674549404970191,4.11345911026001,13.099544525146484,-179.76756286621094,0.5,0.0,8.628143405076116e-06,DRIVING,Path clear
53.894264221191406,13.679820909949084,3.429569959640503,13.096769332885742,-179.7670440673828,0.5,0.0,-8.237096153607126e-06,DRIVING,Path clear
53.921409368515015,13.685097241219536,2.7454137802124023,13.093990325927734,-179.76754760742188,0.5,0.0,8.35524497233564e-06,DRIVING,Path clear
53.94706845283508,13.690364485100291,2.06099796295166,13.09121322631836,-179.7670440673828,0.5,0.0,-8.304144103021827e-06,DRIVING,Path clear
53.97323250770569,13.69582927512356,1.3763439655303955,13.088431358337402,-179.76754760742188,0.5,0.0,8.378341590287164e-06,DRIVING,Path clear
54.0060658454895,13.702656140530939,0.6916632652282715,13.085651397705078,-179.76712036132812,0.5,0.0,-5.792509000457358e-06,DRIVING,Path clear
54.02999567985535,13.709425191409503,0.006772003136575222,13.082868576049805,-179.7675018310547,0.5,0.0,6.560327619808959e-06,DRIVING,Path clear
54.05573558807373,13.715964624093699,-0.6784256100654602,13.08008861541748,-179.7670440673828,0.5,0.0,-8.544139745936263e-06,DRIVING,Path clear
54.087047815322876,13.722290861126803,-1.3639450073242188,13.07730484008789,-179.76754760742188,0.5,0.0,8.173091373464558e-06,DRIVING,Path clear
54.11993193626404,13.728845225453975,-2.0499701499938965,13.074520111083984,-179.76702880859375,0.5,0.0,-8.810604413156398e-06,DRIVING,Path clear
54.145726680755615,13.735150886213535,-2.736531972885132,13.07172679901123,-179.76754760742188,0.5,0.0,7.498119884985499e-06,DRIVING,Path clear
54.20940399169922,13.741396131402478,-3.4234533309936523,13.068941116333008,-179.7670440673828,0.5,0.0,-8.721304766368121e-06,DRIVING,Path clear
54.29022765159607,13.747634509015565,-4.110691547393799,13.06614875793457,-179.76754760742188,0.5,0.0,7.87442422733875e-06,DRIVING,Path clear
54.29921102523804,13.753861949518152,-4.798238754272461,13.063359260559082,-179.76712036132812,0.5,0.0,-6.0996289903414436e-06,DRIVING,Path clear
54.31361246109009,13.760294351091105,-5.486083984375,13.060562133789062,-179.76754760742188,0.5,0.0,7.41590338293463e-06,DRIVING,Path clear
54.343181848526,13.767976228005226,-6.174014568328857,13.057770729064941,-179.76712036132812,0.5,0.0,-6.410688456526259e-06,DRIVING,Path clear
54.37410593032837,13.775682422067568,-6.862174034118652,13.054973602294922,-179.7675018310547,0.5,0.0,5.779834737040801e-06,DRIVING,Path clear
54.40228819847107,13.783158019632536,-7.5506792068481445,13.052180290222168,-179.76712036132812,0.5,0.0,-6.4701052906457335e-06,DRIVING,Path clear
54.427067279815674,13.790406590132665,-8.239550590515137,13.049378395080566,-179.76754760742188,0.5,0.0,6.943368134670891e-06,DRIVING,Path clear
54.45866775512695,13.797913354150946,-8.928945541381836,13.04658031463623,-179.76705932617188,0.5,0.0,-9.027037776832003e-06,DRIVING,Path clear
54.47806692123413,13.805101316927738,-9.618937492370605,13.04377555847168,-179.76754760742188,0.5,0.0,6.59886927678599e-06,DRIVING,Path clear
54.511606216430664,13.812209396428349,-10.309340476989746,13.040977478027344,-179.76712036132812,0.5,0.0,-6.901325377839385e-06,DRIVING,Path clear
54.53606653213501,13.819303620181707,-11.000105857849121,13.038168907165527,-179.76754760742188,0.5,0.0,6.71217321723816e-06,DRIVING,Path clear
54.562363147735596,13.826379470816843,-11.691221237182617,13.03536319732666,-179.76712036132812,0.5,0.0,-7.38824792279047e-06,DRIVING,Path clear
54.59454560279846,13.833534098808554,-12.38268756866455,13.032553672790527,-179.76754760742188,0.5,0.0,6.663812655460788e-06,DRIVING,Path clear
54.679144859313965,13.841278590718614,-13.07439136505127,13.029749870300293,-179.76712036132812,0.5,0.0,-6.732738711434649e-06,DRIVING,Path clear
54.689112424850464,13.84900969831933,-13.76639461517334,13.026939392089844,-179.76754760742188,0.5,0.0,7.285283118108055e-06,DRIVING,Path clear
54.704073905944824,13.85658754343395,-14.458759307861328,13.024128913879395,-179.76712036132812,0.5,0.0,-6.827732704550726e-06,DRIVING,Path clear
54.73906874656677,13.864009227960768,-15.151495933532715,13.02131462097168,-179.76754760742188,0.5,0.0,7.290263056347612e-06,DRIVING,Path clear
54.76748871803284,13.871528703837262,-15.84467601776123,13.018503189086914,-179.76712036132812,0.5,0.0,-6.646069778071251e-06,DRIVING,Path clear
54.79306745529175,13.878830841801856,-16.538345336914062,13.015686988830566,-179.76754760742188,0.5,0.0,7.817935511411633e-06,DRIVING,Path clear
54.831233501434326,13.886048031704432,-17.232404708862305,13.012869834899902,-179.76712036132812,0.5,0.0,-6.328377821773756e-06,DRIVING,Path clear
54.86183428764343,13.893217906456712,-17.926828384399414,13.01004695892334,-179.76754760742188,0.5,0.0,7.4170625339320395e-06,DRIVING,Path clear
54.88808012008667,13.900334697359035,-18.621606826782227,13.007229804992676,-179.76712036132812,0.5,0.0,-6.393413059413433e-06,DRIVING,Path clear
54.973552942276,13.907391194049255,-19.316736221313477,13.00440788269043,-179.7675018310547,0.5,0.0,6.625433343288023e-06,DRIVING,Path clear
54.98527932167053,13.914384408306125,-20.01221466064453,13.00158405303955,-179.76712036132812,0.5,0.0,-6.068352831789525e-06,DRIVING,Path clear
55.00168418884277,13.921307098077381,-20.708038330078125,12.99875545501709,-179.7675018310547,0.5,0.0,5.917658199905418e-06,DRIVING,Path clear
55.03006887435913,13.92815603250797,-21.404205322265625,12.995932579040527,-179.76712036132812,0.5,0.0,-5.969003268546658e-06,DRIVING,Path clear
55.061015129089355,13.934926815318812,-22.100709915161133,12.993103981018066,-179.7675018310547,0.5,0.0,6.683034825982759e-06,DRIVING,Path clear
55.09024167060852,13.941621664048597,-22.79755401611328,12.990275382995605,-179.76712036132812,0.5,0.0,-6.073960321373306e-06,DRIVING,Path clear
55.120068311691284,13.948241013941592,-23.494726181030273,12.987441062927246,-179.7675018310547,0.5,0.0,6.320875399978831e-06,DRIVING,Path clear
55.15199089050293,13.954783759229615,-24.192228317260742,12.984611511230469,-179.76712036132812,0.5,0.0,-6.22834659225191e-06,DRIVING,Path clear
55.18229794502258,13.961250939440164,-24.890052795410156,12.98177719116211,-179.7675018310547,0.5,0.0,6.517682322737528e-06,DRIVING,Path clear
55.207428216934204,13.96764296306962,-25.588199615478516,12.97894287109375,-179.76712036132812,0.5,0.0,-6.141695394035196e-06,DRIVING,Path clear
55.23636603355408,13.973959063838587,-26.28666114807129,12.976101875305176,-179.7675018310547,0.5,0.0,5.6023850447672885e-06,DRIVING,Path clear
55.2656991481781,13.980203602948132,-26.985443115234375,12.9732666015625,-179.76712036132812,0.5,0.0,-6.555411800945876e-06,DRIVING,Path clear
55.29547691345215,13.986377413364371,-27.684528350830078,12.970425605773926,-179.7675018310547,0.5,0.0,5.531252554646926e-06,DRIVING,Path clear
55.32540798187256,13.992479446297247,-28.38391876220703,12.96759033203125,-179.76712036132812,0.5,0.0,-6.265199317567749e-06,DRIVING,Path clear
55.35336780548096,13.998513029525201,-29.0836124420166,12.96474552154541,-179.7675018310547,0.5,0.0,5.864860668225447e-06,DRIVING,Path clear
55.3806209564209,14.004471319099332,-29.78360939025879,12.96190357208252,-179.76712036132812,0.5,0.0,-6.957427103770897e-06,DRIVING,Path clear
55.40567398071289,14.010359516455997,-30.483903884887695,12.959056854248047,-179.7675018310547,0.5,0.0,5.226080247666687e-06,DRIVING,Path clear
55.43580079078674,14.01618113787546,-31.184486389160156,12.956215858459473,-179.7671356201172,0.5,0.0,-6.2858644014340825e-06,DRIVING,Path clear
55.46763253211975,14.021937270335727,-31.885360717773438,12.953369140625,-179.7675018310547,0.5,0.0,5.727003099309513e-06,DRIVING,Path clear
55.493940591812134,14.02762677126386,-32.58652114868164,12.95052433013916,-179.76718139648438,0.5,0.0,-4.519632057053968e-06,DRIVING,Path clear
55.530863523483276,14.033250057458744,-33.287960052490234,12.947671890258789,-179.7675018310547,0.5,0.0,5.4201991588342935e-06,DRIVING,Path clear
55.62317776679993,14.038805259374328,-33.989681243896484,12.94482421875,-179.76718139648438,0.5,0.0,-4.936257482768269e-06,DRIVING,Path clear
55.633984088897705,14.044296461994916,-34.69167709350586,12.941970825195312,-179.7675018310547,0.5,0.0,5.185043846722692e-06,DRIVING,Path clear
55.65740609169006,14.049725327694192,-35.393943786621094,12.939123153686523,-179.7671356201172,0.5,0.0,-6.347707312670536e-06,DRIVING,Path clear
55.68895363807678,14.055092861591127,-36.09648513793945,12.936270713806152,-179.7675018310547,0.5,0.0,5.795814558950951e-06,DRIVING,Path clear
55.725311517715454,14.06039936811791,-36.799285888671875,12.933417320251465,-179.76718139648438,0.5,0.0,-4.777744834427722e-06,DRIVING,Path clear
55.75142812728882,14.06564514829436,-37.50235366821289,12.930559158325195,-179.7675018310547,0.5,0.0,-8.780632924754173e-06,DRIVING,Path clear
55.78308725357056,14.070826203980863,-38.20568084716797,12.927704811096191,-179.76724243164062,0.5,0.0,-0.00016439499449916184,DRIVING,Path clear
55.81391620635986,14.075944987409232,-38.90926742553711,12.924860954284668,-179.768310546875,0.5,0.0,-0.00040677894139662385,DRIVING,Path clear
55.84225940704346,14.081006997660408,-39.61310958862305,12.922059059143066,-179.77056884765625,0.5,0.0,-0.0006268300930969417,DRIVING,Path clear
55.86407732963562,14.086009633919677,-40.31719970703125,12.919320106506348,-179.77587890625,0.5,0.0,-0.0007347534410655499,DRIVING,Path clear
55.89221167564392,14.090956423747349,-41.02153778076172,12.916667938232422,-179.7827606201172,0.5,0.0,-0.0007764231413602829,DRIVING,Path clear
55.929072856903076,14.095839751701316,-41.72612762451172,12.91411018371582,-179.7917938232422,0.5,0.0,-0.0007313107489608228,DRIVING,Path clear
55.94407510757446,14.100675561235542,-42.43096160888672,12.911651611328125,-179.80088806152344,0.5,0.0,-0.0006683588144369423,DRIVING,Path clear
55.98156142234802,14.105431307782588,-43.136043548583984,12.90928840637207,-179.81056213378906,0.5,0.0,-0.000570581411011517,DRIVING,Path clear
56.01217293739319,14.110145542704098,-43.84134292602539,12.907023429870605,-179.8190155029297,0.5,0.0,-0.0004981670645065606,DRIVING,Path clear
56.05466985702515,14.114761434205908,-44.54689407348633,12.904839515686035,-179.8272247314453,0.5,0.0,-0.0004206709563732147,DRIVING,Path clear
56.075016021728516,14.119336108940164,-45.25267028808594,12.902745246887207,-179.83387756347656,0.5,0.0,-0.00038110255263745785,DRIVING,Path clear
56.10445213317871,14.123846483968753,-45.958675384521484,12.90072250366211,-179.84034729003906,0.5,0.0,-0.00033595188870094717,DRIVING,Path clear
56.13653755187988,14.12832152751023,-46.6649055480957,12.898771286010742,-179.8455047607422,0.5,0.0,-0.00032317102886736393,DRIVING,Path clear
56.15993022918701,14.13272626330364,-47.371360778808594,12.896882057189941,-179.85072326660156,0.5,0.0,-0.0002984913007821888,DRIVING,Path clear
56.184022426605225,14.137091734528259,-48.07802200317383,12.895058631896973,-179.85501098632812,0.5,0.0,-0.0002940806152764708,DRIVING,Path clear
56.213491678237915,14.14139667851224,-48.7849006652832,12.893285751342773,-179.85955810546875,0.5,0.0,-0.0002732832217589021,DRIVING,Path clear
56.24715042114258,14.145660895872973,-49.49199295043945,12.891571044921875,-179.86328125,0.5,0.0,-0.0002704111102502793,DRIVING,Path clear
56.27819514274597,14.14986397310599,-50.19929504394531,12.889901161193848,-179.86740112304688,0.5,0.0,-0.00024748704163357615,DRIVING,Path clear
56.30448246002197,14.15402857850746,-50.90680694580078,12.888280868530273,-179.87078857421875,0.5,0.0,-0.00024080427829176188,DRIVING,Path clear
56.33463382720947,14.158135029486736,-51.61452865600586,12.886701583862305,-179.87451171875,0.5,0.0,-0.00021641272178385407,DRIVING,Path clear
56.36744546890259,14.162201977675752,-52.32245635986328,12.885167121887207,-179.87750244140625,0.5,0.0,-0.00020932219922542572,DRIVING,Path clear
56.40311527252197,14.166216055007123,-53.03058624267578,12.883667945861816,-179.88082885742188,0.5,0.0,-0.00018543975602369756,DRIVING,Path clear
56.43107080459595,14.170183637331794,-53.73891067504883,12.882205963134766,-179.88340759277344,0.5,0.0,-0.00018027347687166184,DRIVING,Path clear
56.47015690803528,14.174097573942051,-54.44742965698242,12.880773544311523,-179.8863067626953,0.5,0.0,-0.00016003253404051065,DRIVING,Path clear
56.51329040527344,14.177976217976687,-55.15614700317383,12.879377365112305,-179.88851928710938,0.5,0.0,-0.0001566335849929601,DRIVING,Path clear
56.52874946594238,14.181802944052656,-55.86505889892578,12.878005981445312,-179.8910675048828,0.5,0.0,-0.000138406379846856,DRIVING,Path clear
56.5530686378479,14.185590950186008,-56.57415771484375,12.876666069030762,-179.8929443359375,0.5,0.0,-0.00013727320765610784,DRIVING,Path clear
56.5880651473999,14.189329837537178,-57.28343963623047,12.875349044799805,-179.89517211914062,0.5,0.0,-0.00012080673332093284,DRIVING,Path clear
56.69310736656189,14.19303278375739,-57.992919921875,12.874058723449707,-179.89675903320312,0.5,0.0,-0.00012117021105950698,DRIVING,Path clear
56.70718717575073,14.1966863661538,-58.70258331298828,12.872786521911621,-179.89881896972656,0.5,0.0,-0.00010319163993699476,DRIVING,Path clear
56.73995590209961,14.200302480784535,-59.41242218017578,12.871539115905762,-179.90013122558594,0.5,0.0,-0.00010620839020702988,DRIVING,Path clear
56.76180601119995,14.203869900888636,-60.12242889404297,12.870306968688965,-179.90194702148438,0.5,0.0,-9.001719445222989e-05,DRIVING,Path clear
56.77350854873657,14.20739771042741,-60.83262634277344,12.869097709655762,-179.903076171875,0.5,0.0,-9.27903747651726e-05,DRIVING,Path clear
56.80573034286499,14.210882425099012,-61.54299545288086,12.867899894714355,-179.90469360351562,0.5,0.0,-7.776924030622467e-05,DRIVING,Path clear
56.91271448135376,14.21433095993959,-62.2535400390625,12.866721153259277,-179.90560913085938,0.5,0.0,-8.282673661597073e-05,DRIVING,Path clear
56.92056584358215,14.21773550089945,-62.96425247192383,12.865553855895996,-179.90704345703125,0.5,0.0,-6.877171836094931e-05,DRIVING,Path clear
56.935950756073,14.221101756194345,-63.67513656616211,12.864402770996094,-179.9078369140625,0.5,0.0,-7.351500971708447e-05,DRIVING,Path clear
56.96711540222168,14.224425341095579,-64.38619232177734,12.863264083862305,-179.90914916992188,0.5,0.0,-5.899875395698473e-05,DRIVING,Path clear
56.99652910232544,14.22771452358245,-65.09740447998047,12.862138748168945,-179.9098663330078,0.5,0.0,-6.220545765245333e-05,DRIVING,Path clear
57.02204442024231,14.230962010353739,-65.80878448486328,12.8610200881958,-179.91099548339844,0.5,0.0,-5.061797855887562e-05,DRIVING,Path clear
57.04893660545349,14.234174796983286,-66.52031707763672,12.859917640686035,-179.91159057617188,0.5,0.0,-5.397141649154946e-05,DRIVING,Path clear
57.082040309906006,14.237339031859216,-67.23202514648438,12.858821868896484,-179.9126434326172,0.5,0.0,-4.130269371671602e-05,DRIVING,Path clear
57.1033239364624,14.24047175847885,-67.94387817382812,12.85773754119873,-179.9130401611328,0.5,0.0,-4.791987157659605e-05,DRIVING,Path clear
57.12814474105835,14.243548524237498,-68.65589904785156,12.856660842895508,-179.91397094726562,0.5,0.0,-3.6338740756036714e-05,DRIVING,Path clear
57.15312385559082,14.246591694082221,-69.36807250976562,12.855592727661133,-179.91433715820312,0.5,0.0,-4.19139105360955e-05,DRIVING,Path clear
57.17984938621521,14.249720558284265,-70.08037567138672,12.854503631591797,-179.91513061523438,0.5,0.0,-3.6558460124069825e-05,DRIVING,Path clear
57.2061812877655,14.254063822661005,-70.79265594482422,12.85306167602539,-179.91526794433594,0.5,0.0,-0.00010877897148020566,DRIVING,Path clear
57.23711013793945,14.258199913413195,-71.50497436523438,12.852291107177734,-179.91688537597656,0.5,0.0,-2.5894907594192773e-05,DRIVING,Path clear
57.25949835777283,14.261847848508348,-72.21747589111328,12.851926803588867,-179.9188995361328,0.5,0.0,0.00013422059419099241,DRIVING,Path clear
57.28397583961487,14.264370108577625,-72.93043518066406,12.8507661819458,-179.9190216064453,0.5,0.0,0.00010601788380881771,DRIVING,Path clear
57.32614779472351,14.267195355255845,-73.64376068115234,12.849349021911621,-179.91648864746094,0.5,0.0,-5.07935146742966e-05,DRIVING,Path clear
57.337711811065674,14.269734583586098,-74.35748291015625,12.84819221496582,-179.91421508789062,0.5,0.0,-0.00015793542843312025,DRIVING,Path clear
57.37680649757385,14.272209035206416,-75.07137298583984,12.847661972045898,-179.9131622314453,0.5,0.0,-0.00012607011012732983,DRIVING,Path clear
57.39472246170044,14.274848403834147,-75.78511810302734,12.846525192260742,-179.91395568847656,0.5,0.0,-0.0001278343697777018,DRIVING,Path clear
57.42538642883301,14.277664302066382,-76.49886322021484,12.845304489135742,-179.9148712158203,0.5,0.0,-0.0001387462834827602,DRIVING,Path clear
57.46927499771118,14.28043860462948,-77.21273040771484,12.84412670135498,-179.91656494140625,0.5,0.0,-0.0001172541014966555,DRIVING,Path clear
57.504188537597656,14.283135043534228,-77.92671966552734,12.842995643615723,-179.91786193847656,0.5,0.0,-0.00010131932504009455,DRIVING,Path clear
57.620280742645264,14.286694594509886,-78.64070892333984,12.84156322479248,-179.9207305908203,0.5,0.0,-8.047866867855191e-05,DRIVING,Path clear
57.629727363586426,14.291153192214749,-79.35457611083984,12.839872360229492,-179.92581176757812,0.5,0.0,-2.6298979719285853e-05,DRIVING,Path clear
57.64511203765869,14.294034989749726,-80.06875610351562,12.838948249816895,-179.930419921875,0.5,0.0,0.0001325636840192601,DRIVING,Path clear
57.67115592956543,14.29644401855895,-80.78327178955078,12.838323593139648,-179.93182373046875,0.5,0.0,0.0002317393955308944,DRIVING,Path clear
57.697067975997925,14.299121016607833,-81.49806213378906,12.837461471557617,-179.9304962158203,0.5,0.0,0.00020250487432349473,DRIVING,Path clear
57.721898317337036,14.302012736334564,-82.2132797241211,12.83629322052002,-179.92282104492188,0.5,0.0,-8.61620283103548e-05,DRIVING,Path clear
57.749491453170776,14.306055162956039,-82.92827606201172,12.83621883392334,-179.9203338623047,0.5,0.0,-3.0100483854766935e-05,DRIVING,Path clear
57.78021192550659,14.31060244806558,-83.64311218261719,12.836292266845703,-179.92543029785156,0.5,0.0,0.00030186885851435363,DRIVING,Path clear
57.804524421691895,14.31339111692571,-84.3582534790039,12.835457801818848,-179.92947387695312,0.5,0.0,0.00045626144856214523,DRIVING,Path clear
57.831767320632935,14.31587089322216,-85.07374572753906,12.83426284790039,-179.92832946777344,0.5,0.0,0.00038112388574518263,DRIVING,Path clear
57.86018776893616,14.318699855538897,-85.78975677490234,12.833723068237305,-179.9226837158203,0.5,0.0,0.0002588189672678709,DRIVING,Path clear
57.89037489891052,14.321405177268478,-86.50607299804688,12.833206176757812,-179.91329956054688,0.5,0.0,1.5794028513482772e-05,DRIVING,Path clear
57.90852499008179,14.323826188134888,-87.22241973876953,12.83224105834961,-179.9057159423828,0.5,0.0,-0.00023788212274666876,DRIVING,Path clear
57.95402264595032,14.326594948177812,-87.93864440917969,12.830890655517578,-179.90260314941406,0.5,0.0,-0.0004027677932754159,DRIVING,Path clear
57.972142457962036,14.329409294224176,-88.65493774414062,12.829598426818848,-179.90377807617188,0.5,0.0,-0.00041588867316022515,DRIVING,Path clear
58.07086706161499,14.332149938053373,-89.37136840820312,12.828388214111328,-179.9067840576172,0.5,0.0,-0.0003547775268089026,DRIVING,Path clear
58.08016228675842,14.33482192493803,-90.08792114257812,12.827239990234375,-179.9112091064453,0.5,0.0,-0.00023691954265814275,DRIVING,Path clear
58.10006761550903,14.337421276663022,-90.80460357666016,12.826139450073242,-179.91493225097656,0.5,0.0,-0.00013465849042404443,DRIVING,Path clear
58.129289865493774,14.339969447062408,-91.52143096923828,12.825071334838867,-179.91836547851562,0.5,0.0,-3.696313069667667e-05,DRIVING,Path clear
58.157577991485596,14.342475192283736,-92.2383804321289,12.824028015136719,-179.92019653320312,0.5,0.0,1.1225789421587251e-05,DRIVING,Path clear
58.18862986564636,14.344939542143965,-92.95545959472656,12.822994232177734,-179.92149353027344,0.5,0.0,4.311674274504185e-05,DRIVING,Path clear
58.213961124420166,14.347373193467496,-93.67265319824219,12.821969985961914,-179.9215545654297,0.5,0.0,3.530907633830793e-05,DRIVING,Path clear
58.2423939704895,14.349774648519409,-94.38996887207031,12.820951461791992,-179.9216766357422,0.5,0.0,3.0438806788879447e-05,DRIVING,Path clear
58.28181290626526,14.352148070399089,-95.10740661621094,12.819938659667969,-179.9211883544922,0.5,0.0,6.127724645921262e-06,DRIVING,Path clear
58.30006742477417,14.354490502943548,-95.82496643066406,12.818922996520996,-179.9211883544922,0.5,0.0,-2.351183184146066e-06,DRIVING,Path clear
58.32909321784973,14.356804707151436,-96.54263305664062,12.817910194396973,-179.92083740234375,0.5,0.0,-2.2076557797845453e-05,DRIVING,Path clear
58.3488507270813,14.359093883714754,-97.26041412353516,12.816900253295898,-179.92112731933594,0.5,0.0,-1.968874130398035e-05,DRIVING,Path clear
58.47941851615906,14.361356710387248,-97.97832489013672,12.815893173217773,-179.9210205078125,0.5,0.0,-3.0369414162123576e-05,DRIVING,Path clear
58.482157468795776,14.363592806726574,-98.69633483886719,12.814886093139648,-179.9215087890625,0.5,0.0,-2.09116842597723e-05,DRIVING,Path clear
58.51451849937439,14.365803268094991,-99.41445922851562,12.813884735107422,-179.9215087890625,0.5,0.0,-2.7125863198307343e-05,DRIVING,Path clear
58.543293952941895,14.367986606611327,-100.1326904296875,12.812885284423828,-179.92213439941406,0.5,0.0,-1.1885666935995687e-05,DRIVING,Path clear
58.56512808799744,14.370140310841219,-100.85104370117188,12.8118896484375,-179.92213439941406,0.5,0.0,-1.6897009118110873e-05,DRIVING,Path clear
58.60008430480957,14.37233141634769,-101.5694808959961,12.810882568359375,-179.92263793945312,0.5,0.0,-6.921189651620807e-06,DRIVING,Path clear
58.640419483184814,14.37473179050676,-102.28799438476562,12.809789657592773,-179.9226837158203,0.5,0.0,-2.567416049714666e-05,DRIVING,Path clear
58.67298173904419,14.377145613527246,-103.00659942626953,12.80872631072998,-179.9232635498047,0.5,0.0,-2.199036862293724e-05,DRIVING,Path clear
58.70372200012207,14.379773786185847,-103.72527313232422,12.80781364440918,-179.92385864257812,0.5,0.0,5.791029707324924e-06,DRIVING,Path clear
58.78235912322998,14.382374707882779,-104.44403839111328,12.80691909790039,-179.9251708984375,0.5,0.0,6.031797602190636e-05,DRIVING,Path clear
58.79407548904419,14.384950061917971,-105.16295623779297,12.805944442749023,-179.92550659179688,0.5,0.0,6.974214920774102e-05,DRIVING,Path clear
58.811511754989624,14.387440844834753,-105.88204956054688,12.80495834350586,-179.92572021484375,0.5,0.0,7.331640517804772e-05,DRIVING,Path clear
58.833569288253784,14.389949197314527,-106.60130310058594,12.804070472717285,-179.92501831054688,0.5,0.0,6.20545179117471e-05,DRIVING,Path clear
58.8825740814209,14.392390821391864,-107.32073974609375,12.803205490112305,-179.92457580566406,0.5,0.0,6.302577094174922e-05,DRIVING,Path clear
58.89847111701965,14.394823350654727,-108.040283203125,12.802322387695312,-179.92359924316406,0.5,0.0,4.3059353629359975e-05,DRIVING,Path clear
58.92199468612671,14.397248024049214,-108.75995635986328,12.80141830444336,-179.92308044433594,0.5,0.0,3.5364639188628644e-05,DRIVING,Path clear
58.94680881500244,14.39966256990555,-109.47975158691406,12.800503730773926,-179.92222595214844,0.5,0.0,1.4535771697410382e-05,DRIVING,Path clear
58.97673511505127,14.402060445463055,-110.19967651367188,12.799578666687012,-179.92202758789062,0.5,0.0,1.423605590389343e-05,DRIVING,Path clear
59.00506544113159,14.404433228146377,-110.91970825195312,12.798649787902832,-179.9214630126953,0.5,0.0,1.134279386860726e-06,DRIVING,Path clear
59.034096479415894,14.406784010636445,-111.63986206054688,12.797711372375488,-179.9215087890625,0.5,0.0,6.885566108394414e-06,DRIVING,Path clear
59.06720209121704,14.404459842466348,-112.36074829101562,12.79692554473877,-179.9214630126953,0.5,0.0,3.367106546647847e-05,DRIVING,Path clear
59.09969687461853,14.409492144262298,-113.08074188232422,12.795758247375488,-179.9205322265625,0.5,0.0,-2.8943120923941024e-05,DRIVING,Path clear
59.118608713150024,14.4169227743017,-113.80005645751953,12.794782638549805,-179.91943359375,0.5,0.0,-6.740427488693967e-05,DRIVING,Path clear
59.14687991142273,14.424022223445357,-114.51949310302734,12.793827056884766,-179.91929626464844,0.5,0.0,-7.035778253339231e-05,DRIVING,Path clear
59.16513013839722,14.426722933811359,-115.23870086669922,12.793087005615234,-179.92034912109375,0.5,0.0,-3.574794789074076e-07,DRIVING,Path clear
59.321959018707275,14.4331355897106,-115.95867156982422,12.792176246643066,-179.923095703125,0.5,0.0,9.989002865040675e-05,DRIVING,Path clear
59.328723430633545,14.435507026479693,-116.6806869506836,12.790963172912598,-179.92156982421875,0.5,0.0,1.060762588167563e-05,DRIVING,Path clear
59.349557638168335,14.442844424986665,-117.40238189697266,12.789813041687012,-179.91961669921875,0.5,0.0,-8.300306944875047e-05,DRIVING,Path clear
59.37545132637024,14.452018316061828,-118.12388610839844,12.788820266723633,-179.91819763183594,0.5,0.0,-0.00013441081682685763,DRIVING,Path clear
59.406994104385376,14.460551475406271,-118.84554290771484,12.787924766540527,-179.91845703125,0.5,0.0,-0.00011430745507823303,DRIVING,Path clear
59.43108654022217,14.468408825513762,-119.5667724609375,12.786979675292969,-179.92063903808594,0.5,0.0,-3.839046985376626e-05,DRIVING,Path clear
59.46079611778259,14.477634929373401,-120.28910064697266,12.785815238952637,-179.9225616455078,0.5,0.0,-4.901953616354149e-06,DRIVING,Path clear
59.48726844787598,14.487087430739292,-121.01235961914062,12.784586906433105,-179.92318725585938,0.5,0.0,-2.431538814562373e-05,DRIVING,Path clear
59.50915312767029,14.497655744879845,-121.73595428466797,12.783595085144043,-179.92413330078125,0.5,0.0,3.7455622532434063e-06,DRIVING,Path clear
59.53723335266113,14.508652060970459,-122.45987701416016,12.78266429901123,-179.92503356933594,0.5,0.0,4.005081791547127e-05,DRIVING,Path clear
59.56169056892395,14.520238591705489,-123.18413543701172,12.7816162109375,-179.9263916015625,0.5,0.0,7.32727930881083e-05,DRIVING,Path clear
59.59153366088867,14.532127456230231,-123.90884399414062,12.780774116516113,-179.92738342285156,0.5,0.0,0.0001266401377506554,DRIVING,Path clear
59.61912441253662,14.542935976650416,-124.63459014892578,12.780349731445312,-179.9282989501953,0.5,0.0,0.0002425661514280364,DRIVING,Path clear
59.651506185531616,14.552320732654577,-125.36128997802734,12.779536247253418,-179.926513671875,0.5,0.0,0.00020801660139113665,DRIVING,Path clear
59.69294500350952,14.561722791254649,-126.08881378173828,12.778352737426758,-179.92308044433594,0.5,0.0,6.126513471826911e-05,DRIVING,Path clear
59.714964628219604,14.571154346009454,-126.8170394897461,12.77742862701416,-179.9187774658203,0.5,0.0,-7.413153070956469e-05,DRIVING,Path clear
59.7570538520813,14.580587538279548,-127.54562377929688,12.776813507080078,-179.91688537597656,0.5,0.0,-8.08608892839402e-05,DRIVING,Path clear
59.78964948654175,14.590016851375616,-128.27444458007812,12.775901794433594,-179.91616821289062,0.5,0.0,-9.48354063439183e-05,DRIVING,Path clear
59.8671932220459,14.59959436044823,-129.00355529785156,12.774767875671387,-179.91680908203125,0.5,0.0,-9.777359082363546e-05,DRIVING,Path clear
59.878586530685425,14.609068887747293,-129.73313903808594,12.773661613464355,-179.91738891601562,0.5,0.0,-9.842147846939042e-05,DRIVING,Path clear
59.90286374092102,14.61837227914478,-130.46315002441406,12.772586822509766,-179.91873168945312,0.5,0.0,-6.842744187451899e-05,DRIVING,Path clear
59.9266881942749,14.627935492206616,-131.19363403320312,12.771540641784668,-179.9195556640625,0.5,0.0,-5.1304203225299716e-05,DRIVING,Path clear
59.968236446380615,14.639713652836296,-131.92405700683594,12.770509719848633,-179.92074584960938,0.5,0.0,-1.9837325453408994e-05,DRIVING,Path clear
60.01020359992981,14.651612532896896,-132.6547393798828,12.76949405670166,-179.9211883544922,0.5,0.0,-1.0638381354510784e-05,DRIVING,Path clear
60.02808499336243,14.663085009032224,-133.3859405517578,12.768482208251953,-179.92190551757812,0.5,0.0,8.357227670785505e-06,DRIVING,Path clear
60.055260181427,14.67413584163992,-134.11769104003906,12.767481803894043,-179.9218292236328,0.5,0.0,2.7255903205514187e-06,DRIVING,Path clear
60.08062410354614,14.685612538368723,-134.85043334960938,12.76647663116455,-179.9221649169922,0.5,0.0,1.0341836059524212e-05,DRIVING,Path clear
60.10748767852783,14.69645534534598,-135.58401489257812,12.765477180480957,-179.92190551757812,0.5,0.0,-6.307229227786593e-07,DRIVING,Path clear
60.14307904243469,14.70723884853359,-136.31817626953125,12.764473915100098,-179.92210388183594,0.5,0.0,3.0774388051213464e-06,DRIVING,Path clear
60.182251930236816,14.71803697735797,-137.0529022216797,12.763472557067871,-179.9218292236328,0.5,0.0,-8.6877444118727e-06,DRIVING,Path clear
60.21228790283203,14.72882367000763,-137.7881622314453,12.762470245361328,-179.92208862304688,0.5,0.0,-2.4982159629871603e-06,DRIVING,Path clear
60.24206900596619,14.739566655626193,-138.52394104003906,12.761469841003418,-179.9219207763672,0.5,0.0,-1.0250398190692067e-05,DRIVING,Path clear
60.27038359642029,14.750229992264067,-139.26026916503906,12.760465621948242,-179.9221649169922,0.5,0.0,-4.850133336731233e-06,DRIVING,Path clear
60.3028998374939,14.760803622446018,-139.9971160888672,12.759466171264648,-179.92208862304688,0.5,0.0,-9.086078534892295e-06,DRIVING,Path clear
60.32996392250061,14.771271112139193,-140.73448181152344,12.758462905883789,-179.9223175048828,0.5,0.0,-3.7267193420120748e-06,DRIVING,Path clear
60.359519481658936,14.781625140661927,-141.4723663330078,12.757461547851562,-179.92230224609375,0.5,0.0,-6.1999303397897165e-06,DRIVING,Path clear
60.38469576835632,14.791865791086195,-142.21075439453125,12.75645923614502,-179.92247009277344,0.5,0.0,-2.4051576019701315e-06,DRIVING,Path clear
60.41411375999451,14.80199299358441,-142.94967651367188,12.755459785461426,-179.92242431640625,0.5,0.0,-5.279523520584917e-06,DRIVING,Path clear
60.440189361572266,14.811997365539819,-143.6890869140625,12.754457473754883,-179.922607421875,0.5,0.0,-9.511477401247248e-07,DRIVING,Path clear
60.470447063446045,14.821887458258015,-144.42898559570312,12.753457069396973,-179.9225616455078,0.5,0.0,-3.6510371046460932e-06,DRIVING,Path clear
60.49512767791748,14.831663180926386,-145.1693572998047,12.75245475769043,-179.9226837158203,0.5,0.0,-1.035833292917232e-06,DRIVING,Path clear
60.523382902145386,14.84132334960198,-145.91024780273438,12.751453399658203,-179.92263793945312,0.5,0.0,-3.8582452361879405e-06,DRIVING,Path clear
60.55785036087036,14.850868994656944,-146.65159606933594,12.750452995300293,-179.9227294921875,0.5,0.0,-1.9396240986679913e-06,DRIVING,Path clear
60.5776526927948,14.860302940511751,-147.39344787597656,12.749451637268066,-179.9227294921875,0.5,0.0,-2.91904734694981e-06,DRIVING,Path clear
60.60136795043945,14.869628247112425,-148.13572692871094,12.74845027923584,-179.92282104492188,0.5,0.0,-8.301882985506381e-07,DRIVING,Path clear
60.63507318496704,14.878841924319959,-148.8784942626953,12.747448921203613,-179.92282104492188,0.5,0.0,-1.4900656424288172e-06,DRIVING,Path clear
60.669331550598145,14.887948408211491,-149.6217041015625,12.746447563171387,-179.92282104492188,0.5,0.0,-2.4295800358231645e-06,DRIVING,Path clear
60.69519567489624,14.896949558220616,-150.36537170410156,12.74544620513916,-179.92282104492188,0.5,0.0,-3.0663325105706463e-06,DRIVING,Path clear
60.72977948188782,14.905844381853413,-151.10948181152344,12.74444580078125,-179.92282104492188,0.5,0.0,-3.5469201975502074e-06,DRIVING,Path clear
60.75254845619202,14.914632438201997,-151.85403442382812,12.743444442749023,-179.9229278564453,0.5,0.0,-3.0798506145401916e-07,DRIVING,Path clear
60.79116988182068,14.92331888456709,-152.59902954101562,12.742444038391113,-179.9229278564453,0.5,0.0,-4.736136816063663e-07,DRIVING,Path clear
60.818684577941895,14.931904329719329,-153.34445190429688,12.741442680358887,-179.9229278564453,0.5,0.0,-7.726598596491385e-07,DRIVING,Path clear
60.84161853790283,14.940386395380562,-154.0902862548828,12.740440368652344,-179.9229278564453,0.5,0.0,-1.2081324030077667e-06,DRIVING,Path clear
60.88159656524658,14.948771534968847,-154.83656311035156,12.73944091796875,-179.9229278564453,0.5,0.0,-1.1927172636205796e-06,DRIVING,Path clear
60.91123819351196,14.957060265743914,-155.58323669433594,12.738439559936523,-179.9229278564453,0.5,0.0,-1.1710322951330454e-06,DRIVING,Path clear
60.94104743003845,14.965251001144683,-156.33033752441406,12.73743724822998,-179.9229278564453,0.5,0.0,-1.2858579339081189e-06,DRIVING,Path clear
60.97578310966492,14.973344176165325,-157.0778350830078,12.736433982849121,-179.9229278564453,0.5,0.0,-1.242191274286597e-06,DRIVING,Path clear
60.99819350242615,14.98134298358637,-157.82574462890625,12.735426902770996,-179.9230499267578,0.5,0.0,2.004952193601639e-06,DRIVING,Path clear
61.028321504592896,14.989251327895314,-158.57403564453125,12.734419822692871,-179.9230499267578,0.5,0.0,1.4845592204437708e-06,DRIVING,Path clear
61.06416392326355,14.997065726035267,-159.32272338867188,12.733412742614746,-179.9230499267578,0.5,0.0,9.738934068082017e-07,DRIVING,Path clear
61.08531332015991,15.004786316715276,-160.07180786132812,12.732405662536621,-179.9230499267578,0.5,0.0,4.72939973406028e-07,DRIVING,Path clear
61.13190531730652,15.012418668145369,-160.82127380371094,12.731398582458496,-179.9229736328125,0.5,0.0,-2.270170625706669e-06,DRIVING,Path clear
61.15530467033386,15.019963011787619,-161.5711212158203,12.730391502380371,-179.9229736328125,0.5,0.0,-2.46064178099914e-06,DRIVING,Path clear
61.183878898620605,15.027419235094978,-162.32131958007812,12.729384422302246,-179.9229736328125,0.5,0.0,-2.6447430627740687e-06,DRIVING,Path clear
61.21387338638306,15.034782438559384,-163.0718994140625,12.728377342224121,-179.9229736328125,0.5,0.0,-2.816228743540705e-06,DRIVING,Path clear
61.324562788009644,15.0420628287781,-163.8228302001953,12.727370262145996,-179.9229736328125,0.5,0.0,-2.9813629680575104e-06,DRIVING,Path clear
61.33427810668945,15.049258367627672,-164.5741424560547,12.726363182067871,-179.92308044433594,0.5,0.0,7.173279072958394e-07,DRIVING,Path clear
61.353989124298096,15.056370192271052,-165.32582092285156,12.725356101989746,-179.92308044433594,0.5,0.0,8.618033575658046e-07,DRIVING,Path clear
61.38085341453552,15.06339773869607,-166.0778350830078,12.724349021911621,-179.92308044433594,0.5,0.0,1.0124431355507113e-06,DRIVING,Path clear
61.4087610244751,15.070341929031311,-166.83021545410156,12.723341941833496,-179.92308044433594,0.5,0.0,1.1754882507375441e-06,DRIVING,Path clear
61.43608260154724,15.077207986387238,-167.58290100097656,12.722331047058105,-179.92308044433594,0.5,0.0,1.0541630217630882e-06,DRIVING,Path clear
61.462132692337036,15.083992648895277,-168.33596801757812,12.721318244934082,-179.92308044433594,0.5,0.0,6.48699995053903e-07,DRIVING,Path clear
61.489914894104004,15.090700568442788,-169.08935546875,12.720304489135742,-179.92308044433594,0.5,0.0,-1.7961932030630123e-07,DRIVING,Path clear
61.51864957809448,15.097324206604014,-169.8430633544922,12.719291687011719,-179.92308044433594,0.5,0.0,-2.755365358098061e-07,DRIVING,Path clear
61.55295252799988,15.103872284800424,-170.59710693359375,12.718278884887695,-179.92308044433594,0.5,0.0,-6.553855200763792e-07,DRIVING,Path clear
61.59515929222107,15.110346036309373,-171.35145568847656,12.717265129089355,-179.92308044433594,0.5,0.0,-8.806212008494185e-07,DRIVING,Path clear
61.60925555229187,15.116743810723515,-172.1061553955078,12.716252326965332,-179.92308044433594,0.5,0.0,-1.2445461834431626e-06,DRIVING,Path clear
61.65090465545654,15.123066305085864,-172.86117553710938,12.715238571166992,-179.92308044433594,0.5,0.0,-1.4508381127598113e-06,DRIVING,Path clear
61.67653512954712,15.129312262000369,-173.6165008544922,12.714225769042969,-179.92308044433594,0.5,0.0,-1.5089542557689128e-06,DRIVING,Path clear
61.705711364746094,15.135487867148061,-174.37213134765625,12.713212966918945,-179.92308044433594,0.5,0.0,-1.2709690508927451e-06,DRIVING,Path clear
61.73415565490723,15.141591072482456,-175.12806701660156,12.712199211120605,-179.92308044433594,0.5,0.0,-1.4584380778615014e-06,DRIVING,Path clear
61.755393743515015,15.147625000456722,-175.88430786132812,12.711186408996582,-179.92308044433594,0.5,0.0,-1.2050315945089096e-06,DRIVING,Path clear
61.78501057624817,15.153586156805398,-176.64085388183594,12.710171699523926,-179.9231414794922,0.5,0.0,8.024452995414322e-07,DRIVING,Path clear
61.82330012321472,15.159474057544262,-177.39768981933594,12.709159851074219,-179.9231414794922,0.5,0.0,1.2160077176304185e-06,DRIVING,Path clear
61.8379852771759,15.16529604620995,-178.15481567382812,12.708145141601562,-179.9231414794922,0.5,0.0,1.204442128255323e-06,DRIVING,Path clear
61.867132902145386,15.171051007719539,-178.91224670410156,12.707132339477539,-179.9231414794922,0.5,0.0,1.7748712934917421e-06,DRIVING,Path clear
61.903011083602905,15.176737114480721,-179.66993713378906,12.7061128616333,-179.9231414794922,0.5,0.0,1.0521736157897976e-06,DRIVING,Path clear
62.00747227668762,15.182360484271635,-180.4279327392578,12.705093383789062,-179.9231414794922,0.5,0.0,6.25323025360558e-07,DRIVING,Path clear
62.01777958869934,15.187913765686606,-181.1862030029297,12.70407485961914,-179.9231414794922,0.5,0.0,3.463905500211695e-07,DRIVING,Path clear
62.030810594558716,15.193402210014828,-181.9447479248047,12.703055381774902,-179.92308044433594,0.5,0.0,-2.102204916809569e-06,DRIVING,Path clear
62.06797981262207,15.198827684962154,-182.70355224609375,12.702035903930664,-179.92308044433594,0.5,0.0,-2.220789156126557e-06,DRIVING,Path clear
62.09510588645935,15.204190373365225,-183.46263122558594,12.701016426086426,-179.92308044433594,0.5,0.0,-2.619077349663712e-06,DRIVING,Path clear
62.12185883522034,15.209492200917275,-184.22198486328125,12.699996948242188,-179.92308044433594,0.5,0.0,-2.7250971470493823e-06,DRIVING,Path clear
62.14925265312195,15.214732156668212,-184.98158264160156,12.698978424072266,-179.92308044433594,0.5,0.0,-2.680403213162208e-06,DRIVING,Path clear
62.17170238494873,15.2199090959596,-185.741455078125,12.697957038879395,-179.9231414794922,0.5,0.0,-1.0252446145386784e-06,DRIVING,Path clear
62.20189380645752,15.225022886440428,-186.50160217285156,12.696938514709473,-179.9231414794922,0.5,0.0,-9.681062920208205e-07,DRIVING,Path clear
62.22432279586792,15.230078059638684,-187.261962890625,12.695919036865234,-179.9231414794922,0.5,0.0,-1.0491773991816444e-06,DRIVING,Path clear
62.25188207626343,15.235077452234117,-188.02259826660156,12.694899559020996,-179.9231414794922,0.5,0.0,-8.322188023157651e-07,DRIVING,Path clear
62.282270669937134,15.240017219325011,-188.783447265625,12.693880081176758,-179.9231414794922,0.5,0.0,-9.008987262859591e-07,DRIVING,Path clear
62.306424617767334,15.244900461349262,-189.54457092285156,12.69286060333252,-179.9232635498047,0.5,0.0,3.394244458831963e-06,DRIVING,Path clear
62.332844495773315,15.249724021240208,-190.305908203125,12.691842079162598,-179.9232635498047,0.5,0.0,3.7707511637563584e-06,DRIVING,Path clear
62.364158630371094,15.254490585839706,-191.06752014160156,12.69082260131836,-179.9232635498047,0.5,0.0,4.005968094134005e-06,DRIVING,Path clear
62.38942313194275,15.259201582529736,-191.829345703125,12.689804077148438,-179.9231414794922,0.5,0.0,3.286824323822657e-07,DRIVING,Path clear
62.418574810028076,15.263859903204755,-192.59144592285156,12.688783645629883,-179.9231414794922,0.5,0.0,4.287897468202573e-07,DRIVING,Path clear
62.456522941589355,15.268462825938398,-193.35374450683594,12.687758445739746,-179.9231414794922,0.5,0.0,1.0875139366817166e-07,DRIVING,Path clear
62.47175645828247,15.273013798371771,-194.11627197265625,12.68673324584961,-179.9231414794922,0.5,0.0,-2.0807767953101575e-07,DRIVING,Path clear
62.50013303756714,15.277511940951067,-194.87904357910156,12.685708045959473,-179.9231414794922,0.5,0.0,-8.09922028111032e-07,DRIVING,Path clear
62.52428197860718,15.281951531520669,-195.64202880859375,12.68468189239502,-179.9231414794922,0.5,0.0,-1.2612842965609161e-06,DRIVING,Path clear
62.554112911224365,15.286340532624777,-196.4052276611328,12.683656692504883,-179.9231414794922,0.5,0.0,-1.5591572264384013e-06,DRIVING,Path clear
62.580517530441284,15.290679043704854,-197.1686553955078,12.682631492614746,-179.9231414794922,0.5,0.0,-1.8538381709731766e-06,DRIVING,Path clear
62.60918164253235,15.294967788357837,-197.9322967529297,12.68160629272461,-179.923095703125,0.5,0.0,-3.3800972687458852e-06,DRIVING,Path clear
62.64606976509094,15.299209225272419,-198.69615173339844,12.680581092834473,-179.923095703125,0.5,0.0,-3.668451881821966e-06,DRIVING,Path clear
62.6692008972168,15.30339970644667,-199.460205078125,12.67955493927002,-179.923095703125,0.5,0.0,-3.803484787567868e-06,DRIVING,Path clear
62.70013403892517,15.307541881482663,-200.2244873046875,12.678528785705566,-179.92320251464844,0.5,0.0,-6.628820869991614e-07,DRIVING,Path clear
62.72894763946533,15.311633858204686,-200.9889678955078,12.67750358581543,-179.92320251464844,0.5,0.0,-6.415202733478509e-07,DRIVING,Path clear
62.76032996177673,15.315676230650979,-201.75363159179688,12.676478385925293,-179.92320251464844,0.5,0.0,-6.201652809068037e-07,DRIVING,Path clear
62.83466601371765,15.319670696443255,-202.5185089111328,12.67545223236084,-179.92320251464844,0.5,0.0,-7.365187002505991e-07,DRIVING,Path clear
62.84939765930176,15.323621391481549,-203.28358459472656,12.674427032470703,-179.92320251464844,0.5,0.0,-4.1820618434940116e-07,DRIVING,Path clear
62.86418104171753,15.327525155537193,-204.04885864257812,12.673401832580566,-179.92320251464844,0.5,0.0,-3.7839308220100065e-07,DRIVING,Path clear
62.892075300216675,15.331385718115357,-204.8143310546875,12.67237663269043,-179.92332458496094,0.5,0.0,3.727334615177824e-06,DRIVING,Path clear
62.920574426651,15.335199898255901,-205.5800018310547,12.671351432800293,-179.92332458496094,0.5,0.0,4.06393883167766e-06,DRIVING,Path clear
62.95106816291809,15.338970748208823,-206.34584045410156,12.67032527923584,-179.92332458496094,0.5,0.0,4.259764409653144e-06,DRIVING,Path clear
62.98030185699463,15.342694899401332,-207.11187744140625,12.66930103302002,-179.92320251464844,0.5,0.0,3.8652191847177164e-07,DRIVING,Path clear
63.00209856033325,15.346374574053208,-207.87808227539062,12.668275833129883,-179.92320251464844,0.5,0.0,7.351997055593529e-07,DRIVING,Path clear
63.028236389160156,15.35001310157434,-208.6444854736328,12.667250633239746,-179.92320251464844,0.5,0.0,1.0868598110391758e-06,DRIVING,Path clear
63.05297923088074,15.353608400300429,-209.41107177734375,12.66622543334961,-179.92320251464844,0.5,0.0,1.7257756326216622e-06,DRIVING,Path clear
63.07908010482788,15.35716115538452,-210.17782592773438,12.665193557739258,-179.92308044433594,0.5,0.0,-2.988174173879088e-06,DRIVING,Path clear
63.115463972091675,15.360674435544155,-210.94476318359375,12.664162635803223,-179.92308044433594,0.5,0.0,-3.486214382064645e-06,DRIVING,Path clear
63.13444495201111,15.364146885198814,-211.7118682861328,12.663130760192871,-179.92308044433594,0.5,0.0,-3.83741780751734e-06,DRIVING,Path clear
63.15907049179077,15.367580280255472,-212.47915649414062,12.66209888458252,-179.92308044433594,0.5,0.0,-4.4695648284687195e-06,DRIVING,Path clear
63.18603587150574,15.370971752397974,-213.24659729003906,12.661073684692383,-179.92320251464844,0.5,0.0,2.5968827799260907e-07,DRIVING,Path clear
63.28534126281738,15.374320937335625,-214.01422119140625,12.660043716430664,-179.92320251464844,0.5,0.0,2.1118732718150568e-07,DRIVING,Path clear
63.296045541763306,15.377630052356352,-214.781982421875,12.659011840820312,-179.92320251464844,0.5,0.0,-4.0839196913111664e-07,DRIVING,Path clear
63.308321475982666,15.380900553463048,-215.54991149902344,12.657980918884277,-179.92320251464844,0.5,0.0,-5.941617473581573e-07,DRIVING,Path clear
63.343271017074585,15.384133834008601,-216.31802368164062,12.656949043273926,-179.92320251464844,0.5,0.0,-6.363782745211211e-07,DRIVING,Path clear
63.3620982170105,15.3873299608993,-217.08628845214844,12.65591812133789,-179.92320251464844,0.5,0.0,-8.128422450681683e-07,DRIVING,Path clear
63.386340856552124,15.390491117222917,-217.85470581054688,12.654886245727539,-179.92320251464844,0.5,0.0,-1.1327316542519839e-06,DRIVING,Path clear
63.4179322719574,15.393613570764185,-218.623291015625,12.653854370117188,-179.92320251464844,0.5,0.0,-1.4463917068496812e-06,DRIVING,Path clear
63.445892572402954,15.39627515175054,-219.39210510253906,12.652823448181152,-179.92327880859375,0.5,0.0,1.2595779708135524e-06,DRIVING,Path clear
63.47280526161194,15.398747193575353,-220.1611328125,12.6517915725708,-179.92327880859375,0.5,0.0,1.0105599130838527e-06,DRIVING,Path clear
63.51150679588318,15.40123861653931,-220.93028259277344,12.650760650634766,-179.92327880859375,0.5,0.0,1.1887437949553714e-06,DRIVING,Path clear
63.555278062820435,15.40375329752632,-221.69960021972656,12.649728775024414,-179.9232635498047,0.5,0.0,4.250084941759269e-07,DRIVING,Path clear
63.588403940200806,15.406110319660979,-222.46896362304688,12.648696899414062,-179.92324829101562,0.5,0.0,-3.347694743638385e-08,DRIVING,Path clear
63.624136209487915,15.408576024271065,-223.23837280273438,12.647665977478027,-179.92323303222656,0.5,0.0,-3.5782258578365145e-07,DRIVING,Path clear
63.65506958961487,15.411005478914772,-224.00787353515625,12.646634101867676,-179.92320251464844,0.5,0.0,-1.3341838211999857e-06,DRIVING,Path clear
63.682815074920654,15.413384043496402,-224.7775115966797,12.64560317993164,-179.92320251464844,0.5,0.0,-1.1438147566877888e-06,DRIVING,Path clear
63.71444916725159,15.415709912822965,-225.54725646972656,12.644571304321289,-179.92320251464844,0.5,0.0,-1.3803902447762084e-06,DRIVING,Path clear
63.75971961021423,15.417992010777638,-226.317138671875,12.643539428710938,-179.92324829101562,0.5,0.0,2.0480048590343358e-07,DRIVING,Path clear
63.78240776062012,15.419855133291069,-227.08718872070312,12.642508506774902,-179.9232635498047,0.5,0.0,9.559649924995028e-07,DRIVING,Path clear
63.81538009643555,15.420894152375794,-227.85751342773438,12.641475677490234,-179.92324829101562,0.5,0.0,4.861933575739386e-07,DRIVING,Path clear
63.85357737541199,15.421972978398019,-228.62799072265625,12.640443801879883,-179.9232177734375,0.5,0.0,-3.5505951245795586e-07,DRIVING,Path clear
63.86912941932678,15.423155475965912,-229.39852905273438,12.639412879943848,-179.92320251464844,0.5,0.0,-5.505600597643934e-07,DRIVING,Path clear
63.981539487838745,15.424138645799442,-230.1691131591797,12.63838005065918,-179.92320251464844,0.5,0.0,-5.086598093839712e-07,DRIVING,Path clear
64.00615501403809,15.425302813895792,-230.93954467773438,12.637348175048828,-179.92320251464844,0.5,0.0,-3.3577782687643776e-07,DRIVING,Path clear
64.01795172691345,15.426509453074209,-231.7099609375,12.636317253112793,-179.9232177734375,0.5,0.0,4.797646511178755e-07,DRIVING,Path clear
64.0575315952301,15.427655207612203,-232.48043823242188,12.635285377502441,-179.92320251464844,0.5,0.0,1.4091052946696436e-07,DRIVING,Path clear
64.07613921165466,15.42873535815387,-233.25099182128906,12.63425350189209,-179.92320251464844,0.5,0.0,3.1988497539714444e-07,DRIVING,Path clear
64.09555220603943,15.429766500915864,-234.02159118652344,12.633223533630371,-179.92320251464844,0.5,0.0,1.0749091643447173e-06,DRIVING,Path clear
64.12913370132446,15.43076241618304,-234.792236328125,12.63219165802002,-179.92320251464844,0.5,0.0,1.2599764431797666e-06,DRIVING,Path clear
64.22020745277405,15.430656037991628,-235.56309509277344,12.631159782409668,-179.92320251464844,0.5,0.0,1.2722704241241445e-06,DRIVING,Path clear
64.22268748283386,15.43044974860621,-236.33409118652344,12.630127906799316,-179.92318725585938,0.5,0.0,1.0716472615968087e-06,DRIVING,Path clear
64.23856091499329,15.430350219475102,-237.10511779785156,12.629096031188965,-179.9231414794922,0.5,0.0,-1.5852037904551253e-07,DRIVING,Path clear
64.27075505256653,15.430355491233612,-237.8761444091797,12.62806510925293,-179.9231414794922,0.5,0.0,2.7121387802253594e-07,DRIVING,Path clear
64.29922461509705,15.430146332979207,-238.64698791503906,12.627033233642578,-179.9231414794922,0.5,0.0,5.792294359707739e-07,DRIVING,Path clear
64.32237577438354,15.43014993953843,-239.41769409179688,12.62600040435791,-179.923095703125,0.5,0.0,-8.034035090531688e-07,DRIVING,Path clear
64.35440397262573,15.430128140843062,-240.1884765625,12.624969482421875,-179.923095703125,0.5,0.0,-3.736656708497321e-07,DRIVING,Path clear
64.38118100166321,15.430055047815932,-240.95919799804688,12.62393856048584,-179.923095703125,0.5,0.0,-2.211915841598966e-07,DRIVING,Path clear
64.41053056716919,15.429944460393482,-241.7299041748047,12.622907638549805,-179.923095703125,0.5,0.0,2.1777758263397118e-07,DRIVING,Path clear
64.43543028831482,15.429807438668744,-242.50057983398438,12.621874809265137,-179.923095703125,0.5,0.0,3.7640850791831326e-07,DRIVING,Path clear
64.46406173706055,15.429055076088916,-243.2713165283203,12.620844841003418,-179.923095703125,0.5,0.0,7.367578973571653e-07,DRIVING,Path clear
64.48643088340759,15.427720264281511,-244.04229736328125,12.61981201171875,-179.92308044433594,0.5,0.0,5.09878475440928e-07,DRIVING,Path clear
64.51614761352539,15.426464565616486,-244.81326293945312,12.618780136108398,-179.92308044433594,0.5,0.0,6.391539386640943e-07,DRIVING,Path clear
64.54514241218567,15.4253341260087,-245.58419799804688,12.617749214172363,-179.92308044433594,0.5,0.0,1.1797911838584696e-06,DRIVING,Path clear
64.5720465183258,15.424072856358345,-246.35494995117188,12.616716384887695,-179.92308044433594,0.5,0.0,1.1596739568631165e-06,DRIVING,Path clear
64.60060214996338,15.422983004830089,-247.12550354003906,12.615683555603027,-179.92308044433594,0.5,0.0,1.4230491842681658e-06,DRIVING,Path clear
64.62360978126526,15.421929053351874,-247.89596557617188,12.614645957946777,-179.9230194091797,0.5,0.0,-1.369582605548203e-06,DRIVING,Path clear
64.66016340255737,15.420839252636023,-248.6663360595703,12.613608360290527,-179.9230194091797,0.5,0.0,-2.121613306371728e-06,DRIVING,Path clear
64.68616890907288,15.419713708194333,-249.4366912841797,12.612576484680176,-179.9230194091797,0.5,0.0,-2.004645921260817e-06,DRIVING,Path clear
64.71111607551575,15.418567531257212,-250.2069854736328,12.61154556274414,-179.9230194091797,0.5,0.0,-1.7443566093788831e-06,DRIVING,Path clear
64.7438600063324,15.41724499563404,-250.97718811035156,12.610513687133789,-179.92308044433594,0.5,0.0,4.194596954221197e-07,DRIVING,Path clear
64.7780692577362,15.414964151298273,-251.74752807617188,12.609480857849121,-179.92308044433594,0.5,0.0,5.070731390333094e-07,DRIVING,Path clear
64.80452871322632,15.412672958274777,-252.51788330078125,12.60844898223877,-179.92308044433594,0.5,0.0,7.349669886025367e-07,DRIVING,Path clear
64.84591627120972,15.410515456306202,-253.28817749023438,12.607418060302734,-179.92308044433594,0.5,0.0,8.133836217893986e-07,DRIVING,Path clear
64.87222909927368,15.408362846827366,-254.058349609375,12.606385231018066,-179.92308044433594,0.5,0.0,8.856525823830452e-07,DRIVING,Path clear
64.90167236328125,15.406216674471379,-254.82823181152344,12.605353355407715,-179.92308044433594,0.5,0.0,8.176336905307835e-07,DRIVING,Path clear
64.93176484107971,15.404225035528093,-255.59793090820312,12.60432243347168,-179.9230194091797,0.5,0.0,-8.732112064535613e-07,DRIVING,Path clear
64.96506714820862,15.402224093902094,-256.36749267578125,12.603290557861328,-179.92300415039062,0.5,0.0,-1.4652521258540219e-06,DRIVING,Path clear
64.9891049861908,15.40019268473657,-257.136962890625,12.602259635925293,-179.92300415039062,0.5,0.0,-1.4052650385565357e-06,DRIVING,Path clear
65.01545000076294,15.398145610245814,-257.90631103515625,12.601228713989258,-179.92303466796875,0.5,0.0,-3.2801588645270385e-07,DRIVING,Path clear
65.04175853729248,15.396094703546497,-258.6755676269531,12.600197792053223,-179.92308044433594,0.5,0.0,1.2640342674785643e-06,DRIVING,Path clear
65.06508040428162,15.393410826639167,-259.44482421875,12.599164962768555,-179.9230194091797,0.5,0.0,-9.295358722738456e-07,DRIVING,Path clear
65.0917067527771,15.390202835686805,-260.2141418457031,12.598133087158203,-179.9230194091797,0.5,0.0,-8.896706162886403e-07,DRIVING,Path clear
65.12707209587097,15.387116338095838,-260.9833679199219,12.597102165222168,-179.92308044433594,0.5,0.0,1.3096973816573154e-06,DRIVING,Path clear
65.15006899833679,15.38417723904864,-261.75244140625,12.5960693359375,-179.9230194091797,0.5,0.0,-1.1400966286601033e-06,DRIVING,Path clear
65.17317748069763,15.38106126112874,-262.5212707519531,12.595037460327148,-179.9230194091797,0.5,0.0,-1.112579639084288e-06,DRIVING,Path clear
65.19900727272034,15.378207145714255,-263.2897644042969,12.594006538391113,-179.92308044433594,0.5,0.0,7.750665531602863e-07,DRIVING,Path clear
65.22407221794128,15.375392692038213,-264.05810546875,12.592974662780762,-179.92308044433594,0.5,0.0,4.90788295337552e-07,DRIVING,Path clear
65.24911165237427,15.372557899387063,-264.8262939453125,12.59194278717041,-179.9230194091797,0.5,0.0,-1.8342277599003864e-06,DRIVING,Path clear
65.27832174301147,15.369710112424727,-265.5943298339844,12.590911865234375,-179.9230194091797,0.5,0.0,-1.9750470983126434e-06,DRIVING,Path clear
65.30436515808105,15.366860593619784,-266.3622131347656,12.589879989624023,-179.92308044433594,0.5,0.0,-2.3116551517432526e-07,DRIVING,Path clear
65.34015226364136,15.363852789861594,-267.1300048828125,12.588849067687988,-179.92308044433594,0.5,0.0,-6.469677487075387e-07,DRIVING,Path clear
65.3591320514679,15.359877798461225,-267.8978271484375,12.587817192077637,-179.92308044433594,0.5,0.0,-8.143629202095326e-07,DRIVING,Path clear
65.39259314537048,15.355961138637346,-268.66558837890625,12.586784362792969,-179.92308044433594,0.5,0.0,-1.4251460243031033e-06,DRIVING,Path clear
65.4102988243103,15.352200193337588,-269.43316650390625,12.585752487182617,-179.92308044433594,0.5,0.0,-1.904766463667329e-06,DRIVING,Path clear
65.438068151474,15.348349627426291,-270.20050048828125,12.584721565246582,-179.92308044433594,0.5,0.0,-2.240821913801483e-06,DRIVING,Path clear
65.46230363845825,15.34466894198852,-270.9674987792969,12.583691596984863,-179.9231414794922,0.5,0.0,-4.049116455462354e-07,DRIVING,Path clear
65.48648834228516,15.341120643060691,-271.7342224121094,12.58266544342041,-179.9231414794922,0.5,0.0,-4.707502299083899e-08,DRIVING,Path clear
65.51288938522339,15.337574685845489,-272.5007629394531,12.581640243530273,-179.9231414794922,0.5,0.0,1.670921960794658e-07,DRIVING,Path clear
65.54052519798279,15.33401709131694,-273.26708984375,12.580615043640137,-179.9231414794922,0.5,0.0,6.750721581738617e-07,DRIVING,Path clear
65.56641221046448,15.330465005489947,-274.03326416015625,12.57958984375,-179.9231414794922,0.5,0.0,8.894006668924703e-07,DRIVING,Path clear
65.59615445137024,15.326927115079606,-274.7992858886719,12.578564643859863,-179.9231414794922,0.5,0.0,1.3852718439011369e-06,DRIVING,Path clear
65.62780141830444,15.32258673109296,-275.565185546875,12.57753849029541,-179.9231414794922,0.5,0.0,1.2485222669056384e-06,DRIVING,Path clear
65.66097617149353,15.317934740942896,-276.3310546875,12.576513290405273,-179.923095703125,0.5,0.0,4.838340927904028e-08,DRIVING,Path clear
65.67778944969177,15.313426311904175,-277.0968017578125,12.575488090515137,-179.92308044433594,0.5,0.0,-1.405653478059321e-07,DRIVING,Path clear
65.70558142662048,15.309077267445613,-277.8623046875,12.574462890625,-179.92308044433594,0.5,0.0,-1.3336972415345372e-07,DRIVING,Path clear
65.73406744003296,15.304583891871916,-278.6274719238281,12.57343578338623,-179.92308044433594,0.5,0.0,-1.1380348041711841e-07,DRIVING,Path clear
65.75824046134949,15.300348077473124,-279.39227294921875,12.572410583496094,-179.92308044433594,0.5,0.0,-1.1278593348151844e-07,DRIVING,Path clear
65.7870717048645,15.296166070092639,-280.15679931640625,12.571385383605957,-179.92308044433594,0.5,0.0,-1.1795422949489875e-07,DRIVING,Path clear
65.81240653991699,15.291979755843187,-280.921142578125,12.57036018371582,-179.92308044433594,0.5,0.0,-1.2931141668559576e-07,DRIVING,Path clear
65.84180784225464,15.287793381397416,-281.6852722167969,12.569334030151367,-179.92308044433594,0.5,0.0,-5.6664185876798e-07,DRIVING,Path clear
65.86704635620117,15.283625149369817,-282.4491882324219,12.56830883026123,-179.92308044433594,0.5,0.0,-5.780764809060202e-07,DRIVING,Path clear
65.89419531822205,15.279308914481824,-283.212890625,12.567283630371094,-179.92308044433594,0.5,0.0,-8.591492246523558e-07,DRIVING,Path clear
65.92308473587036,15.274033730178699,-283.9765930175781,12.566258430480957,-179.92308044433594,0.5,0.0,-1.0474816463101888e-06,DRIVING,Path clear
65.94742131233215,15.268840333830772,-284.74017333984375,12.56523323059082,-179.92308044433594,0.5,0.0,-1.2420825896697352e-06,DRIVING,Path clear
65.97423934936523,15.263822105133912,-285.5035095214844,12.56420612335205,-179.92308044433594,0.5,0.0,-1.7437139376852429e-06,DRIVING,Path clear
66.00008177757263,15.258728737457027,-286.2665710449219,12.563180923461914,-179.923095703125,0.5,0.0,-1.436101001672796e-06,DRIVING,Path clear
66.02619647979736,15.253817411619888,-287.0291748046875,12.562155723571777,-179.9231414794922,0.5,0.0,-4.245758589149773e-07,DRIVING,Path clear
66.05578565597534,15.249053849185357,-287.7914733886719,12.561136245727539,-179.9231414794922,0.5,0.0,-8.587010569272024e-08,DRIVING,Path clear
66.08090496063232,15.244306397679535,-288.553466796875,12.5601167678833,-179.9231414794922,0.5,0.0,2.529634173242812e-07,DRIVING,Path clear
66.10834217071533,15.239559528470187,-289.31524658203125,12.559097290039062,-179.9231414794922,0.5,0.0,5.919247314523091e-07,DRIVING,Path clear
66.13076376914978,15.234831728646062,-290.0767822265625,12.55807876586914,-179.9231414794922,0.5,0.0,1.0691697980291792e-06,DRIVING,Path clear
66.15755701065063,15.230133462255507,-290.83807373046875,12.557059288024902,-179.9231414794922,0.5,0.0,1.1134480928376433e-06,DRIVING,Path clear
66.18607687950134,15.224664247430479,-291.5992431640625,12.556039810180664,-179.9231414794922,0.5,0.0,1.2383670764393173e-06,DRIVING,Path clear
66.22208523750305,15.218878397894917,-292.3603515625,12.555020332336426,-179.923095703125,0.5,0.0,-1.3151957034551742e-07,DRIVING,Path clear
66.24107384681702,15.213245423021027,-293.1212158203125,12.553999900817871,-179.92308044433594,0.5,0.0,-6.471770461757842e-07,DRIVING,Path clear
66.26740145683289,15.207786669299816,-293.8818054199219,12.552980422973633,-179.923095703125,0.5,0.0,-1.9695175268452658e-08,DRIVING,Path clear
66.29988408088684,15.20217308462492,-294.6419982910156,12.551960945129395,-179.92308044433594,0.5,0.0,-6.798724712098192e-07,DRIVING,Path clear
66.3220763206482,15.196856322315567,-295.40179443359375,12.550942420959473,-179.923095703125,0.5,0.0,7.980765559523206e-08,DRIVING,Path clear
66.35114789009094,15.191607846431069,-296.1612548828125,12.549922943115234,-179.92308044433594,0.5,0.0,-6.176774718369415e-07,DRIVING,Path clear
66.37665009498596,15.186369148826628,-296.92041015625,12.548903465270996,-179.92308044433594,0.5,0.0,-1.0958798384308466e-06,DRIVING,Path clear
66.40533494949341,15.181141998581166,-297.67938232421875,12.547883987426758,-179.92308044433594,0.5,0.0,-1.2849563972849865e-06,DRIVING,Path clear
66.43106722831726,15.17594115982319,-298.4380187988281,12.54686450958252,-179.923095703125,0.5,0.0,-9.716980002849596e-07,DRIVING,Path clear
66.45920920372009,15.170616485403094,-299.1964416503906,12.545845985412598,-179.923095703125,0.5,0.0,-1.2932298432133393e-06,DRIVING,Path clear
66.49093580245972,15.164381153719242,-299.95477294921875,12.544825553894043,-179.9231414794922,0.5,0.0,-2.9775955567856727e-07,DRIVING,Path clear
66.51923155784607,15.158187641295498,-300.7129211425781,12.543807983398438,-179.9231414794922,0.5,0.0,-6.774201892767451e-07,DRIVING,Path clear
66.54294729232788,15.152172456572034,-301.4707946777344,12.542794227600098,-179.9231414794922,0.5,0.0,-2.0693603630661528e-07,DRIVING,Path clear
66.59497356414795,15.146205673556029,-302.2283630371094,12.541780471801758,-179.9231414794922,0.5,0.0,2.575551718564384e-07,DRIVING,Path clear
66.6079614162445,15.140263789926363,-302.98541259765625,12.540767669677734,-179.9231414794922,0.5,0.0,5.711478934244951e-07,DRIVING,Path clear
66.64107728004456,15.134553035105109,-303.7420959472656,12.539753913879395,-179.9231414794922,0.5,0.0,7.150640612962889e-07,DRIVING,Path clear
66.66009020805359,15.128873590119305,-304.49847412109375,12.538741111755371,-179.9231414794922,0.5,0.0,7.140819775486307e-07,DRIVING,Path clear
66.67603015899658,15.123207707995972,-305.25457763671875,12.537728309631348,-179.9231414794922,0.5,0.0,1.0030914836534066e-06,DRIVING,Path clear
66.7037844657898,15.117565741051077,-306.0103759765625,12.536714553833008,-179.923095703125,0.5,0.0,-6.687337190669496e-07,DRIVING,Path clear
66.73751091957092,15.111959103655982,-306.76593017578125,12.535701751708984,-179.92311096191406,0.5,0.0,-1.6728706953017536e-07,DRIVING,Path clear
66.84611535072327,15.105821401199018,-307.5212097167969,12.534687995910645,-179.923095703125,0.5,0.0,-7.783491469126602e-07,DRIVING,Path clear
66.85441970825195,15.099153756080423,-308.27642822265625,12.533675193786621,-179.92311096191406,0.5,0.0,-1.772209685668713e-07,DRIVING,Path clear
66.87924122810364,15.092624961732326,-309.0313720703125,12.532662391662598,-179.923095703125,0.5,0.0,-8.836423148750328e-07,DRIVING,Path clear
66.90707850456238,15.086282157855498,-309.7859802246094,12.531647682189941,-179.923095703125,0.5,0.0,-1.4031312502993387e-06,DRIVING,Path clear
66.9335412979126,15.079831355129183,-310.5402526855469,12.530634880065918,-179.9231414794922,0.5,0.0,-8.780681781672683e-08,DRIVING,Path clear
66.97613096237183,15.073638196967574,-311.2939758300781,12.529621124267578,-179.9231414794922,0.5,0.0,-4.686953047894349e-07,DRIVING,Path clear
66.98928427696228,15.067562410419672,-312.0473327636719,12.528608322143555,-179.9231414794922,0.5,0.0,-1.0137981689695152e-06,DRIVING,Path clear
67.02626085281372,15.06151038159916,-312.8004150390625,12.52760124206543,-179.9231414794922,0.5,0.0,-3.963419885621988e-07,DRIVING,Path clear
67.0585994720459,15.055476962324281,-313.55316162109375,12.526594161987305,-179.9231414794922,0.5,0.0,-6.936355845255093e-08,DRIVING,Path clear
67.07561373710632,15.04947409122428,-314.30560302734375,12.52558708190918,-179.9231414794922,0.5,0.0,-3.931543091084677e-08,DRIVING,Path clear
67.11317491531372,15.043521369231849,-315.05780029296875,12.524580001831055,-179.9231414794922,0.5,0.0,2.8166152787889587e-07,DRIVING,Path clear
67.21136522293091,15.036756265218063,-315.80975341796875,12.52357292175293,-179.9231414794922,0.5,0.0,3.930102536742197e-07,DRIVING,Path clear
67.21973156929016,15.029757206844403,-316.5615539550781,12.522564888000488,-179.9231414794922,0.5,0.0,3.776277992528776e-07,DRIVING,Path clear
67.23256254196167,15.022936445002992,-317.3130798339844,12.521557807922363,-179.9231414794922,0.5,0.0,4.953138272867363e-07,DRIVING,Path clear
67.2619731426239,15.016302040256662,-318.0642395019531,12.520550727844238,-179.9231414794922,0.5,0.0,5.943076075709541e-07,DRIVING,Path clear
67.29182720184326,15.009560132528348,-318.81494140625,12.519543647766113,-179.9231414794922,0.5,0.0,4.0829894487615093e-07,DRIVING,Path clear
67.31606864929199,15.003085040540508,-319.565185546875,12.518536567687988,-179.9231414794922,0.5,0.0,1.9717226962256973e-07,DRIVING,Path clear
67.34206652641296,14.996678745486664,-320.3150329589844,12.517529487609863,-179.923095703125,0.5,0.0,-1.546198177493352e-06,DRIVING,Path clear
67.37403893470764,14.990296464601094,-321.0645751953125,12.516522407531738,-179.923095703125,0.5,0.0,-1.7638011513554375e-06,DRIVING,Path clear
67.4006838798523,14.98394104601113,-321.8138122558594,12.515515327453613,-179.9231414794922,0.5,0.0,-7.472457923540787e-07,DRIVING,Path clear
67.4242582321167,14.977634092440747,-322.5627136230469,12.514508247375488,-179.9231414794922,0.5,0.0,-9.839210406425991e-07,DRIVING,Path clear
67.45313167572021,14.97121102790961,-323.3113098144531,12.513506889343262,-179.9231414794922,0.5,0.0,-6.121641149547941e-07,DRIVING,Path clear
67.47971439361572,14.963888115265272,-324.0597839355469,12.512504577636719,-179.92318725585938,0.5,0.0,9.355854331261071e-07,DRIVING,Path clear
67.50724744796753,14.956627887784526,-324.8079833984375,12.511503219604492,-179.92318725585938,0.5,0.0,1.3890961554352543e-06,DRIVING,Path clear
67.53724265098572,14.949560483851652,-325.5558776855469,12.510502815246582,-179.9231414794922,0.5,0.0,1.4591439878586243e-07,DRIVING,Path clear
67.56570267677307,14.94255799720669,-326.30340576171875,12.509500503540039,-179.9231414794922,0.5,0.0,1.3667876430645265e-07,DRIVING,Path clear
67.64063382148743,14.935569234507422,-327.0503845214844,12.508499145507812,-179.9231414794922,0.5,0.0,-1.8649148003646587e-08,DRIVING,Path clear
67.66392254829407,14.928837115357831,-327.79693603515625,12.507498741149902,-179.9231414794922,0.5,0.0,2.3295379492083157e-07,DRIVING,Path clear
67.71648573875427,14.922152551180858,-328.5430908203125,12.506497383117676,-179.9231414794922,0.5,0.0,4.6194958969181243e-08,DRIVING,Path clear
67.72321581840515,14.915492106743855,-329.2889099121094,12.505496978759766,-179.9231414794922,0.5,0.0,-7.353511133345592e-10,DRIVING,Path clear
67.75200462341309,14.908868497631028,-330.0343933105469,12.504495620727539,-179.9231414794922,0.5,0.0,-1.9393458217109583e-07,DRIVING,Path clear
67.7831015586853,14.902293065562676,-330.7795715332031,12.503494262695312,-179.923095703125,0.5,0.0,-2.218237113993382e-06,DRIVING,Path clear
67.80560755729675,14.895403375866202,-331.5244445800781,12.502493858337402,-179.9231414794922,0.5,0.0,-1.0070518783322768e-06,DRIVING,Path clear
67.8303337097168,14.887779154799446,-332.2691650390625,12.501492500305176,-179.9231414794922,0.5,0.0,-1.3929308124716044e-06,DRIVING,Path clear
67.85712838172913,14.880300343552397,-333.01361083984375,12.500497817993164,-179.9231414794922,0.5,0.0,-7.730080824330798e-07,DRIVING,Path clear
67.88426804542542,14.87301763922188,-333.7576904296875,12.49950122833252,-179.92318725585938,0.5,0.0,7.747740369268286e-07,DRIVING,Path clear
67.90924334526062,14.865693034447423,-334.50140380859375,12.498506546020508,-179.92318725585938,0.5,0.0,1.3826806934957858e-06,DRIVING,Path clear
67.93735527992249,14.858559864965171,-335.2445373535156,12.497511863708496,-179.92318725585938,0.5,0.0,1.6789916799098137e-06,DRIVING,Path clear
67.96612000465393,14.851591008134708,-335.9872131347656,12.496517181396484,-179.9231414794922,0.5,0.0,1.3755287397998472e-07,DRIVING,Path clear
67.98927974700928,14.844662890589518,-336.7294921875,12.495522499084473,-179.9231414794922,0.5,0.0,-1.432213048246922e-05,DRIVING,Path clear
68.01481032371521,14.837763722041064,-337.4714660644531,12.494526863098145,-179.92320251464844,0.5,0.0,-0.00017180245777126402,DRIVING,Path clear
68.04183840751648,14.83090116150951,-338.2131042480469,12.493549346923828,-179.92404174804688,0.5,0.0,-0.0004624650755431503,DRIVING,Path clear
68.0677695274353,14.824094617960705,-338.9544372558594,12.492618560791016,-179.92698669433594,0.5,0.0,-0.0008516368106938899,DRIVING,Path clear
68.09311771392822,14.816323138864949,-339.6954650878906,12.491778373718262,-179.9334259033203,0.5,0.0,-0.0012756497599184513,DRIVING,Path clear
68.11977458000183,14.807690671874989,-340.4364318847656,12.49108600616455,-179.94461059570312,0.5,0.0,-0.001681142020970583,DRIVING,Path clear
68.14208769798279,14.799292936445088,-341.1770935058594,12.490595817565918,-179.96102905273438,0.5,0.0,-0.0019343746826052666,DRIVING,Path clear
68.16953730583191,14.791179993140753,-341.9173278808594,12.490352630615234,-179.9821014404297,0.5,0.0,-0.001994568854570389,DRIVING,Path clear
68.19607257843018,14.782843287934817,-342.6571044921875,12.490384101867676,179.9936065673828,0.5,0.0,-0.0019055649172514677,DRIVING,Path clear
68.21966433525085,14.774902766235309,-343.3960876464844,12.49070930480957,179.9680633544922,0.5,0.0,-0.001729663577862084,DRIVING,Path clear
68.24644494056702,14.76714256138044,-344.1346130371094,12.49131965637207,179.9428253173828,0.5,0.0,-0.0015203177463263273,DRIVING,Path clear
68.26931595802307,14.759390413042109,-344.8726806640625,12.492202758789062,179.91903686523438,0.5,0.0,-0.0013172532198950648,DRIVING,Path clear
68.29826307296753,14.751645405370422,-345.6103820800781,12.493345260620117,179.8974151611328,0.5,0.0,-0.0011466555297374725,DRIVING,Path clear
68.32711601257324,14.743929599924485,-346.3476867675781,12.494729042053223,179.8780975341797,0.5,0.0,-0.0010155837517231703,DRIVING,Path clear
68.35244965553284,14.736260960846938,-347.08465576171875,12.496334075927734,179.86102294921875,0.5,0.0,-0.0009256202029064298,DRIVING,Path clear
68.38098168373108,14.728655897677873,-347.8211975097656,12.49814510345459,179.8457489013672,0.5,0.0,-0.0008637119317427278,DRIVING,Path clear
68.41006660461426,14.721122346454774,-348.557373046875,12.50014877319336,179.83192443847656,0.5,0.0,-0.0008204852347262204,DRIVING,Path clear
68.43513607978821,14.713665656434467,-349.2931823730469,12.502327919006348,179.81915283203125,0.5,0.0,-0.0007853076094761491,DRIVING,Path clear
68.46335172653198,14.706282382687379,-350.0286560058594,12.504677772521973,179.80715942382812,0.5,0.0,-0.0007497622864320874,DRIVING,Path clear
68.49006247520447,14.698982787142587,-350.76373291015625,12.507184028625488,179.79583740234375,0.5,0.0,-0.0007124285330064595,DRIVING,Path clear
68.51916527748108,14.691766610524866,-351.49847412109375,12.509836196899414,179.7851104736328,0.5,0.0,-0.0006723700789734721,DRIVING,Path clear
68.54706883430481,14.684639812024443,-352.23284912109375,12.512621879577637,179.77493286132812,0.5,0.0,-0.0006296333740465343,DRIVING,Path clear
68.57258653640747,14.677595277044524,-352.9668273925781,12.515538215637207,179.76536560058594,0.5,0.0,-0.0005872788606211543,DRIVING,Path clear
68.61597609519958,14.670632477391692,-353.70050048828125,12.518574714660645,179.75640869140625,0.5,0.0,-0.0005465877475216985,DRIVING,Path clear
68.64909195899963,14.663749539139536,-354.4338073730469,12.521721839904785,179.74798583984375,0.5,0.0,-0.0005062164273113012,DRIVING,Path clear
68.68216514587402,14.656952026048092,-355.166748046875,12.524971961975098,179.74014282226562,0.5,0.0,-0.0004691003414336592,DRIVING,Path clear
68.71429657936096,14.650232312613733,-355.89935302734375,12.52831745147705,179.73287963867188,0.5,0.0,-0.0004366926441434771,DRIVING,Path clear
68.75309443473816,14.643593261566355,-356.6316833496094,12.531753540039062,179.7261505126953,0.5,0.0,-0.00040762306889519095,DRIVING,Path clear
68.78049802780151,14.637028218451297,-357.3636169433594,12.535273551940918,179.71983337402344,0.5,0.0,-0.00037945093936286867,DRIVING,Path clear
68.81368017196655,14.63054001216181,-358.09527587890625,12.53886890411377,179.7139892578125,0.5,0.0,-0.0003418218402657658,DRIVING,Path clear
68.84140753746033,14.622881931690854,-358.8267517089844,12.542537689208984,179.70855712890625,0.5,0.0,-0.0003205040411558002,DRIVING,Path clear
68.8762104511261,14.614919631610704,-359.55804443359375,12.546270370483398,179.70359802246094,0.5,0.0,-0.0003049685328733176,DRIVING,Path clear
68.90718078613281,14.607133244209102,-360.28900146484375,12.550067901611328,179.69891357421875,0.5,0.0,-0.00028822055901400745,DRIVING,Path clear
68.93829655647278,14.599593248479415,-361.01959228515625,12.553924560546875,179.6945343017578,0.5,0.0,-0.0002721778582781553,DRIVING,Path clear
68.98799276351929,14.591858937641092,-361.7496643066406,12.557841300964355,179.6904296875,0.5,0.0,-0.00025582086527720094,DRIVING,Path clear
69.00820398330688,14.584703197462458,-362.47906494140625,12.561842918395996,179.68655395507812,0.5,0.0,-0.000233123850193806,DRIVING,Path clear
69.03208541870117,14.57772242266936,-363.2080078125,12.565824508666992,179.68310546875,0.5,0.0,-0.00022719621483702213,DRIVING,Path clear
69.07511949539185,14.57074121081946,-363.9365234375,12.569847106933594,179.67994689941406,0.5,0.0,-0.00022429620730690658,DRIVING,Path clear
69.08958625793457,14.563760619493454,-364.6647644042969,12.573918342590332,179.6769256591797,0.5,0.0,-0.00021849600307177752,DRIVING,Path clear
69.11566138267517,14.556823954782612,-365.39263916015625,12.57806396484375,179.6739501953125,0.5,0.0,-0.0002020846150116995,DRIVING,Path clear
69.15681505203247,14.54992080133703,-366.1202392578125,12.58220100402832,179.67100524902344,0.5,0.0,-0.00018774830095935613,DRIVING,Path clear
69.1697678565979,14.543068395617604,-366.8475036621094,12.586362838745117,179.6681671142578,0.5,0.0,-0.00017283570196013898,DRIVING,Path clear
69.19515204429626,14.536292359704737,-367.57440185546875,12.59056282043457,179.66555786132812,0.5,0.0,-0.00015963026089593768,DRIVING,Path clear
69.24676942825317,14.52960340175259,-368.3010559082031,12.594794273376465,179.66310119628906,0.5,0.0,-0.00014602889132220298,DRIVING,Path clear
69.3699095249176,14.522871539601361,-369.02734375,12.599034309387207,179.660888671875,0.5,0.0,-0.0001389689277857542,DRIVING,Path clear
69.38056540489197,14.516041378442171,-369.7532653808594,12.603324890136719,179.65875244140625,0.5,0.0,-0.00012637377949431539,DRIVING,Path clear
69.39207530021667,14.509305607558119,-370.4789733886719,12.607648849487305,179.65667724609375,0.5,0.0,-0.00011031788744730875,DRIVING,Path clear
69.4309492111206,14.502684422203226,-371.2043151855469,12.611995697021484,179.6548309326172,0.5,0.0,-9.796871017897502e-05,DRIVING,Path clear
69.4490749835968,14.496112187573596,-371.9293212890625,12.616342544555664,179.65313720703125,0.5,0.0,-9.043484169524163e-05,DRIVING,Path clear
69.4766891002655,14.489683966787982,-372.6539306640625,12.620728492736816,179.6516571044922,0.5,0.0,-8.359373168786988e-05,DRIVING,Path clear
69.50024199485779,14.483472508746116,-373.3782043457031,12.62519359588623,179.65029907226562,0.5,0.0,-6.8051325797569e-05,DRIVING,Path clear
69.53413391113281,14.477466588894671,-374.10211181640625,12.629591941833496,179.6492462158203,0.5,0.0,-7.305508916033432e-05,DRIVING,Path clear
69.55304741859436,14.47149415418344,-374.82568359375,12.633986473083496,179.64845275878906,0.5,0.0,-8.66958434926346e-05,DRIVING,Path clear
69.5771689414978,14.465526878385512,-375.5489807128906,12.638402938842773,179.6476593017578,0.5,0.0,-9.660437353886664e-05,DRIVING,Path clear
69.60920643806458,14.459399810749419,-376.2720642089844,12.642807006835938,179.64666748046875,0.5,0.0,-0.00010197297524427995,DRIVING,Path clear
69.63606762886047,14.453172977154933,-376.9949035644531,12.647265434265137,179.64532470703125,0.5,0.0,-8.6605352407787e-05,DRIVING,Path clear
69.74322271347046,14.446995387096896,-377.7174987792969,12.651738166809082,179.6437530517578,0.5,0.0,-6.135843432275578e-05,DRIVING,Path clear
69.75328516960144,14.440941631806128,-378.43975830078125,12.656221389770508,179.64227294921875,0.5,0.0,-3.688159631565213e-05,DRIVING,Path clear
69.76898384094238,14.434937906416645,-379.1617126464844,12.660670280456543,179.64114379882812,0.5,0.0,-2.948224573628977e-05,DRIVING,Path clear
69.7999017238617,14.429012644129376,-379.88330078125,12.665170669555664,179.64036560058594,0.5,0.0,-2.5385827029822394e-05,DRIVING,Path clear
69.83234429359436,14.423208959089198,-380.60455322265625,12.669709205627441,179.63978576660156,0.5,0.0,-2.1587729861494154e-05,DRIVING,Path clear
69.85177803039551,14.417461157935433,-381.3255310058594,12.674248695373535,179.6393585205078,0.5,0.0,-2.24056129809469e-05,DRIVING,Path clear
69.87521576881409,14.41176208383314,-382.0462341308594,12.678789138793945,179.63900756835938,0.5,0.0,-2.5326047762064263e-05,DRIVING,Path clear
69.90212678909302,14.406116552832607,-382.7666015625,12.683328628540039,179.638671875,0.5,0.0,-2.855234379239846e-05,DRIVING,Path clear
69.93245077133179,14.400524553877258,-383.4867248535156,12.687870979309082,179.63827514648438,0.5,0.0,-2.9004329917370342e-05,DRIVING,Path clear
69.95578575134277,14.39499936079627,-384.20654296875,12.69241714477539,179.63790893554688,0.5,0.0,-2.952338763861917e-05,DRIVING,Path clear
69.98217153549194,14.389532385488188,-384.9261169433594,12.696964263916016,179.6374969482422,0.5,0.0,-2.8372944143484347e-05,DRIVING,Path clear
70.01097226142883,14.384129310861317,-385.6454162597656,12.701516151428223,179.63714599609375,0.5,0.0,-2.815626430674456e-05,DRIVING,Path clear
